{"code":"FORBIDDEN","level":"error","message":"PUT /api/v1/events/7 - Error: Forbidden: Only the event creator can edit this event.","service":"event-planner-api","stack":"Error: Forbidden: Only the event creator can edit this event.\n    at EventService.updateEvent (/home/kritan/Documents/Personal Projects/lf_assessment/backend/src/services/event.service.ts:436:26)\n    at processTicksAndRejections (node:internal/process/task_queues:104:5)\n    at updateEvent (/home/kritan/Documents/Personal Projects/lf_assessment/backend/src/controllers/event.controller.ts:42:21)","statusCode":403,"timestamp":"2026-08-19 10:10:44"}
{"code":"EMAIL_EXISTS","level":"error","message":"POST /api/v1/auth/register - Error: An account with this email address already exists.","service":"event-planner-api","stack":"Error: An account with this email address already exists.\n    at AuthService.register (/home/kritan/Documents/Personal Projects/lf_assessment/backend/src/services/auth.service.ts:16:26)\n    at processTicksAndRejections (node:internal/process/task_queues:104:5)\n    at register (/home/kritan/Documents/Personal Projects/lf_assessment/backend/src/controllers/auth.controller.ts:8:22)","statusCode":409,"timestamp":"2026-08-19 10:10:45"}
{"code":"INVALID_CREDENTIALS","level":"error","message":"POST /api/v1/auth/login - Error: Invalid email or password.","service":"event-planner-api","stack":"Error: Invalid email or password.\n    at AuthService.login (/home/kritan/Documents/Personal Projects/lf_assessment/backend/src/services/auth.service.ts:77:26)\n    at login (/home/kritan/Documents/Personal Projects/lf_assessment/backend/src/controllers/auth.controller.ts:17:22)","statusCode":401,"timestamp":"2026-08-19 10:10:46"}
{"code":"FORBIDDEN","level":"error","message":"PUT /api/v1/events/7 - Error: Forbidden: Only the event creator can edit this event.","service":"event-planner-api","stack":"Error: Forbidden: Only the event creator can edit this event.\n    at EventService.updateEvent (/home/kritan/Documents/Personal Projects/lf_assessment/backend/src/services/event.service.ts:438:26)\n    at processTicksAndRejections (node:internal/process/task_queues:104:5)\n    at updateEvent (/home/kritan/Documents/Personal Projects/lf_assessment/backend/src/controllers/event.controller.ts:42:21)","statusCode":403,"timestamp":"2026-08-19 10:11:36"}
{"code":"EMAIL_EXISTS","level":"error","message":"POST /api/v1/auth/register - Error: An account with this email address already exists.","service":"event-planner-api","stack":"Error: An account with this email address already exists.\n    at AuthService.register (/home/kritan/Documents/Personal Projects/lf_assessment/backend/src/services/auth.service.ts:16:26)\n    at processTicksAndRejections (node:internal/process/task_queues:104:5)\n    at register (/home/kritan/Documents/Personal Projects/lf_assessment/backend/src/controllers/auth.controller.ts:8:22)","statusCode":409,"timestamp":"2026-08-19 10:11:37"}
{"code":"INVALID_CREDENTIALS","level":"error","message":"POST /api/v1/auth/login - Error: Invalid email or password.","service":"event-planner-api","stack":"Error: Invalid email or password.\n    at AuthService.login (/home/kritan/Documents/Personal Projects/lf_assessment/backend/src/services/auth.service.ts:77:26)\n    at login (/home/kritan/Documents/Personal Projects/lf_assessment/backend/src/controllers/auth.controller.ts:17:22)","statusCode":401,"timestamp":"2026-08-19 10:11:37"}
{"level":"info","message":"Starting Event Planning API server in development mode...","service":"event-planner-api","timestamp":"2026-08-19 10:16:15"}
{"level":"info","message":"✅ Database connected successfully (mysql2)","service":"event-planner-api","timestamp":"2026-08-19 10:16:15"}
{"level":"info","message":"🚀 Server running on http://localhost:5000","service":"event-planner-api","timestamp":"2026-08-19 10:16:15"}
{"level":"info","message":"📚 Swagger API Docs available at http://localhost:5000/api-docs","service":"event-planner-api","timestamp":"2026-08-19 10:16:15"}
{"level":"info","message":"⚡ API endpoints live at http://localhost:5000/api/v1","service":"event-planner-api","timestamp":"2026-08-19 10:16:15"}
{"level":"info","message":"GET /api/v1/health 200 84 - 3.327 ms","service":"event-planner-api","timestamp":"2026-08-19 10:17:09"}
{"level":"info","message":"GET /api/v1/events/metrics 200 140 - 15.320 ms","service":"event-planner-api","timestamp":"2026-08-19 10:17:09"}
{"level":"info","message":"GET /api/v1/events?limit=2 200 1913 - 15.846 ms","service":"event-planner-api","timestamp":"2026-08-19 10:17:09"}
{"level":"info","message":"GET /api/v1/bonus/q1 200 1374 - 3.193 ms","service":"event-planner-api","timestamp":"2026-08-19 10:17:16"}
{"level":"info","message":"GET /api/v1/bonus/q4 200 3916 - 4.130 ms","service":"event-planner-api","timestamp":"2026-08-19 10:17:16"}
{"level":"info","message":"Starting Event Planning API server in development mode...","service":"event-planner-api","timestamp":"2026-08-19 10:18:03"}
{"level":"info","message":"✅ Database connected successfully (mysql2)","service":"event-planner-api","timestamp":"2026-08-19 10:18:03"}
{"level":"info","message":"Gracefully shutting down server...","service":"event-planner-api","timestamp":"2026-08-19 10:18:04"}
{"level":"info","message":"GET /api/v1/tags 200 502 - 8.253 ms","service":"event-planner-api","timestamp":"2026-08-19 10:18:20"}
{"level":"info","message":"GET /api/v1/tags 304 - - 5.422 ms","service":"event-planner-api","timestamp":"2026-08-19 10:18:20"}
{"level":"info","message":"GET /api/v1/events?page=1&limit=9&search=&timeframe=all&event_type=all&sort_by=date 200 4678 - 26.643 ms","service":"event-planner-api","timestamp":"2026-08-19 10:18:20"}
{"level":"info","message":"GET /api/v1/events/metrics 200 140 - 36.829 ms","service":"event-planner-api","timestamp":"2026-08-19 10:18:20"}
{"level":"info","message":"GET /api/v1/events?page=1&limit=9&search=&timeframe=all&event_type=all&sort_by=date 304 - - 12.082 ms","service":"event-planner-api","timestamp":"2026-08-19 10:18:20"}
{"level":"info","message":"GET /api/v1/events/metrics 304 - - 13.188 ms","service":"event-planner-api","timestamp":"2026-08-19 10:18:20"}
{"level":"info","message":"GET /api/v1/bonus/data 200 5638 - 5.982 ms","service":"event-planner-api","timestamp":"2026-08-19 10:18:29"}
{"level":"info","message":"GET /api/v1/bonus/q1 200 1374 - 5.354 ms","service":"event-planner-api","timestamp":"2026-08-19 10:18:29"}
{"level":"info","message":"GET /api/v1/bonus/q2 200 4565 - 9.208 ms","service":"event-planner-api","timestamp":"2026-08-19 10:18:29"}
{"level":"info","message":"GET /api/v1/bonus/q4 200 3916 - 6.144 ms","service":"event-planner-api","timestamp":"2026-08-19 10:18:29"}
{"level":"info","message":"GET /api/v1/bonus/data 304 - - 7.083 ms","service":"event-planner-api","timestamp":"2026-08-19 10:18:29"}
{"level":"info","message":"GET /api/v1/bonus/q1 304 - - 3.067 ms","service":"event-planner-api","timestamp":"2026-08-19 10:18:29"}
{"level":"info","message":"GET /api/v1/bonus/q2 304 - - 5.288 ms","service":"event-planner-api","timestamp":"2026-08-19 10:18:29"}
{"level":"info","message":"GET /api/v1/bonus/q4 304 - - 5.044 ms","service":"event-planner-api","timestamp":"2026-08-19 10:18:29"}
{"level":"info","message":"GET /api/v1/tags 304 - - 3.647 ms","service":"event-planner-api","timestamp":"2026-08-19 10:18:31"}
{"level":"info","message":"GET /api/v1/tags 304 - - 3.305 ms","service":"event-planner-api","timestamp":"2026-08-19 10:18:31"}
{"level":"info","message":"GET /api/v1/events?page=1&limit=9&search=&timeframe=all&event_type=all&sort_by=date 304 - - 14.421 ms","service":"event-planner-api","timestamp":"2026-08-19 10:18:31"}
{"level":"info","message":"GET /api/v1/events/metrics 304 - - 24.651 ms","service":"event-planner-api","timestamp":"2026-08-19 10:18:31"}
{"level":"info","message":"GET /api/v1/events?page=1&limit=9&search=&timeframe=all&event_type=all&sort_by=date 304 - - 9.991 ms","service":"event-planner-api","timestamp":"2026-08-19 10:18:31"}
{"level":"info","message":"GET /api/v1/events/metrics 304 - - 10.815 ms","service":"event-planner-api","timestamp":"2026-08-19 10:18:31"}
{"level":"info","message":"GET /api/v1/bonus/data 304 - - 6.216 ms","service":"event-planner-api","timestamp":"2026-08-19 10:18:32"}
{"level":"info","message":"GET /api/v1/bonus/q1 304 - - 5.664 ms","service":"event-planner-api","timestamp":"2026-08-19 10:18:32"}
{"level":"info","message":"GET /api/v1/bonus/q2 304 - - 5.924 ms","service":"event-planner-api","timestamp":"2026-08-19 10:18:32"}
{"level":"info","message":"GET /api/v1/bonus/q4 304 - - 5.932 ms","service":"event-planner-api","timestamp":"2026-08-19 10:18:32"}
{"level":"info","message":"GET /api/v1/bonus/q1 304 - - 2.537 ms","service":"event-planner-api","timestamp":"2026-08-19 10:18:32"}
{"level":"info","message":"GET /api/v1/bonus/data 304 - - 6.040 ms","service":"event-planner-api","timestamp":"2026-08-19 10:18:32"}
{"level":"info","message":"GET /api/v1/bonus/q2 304 - - 3.177 ms","service":"event-planner-api","timestamp":"2026-08-19 10:18:32"}
{"level":"info","message":"GET /api/v1/bonus/q4 304 - - 3.692 ms","service":"event-planner-api","timestamp":"2026-08-19 10:18:32"}
{"level":"info","message":"GET /api/v1/tags 304 - - 5.189 ms","service":"event-planner-api","timestamp":"2026-08-19 10:18:33"}
{"level":"info","message":"GET /api/v1/events?page=1&limit=9&search=&timeframe=all&event_type=all&sort_by=date 304 - - 12.332 ms","service":"event-planner-api","timestamp":"2026-08-19 10:18:33"}
{"level":"info","message":"GET /api/v1/tags 304 - - 4.764 ms","service":"event-planner-api","timestamp":"2026-08-19 10:18:33"}
{"level":"info","message":"GET /api/v1/events/metrics 304 - - 16.113 ms","service":"event-planner-api","timestamp":"2026-08-19 10:18:33"}
{"level":"info","message":"GET /api/v1/events?page=1&limit=9&search=&timeframe=all&event_type=all&sort_by=date 304 - - 8.698 ms","service":"event-planner-api","timestamp":"2026-08-19 10:18:33"}
{"level":"info","message":"GET /api/v1/events/metrics 304 - - 7.575 ms","service":"event-planner-api","timestamp":"2026-08-19 10:18:33"}
{"level":"info","message":"GET /api/v1/bonus/data 304 - - 5.838 ms","service":"event-planner-api","timestamp":"2026-08-19 10:18:45"}
{"level":"info","message":"GET /api/v1/bonus/q1 304 - - 5.265 ms","service":"event-planner-api","timestamp":"2026-08-19 10:18:45"}
{"level":"info","message":"GET /api/v1/bonus/q2 304 - - 5.652 ms","service":"event-planner-api","timestamp":"2026-08-19 10:18:45"}
{"level":"info","message":"GET /api/v1/bonus/q4 304 - - 6.540 ms","service":"event-planner-api","timestamp":"2026-08-19 10:18:45"}
{"level":"info","message":"GET /api/v1/bonus/data 304 - - 3.929 ms","service":"event-planner-api","timestamp":"2026-08-19 10:18:45"}
{"level":"info","message":"GET /api/v1/bonus/q1 304 - - 2.159 ms","service":"event-planner-api","timestamp":"2026-08-19 10:18:45"}
{"level":"info","message":"GET /api/v1/bonus/q2 304 - - 4.014 ms","service":"event-planner-api","timestamp":"2026-08-19 10:18:45"}
{"level":"info","message":"GET /api/v1/bonus/q4 304 - - 3.355 ms","service":"event-planner-api","timestamp":"2026-08-19 10:18:45"}
{"level":"info","message":"POST /api/v1/auth/register 201 779 - 159.984 ms","service":"event-planner-api","timestamp":"2026-08-19 10:19:27"}
{"level":"info","message":"GET /api/v1/tags 304 - - 6.295 ms","service":"event-planner-api","timestamp":"2026-08-19 10:19:27"}
{"level":"info","message":"GET /api/v1/events?page=1&limit=9&search=&timeframe=all&event_type=all&sort_by=date 200 5511 - 18.517 ms","service":"event-planner-api","timestamp":"2026-08-19 10:19:27"}
{"level":"info","message":"GET /api/v1/tags 304 - - 5.519 ms","service":"event-planner-api","timestamp":"2026-08-19 10:19:27"}
{"level":"info","message":"GET /api/v1/events/metrics 304 - - 22.771 ms","service":"event-planner-api","timestamp":"2026-08-19 10:19:27"}
{"level":"info","message":"GET /api/v1/events?page=1&limit=9&search=&timeframe=all&event_type=all&sort_by=date 304 - - 12.816 ms","service":"event-planner-api","timestamp":"2026-08-19 10:19:27"}
{"level":"info","message":"GET /api/v1/events/metrics 304 - - 12.266 ms","service":"event-planner-api","timestamp":"2026-08-19 10:19:27"}
{"level":"info","message":"POST /api/v1/2fa/setup 200 3439 - 51.702 ms","service":"event-planner-api","timestamp":"2026-08-19 10:19:40"}
{"level":"info","message":"POST /api/v1/2fa/enable 200 153 - 11.041 ms","service":"event-planner-api","timestamp":"2026-08-19 10:20:10"}
{"level":"info","message":"GET /api/v1/auth/profile 200 278 - 3.164 ms","service":"event-planner-api","timestamp":"2026-08-19 10:20:10"}
{"level":"info","message":"GET /api/v1/auth/profile 304 - - 2.549 ms","service":"event-planner-api","timestamp":"2026-08-19 10:20:10"}
{"level":"info","message":"POST /api/v1/auth/request-verification 200 299 - 7.136 ms","service":"event-planner-api","timestamp":"2026-08-19 10:20:14"}
{"level":"info","message":"POST /api/v1/auth/verify-email 200 106 - 9.570 ms","service":"event-planner-api","timestamp":"2026-08-19 10:20:17"}
{"level":"info","message":"POST /api/v1/auth/verify-email 200 106 - 8.656 ms","service":"event-planner-api","timestamp":"2026-08-19 10:20:17"}
{"level":"info","message":"GET /api/v1/auth/profile 200 277 - 2.785 ms","service":"event-planner-api","timestamp":"2026-08-19 10:20:17"}
{"level":"info","message":"GET /api/v1/auth/profile 304 - - 2.735 ms","service":"event-planner-api","timestamp":"2026-08-19 10:20:17"}
{"level":"info","message":"GET /api/v1/tags 304 - - 3.391 ms","service":"event-planner-api","timestamp":"2026-08-19 10:20:18"}
{"level":"info","message":"GET /api/v1/tags 304 - - 4.480 ms","service":"event-planner-api","timestamp":"2026-08-19 10:20:18"}
{"level":"info","message":"GET /api/v1/events/metrics 304 - - 17.788 ms","service":"event-planner-api","timestamp":"2026-08-19 10:20:18"}
{"level":"info","message":"GET /api/v1/events?page=1&limit=9&search=&timeframe=all&event_type=all&sort_by=date 304 - - 15.260 ms","service":"event-planner-api","timestamp":"2026-08-19 10:20:18"}
{"level":"info","message":"GET /api/v1/events/metrics 304 - - 9.961 ms","service":"event-planner-api","timestamp":"2026-08-19 10:20:18"}
{"level":"info","message":"GET /api/v1/events?page=1&limit=9&search=&timeframe=all&event_type=all&sort_by=date 304 - - 9.922 ms","service":"event-planner-api","timestamp":"2026-08-19 10:20:18"}
{"level":"info","message":"GET /api-docs 301 158 - 2.398 ms","service":"event-planner-api","timestamp":"2026-08-19 10:20:24"}
{"level":"info","message":"GET /api-docs/ 200 3106 - 1.644 ms","service":"event-planner-api","timestamp":"2026-08-19 10:20:24"}
{"level":"info","message":"GET /api-docs/swagger-ui-init.js 200 16844 - 0.215 ms","service":"event-planner-api","timestamp":"2026-08-19 10:20:24"}
{"level":"info","message":"GET /api-docs/swagger-ui.css 200 185784 - 4.141 ms","service":"event-planner-api","timestamp":"2026-08-19 10:20:24"}
{"level":"info","message":"GET /api-docs/swagger-ui-standalone-preset.js 200 268713 - 5.597 ms","service":"event-planner-api","timestamp":"2026-08-19 10:20:24"}
{"level":"info","message":"GET /api-docs/swagger-ui-bundle.js 200 1553809 - 4.371 ms","service":"event-planner-api","timestamp":"2026-08-19 10:20:24"}
{"level":"info","message":"GET /api-docs/favicon-32x32.png 200 628 - 0.758 ms","service":"event-planner-api","timestamp":"2026-08-19 10:20:24"}
{"level":"info","message":"GET /api/v1/rsvps/my-rsvps 200 72 - 4.413 ms","service":"event-planner-api","timestamp":"2026-08-19 10:20:30"}
{"level":"info","message":"GET /api/v1/tags 304 - - 3.939 ms","service":"event-planner-api","timestamp":"2026-08-19 10:20:30"}
{"level":"info","message":"GET /api/v1/events?creator_id=4&limit=50 200 162 - 10.253 ms","service":"event-planner-api","timestamp":"2026-08-19 10:20:30"}
{"level":"info","message":"GET /api/v1/rsvps/my-rsvps 304 - - 2.793 ms","service":"event-planner-api","timestamp":"2026-08-19 10:20:30"}
{"level":"info","message":"GET /api/v1/tags 304 - - 2.177 ms","service":"event-planner-api","timestamp":"2026-08-19 10:20:30"}
{"level":"info","message":"GET /api/v1/events?creator_id=4&limit=50 304 - - 4.260 ms","service":"event-planner-api","timestamp":"2026-08-19 10:20:30"}
{"level":"info","message":"GET /api/v1/tags 304 - - 3.113 ms","service":"event-planner-api","timestamp":"2026-08-19 10:20:34"}
{"level":"info","message":"GET /api/v1/events/metrics 304 - - 13.587 ms","service":"event-planner-api","timestamp":"2026-08-19 10:20:34"}
{"level":"info","message":"GET /api/v1/events?page=1&limit=9&search=&timeframe=all&event_type=all&sort_by=date 304 - - 11.268 ms","service":"event-planner-api","timestamp":"2026-08-19 10:20:34"}
{"level":"info","message":"GET /api/v1/tags 304 - - 4.816 ms","service":"event-planner-api","timestamp":"2026-08-19 10:20:34"}
{"level":"info","message":"GET /api/v1/events/metrics 304 - - 7.911 ms","service":"event-planner-api","timestamp":"2026-08-19 10:20:34"}
{"level":"info","message":"GET /api/v1/events?page=1&limit=9&search=&timeframe=all&event_type=all&sort_by=date 304 - - 8.133 ms","service":"event-planner-api","timestamp":"2026-08-19 10:20:34"}
{"level":"info","message":"GET /api/v1/events/6 200 965 - 12.881 ms","service":"event-planner-api","timestamp":"2026-08-19 10:20:40"}
{"level":"info","message":"GET /api/v1/events/6 304 - - 10.335 ms","service":"event-planner-api","timestamp":"2026-08-19 10:20:40"}
{"level":"info","message":"GET /api/v1/tags 304 - - 2.327 ms","service":"event-planner-api","timestamp":"2026-08-19 10:20:43"}
{"level":"info","message":"GET /api/v1/tags 304 - - 2.901 ms","service":"event-planner-api","timestamp":"2026-08-19 10:20:43"}
{"level":"info","message":"GET /api/v1/events?page=1&limit=9&search=&timeframe=all&event_type=all&sort_by=date 304 - - 12.510 ms","service":"event-planner-api","timestamp":"2026-08-19 10:20:43"}
{"level":"info","message":"GET /api/v1/events/metrics 304 - - 15.554 ms","service":"event-planner-api","timestamp":"2026-08-19 10:20:43"}
{"level":"info","message":"GET /api/v1/events?page=1&limit=9&search=&timeframe=all&event_type=all&sort_by=date 304 - - 11.143 ms","service":"event-planner-api","timestamp":"2026-08-19 10:20:43"}
{"level":"info","message":"GET /api/v1/events/metrics 304 - - 9.045 ms","service":"event-planner-api","timestamp":"2026-08-19 10:20:43"}
{"level":"info","message":"POST /api/v1/auth/logout 200 98 - 6.316 ms","service":"event-planner-api","timestamp":"2026-08-19 10:21:25"}
{"level":"info","message":"GET /api/v1/tags 304 - - 1.853 ms","service":"event-planner-api","timestamp":"2026-08-19 10:21:25"}
{"level":"info","message":"GET /api/v1/tags 304 - - 3.709 ms","service":"event-planner-api","timestamp":"2026-08-19 10:21:25"}
{"level":"info","message":"GET /api/v1/events?page=1&limit=9&search=&timeframe=all&event_type=all&sort_by=date 200 4678 - 14.171 ms","service":"event-planner-api","timestamp":"2026-08-19 10:21:25"}
{"level":"info","message":"GET /api/v1/events/metrics 304 - - 17.997 ms","service":"event-planner-api","timestamp":"2026-08-19 10:21:25"}
{"level":"info","message":"GET /api/v1/events?page=1&limit=9&search=&timeframe=all&event_type=all&sort_by=date 304 - - 8.051 ms","service":"event-planner-api","timestamp":"2026-08-19 10:21:25"}
{"level":"info","message":"GET /api/v1/events/metrics 304 - - 7.942 ms","service":"event-planner-api","timestamp":"2026-08-19 10:21:25"}
{"level":"info","message":"POST /api/v1/auth/login 200 143 - 128.315 ms","service":"event-planner-api","timestamp":"2026-08-19 10:21:29"}
{"code":"INVALID_2FA_CODE","level":"error","message":"POST /api/v1/auth/login - Error: Invalid 2FA code. Please check your authenticator app.","service":"event-planner-api","stack":"Error: Invalid 2FA code. Please check your authenticator app.\n    at AuthService.login (/home/kritan/Documents/Personal Projects/lf_assessment/backend/src/services/auth.service.ts:101:28)\n    at login (/home/kritan/Documents/Personal Projects/lf_assessment/backend/src/controllers/auth.controller.ts:17:22)","statusCode":401,"timestamp":"2026-08-19 10:21:38"}
{"level":"info","message":"POST /api/v1/auth/login 401 441 - 138.009 ms","service":"event-planner-api","timestamp":"2026-08-19 10:21:38"}
{"level":"info","message":"POST /api/v1/auth/login 200 704 - 131.973 ms","service":"event-planner-api","timestamp":"2026-08-19 10:21:40"}
{"level":"info","message":"GET /api/v1/tags 304 - - 3.047 ms","service":"event-planner-api","timestamp":"2026-08-19 10:21:40"}
{"level":"info","message":"GET /api/v1/events?page=1&limit=9&search=&timeframe=all&event_type=all&sort_by=date 200 5511 - 9.457 ms","service":"event-planner-api","timestamp":"2026-08-19 10:21:40"}
{"level":"info","message":"GET /api/v1/events/metrics 304 - - 13.097 ms","service":"event-planner-api","timestamp":"2026-08-19 10:21:40"}
{"level":"info","message":"GET /api/v1/tags 304 - - 3.973 ms","service":"event-planner-api","timestamp":"2026-08-19 10:21:40"}
{"level":"info","message":"GET /api/v1/events?page=1&limit=9&search=&timeframe=all&event_type=all&sort_by=date 304 - - 10.155 ms","service":"event-planner-api","timestamp":"2026-08-19 10:21:40"}
{"level":"info","message":"GET /api/v1/events/metrics 304 - - 9.184 ms","service":"event-planner-api","timestamp":"2026-08-19 10:21:40"}
{"level":"info","message":"POST /api/v1/tags 201 108 - 3.922 ms","service":"event-planner-api","timestamp":"2026-08-19 10:22:59"}
{"level":"info","message":"POST /api/v1/tags 201 105 - 8.762 ms","service":"event-planner-api","timestamp":"2026-08-19 10:23:04"}
{"level":"info","message":"POST /api/v1/events 201 970 - 27.129 ms","service":"event-planner-api","timestamp":"2026-08-19 10:23:10"}
{"level":"info","message":"GET /api/v1/tags 200 562 - 6.345 ms","service":"event-planner-api","timestamp":"2026-08-19 10:23:10"}
{"level":"info","message":"GET /api/v1/events?page=1&limit=9&search=&timeframe=all&event_type=all&sort_by=date 200 6257 - 17.036 ms","service":"event-planner-api","timestamp":"2026-08-19 10:23:10"}
{"level":"info","message":"GET /api/v1/events/metrics 200 140 - 17.562 ms","service":"event-planner-api","timestamp":"2026-08-19 10:23:10"}
{"level":"info","message":"GET /api/v1/events/7 200 980 - 7.842 ms","service":"event-planner-api","timestamp":"2026-08-19 10:23:20"}
{"level":"info","message":"GET /api/v1/events/7 304 - - 7.686 ms","service":"event-planner-api","timestamp":"2026-08-19 10:23:20"}
{"level":"info","message":"GET /api/v1/tags 304 - - 2.016 ms","service":"event-planner-api","timestamp":"2026-08-19 10:23:24"}
{"level":"info","message":"GET /api/v1/events/metrics 304 - - 10.873 ms","service":"event-planner-api","timestamp":"2026-08-19 10:23:24"}
{"level":"info","message":"GET /api/v1/tags 304 - - 4.723 ms","service":"event-planner-api","timestamp":"2026-08-19 10:23:24"}
{"level":"info","message":"GET /api/v1/events?page=1&limit=9&search=&timeframe=all&event_type=all&sort_by=date 304 - - 16.076 ms","service":"event-planner-api","timestamp":"2026-08-19 10:23:24"}
{"level":"info","message":"GET /api/v1/events/metrics 304 - - 12.878 ms","service":"event-planner-api","timestamp":"2026-08-19 10:23:24"}
{"level":"info","message":"GET /api/v1/events?page=1&limit=9&search=&timeframe=all&event_type=all&sort_by=date 304 - - 10.181 ms","service":"event-planner-api","timestamp":"2026-08-19 10:23:24"}
{"level":"info","message":"GET /api/v1/events/5 200 963 - 6.726 ms","service":"event-planner-api","timestamp":"2026-08-19 10:23:26"}
{"level":"info","message":"GET /api/v1/events/5 304 - - 8.400 ms","service":"event-planner-api","timestamp":"2026-08-19 10:23:26"}
{"level":"info","message":"GET /api/v1/tags 304 - - 4.248 ms","service":"event-planner-api","timestamp":"2026-08-19 10:23:46"}
{"level":"info","message":"GET /api/v1/tags 304 - - 1.950 ms","service":"event-planner-api","timestamp":"2026-08-19 10:23:46"}
{"level":"info","message":"GET /api/v1/events?page=1&limit=9&search=&timeframe=all&event_type=all&sort_by=date 304 - - 11.962 ms","service":"event-planner-api","timestamp":"2026-08-19 10:23:46"}
{"level":"info","message":"GET /api/v1/events/metrics 304 - - 14.122 ms","service":"event-planner-api","timestamp":"2026-08-19 10:23:46"}
{"level":"info","message":"GET /api/v1/events?page=1&limit=9&search=&timeframe=all&event_type=all&sort_by=date 304 - - 9.095 ms","service":"event-planner-api","timestamp":"2026-08-19 10:23:46"}
{"level":"info","message":"GET /api/v1/events/metrics 304 - - 8.813 ms","service":"event-planner-api","timestamp":"2026-08-19 10:23:46"}
{"level":"info","message":"GET /api/v1/events/7 304 - - 9.628 ms","service":"event-planner-api","timestamp":"2026-08-19 10:23:51"}
{"level":"info","message":"GET /api/v1/events/7 304 - - 11.042 ms","service":"event-planner-api","timestamp":"2026-08-19 10:23:51"}
{"level":"info","message":"POST /api/v1/auth/logout 200 98 - 5.845 ms","service":"event-planner-api","timestamp":"2026-08-19 10:23:56"}
{"level":"info","message":"GET /api/v1/tags 304 - - 1.947 ms","service":"event-planner-api","timestamp":"2026-08-19 10:23:56"}
{"level":"info","message":"GET /api/v1/tags 304 - - 3.045 ms","service":"event-planner-api","timestamp":"2026-08-19 10:23:56"}
{"level":"info","message":"GET /api/v1/events?page=1&limit=9&search=&timeframe=all&event_type=all&sort_by=date 200 4678 - 8.127 ms","service":"event-planner-api","timestamp":"2026-08-19 10:23:56"}
{"level":"info","message":"GET /api/v1/events/metrics 304 - - 14.154 ms","service":"event-planner-api","timestamp":"2026-08-19 10:23:56"}
{"level":"info","message":"GET /api/v1/events?page=1&limit=9&search=&timeframe=all&event_type=all&sort_by=date 304 - - 8.108 ms","service":"event-planner-api","timestamp":"2026-08-19 10:23:56"}
{"level":"info","message":"GET /api/v1/events/metrics 304 - - 7.685 ms","service":"event-planner-api","timestamp":"2026-08-19 10:23:56"}
{"level":"info","message":"POST /api/v1/auth/register 201 775 - 137.570 ms","service":"event-planner-api","timestamp":"2026-08-19 10:24:11"}
{"level":"info","message":"GET /api/v1/tags 304 - - 4.416 ms","service":"event-planner-api","timestamp":"2026-08-19 10:24:11"}
{"level":"info","message":"GET /api/v1/tags 304 - - 4.805 ms","service":"event-planner-api","timestamp":"2026-08-19 10:24:11"}
{"level":"info","message":"GET /api/v1/events?page=1&limit=9&search=&timeframe=all&event_type=all&sort_by=date 200 6257 - 13.859 ms","service":"event-planner-api","timestamp":"2026-08-19 10:24:11"}
{"level":"info","message":"GET /api/v1/events/metrics 304 - - 15.770 ms","service":"event-planner-api","timestamp":"2026-08-19 10:24:11"}
{"level":"info","message":"GET /api/v1/events/metrics 304 - - 7.255 ms","service":"event-planner-api","timestamp":"2026-08-19 10:24:11"}
{"level":"info","message":"GET /api/v1/events?page=1&limit=9&search=&timeframe=all&event_type=all&sort_by=date 304 - - 10.874 ms","service":"event-planner-api","timestamp":"2026-08-19 10:24:11"}
{"level":"info","message":"GET /api/v1/events/7 200 980 - 6.732 ms","service":"event-planner-api","timestamp":"2026-08-19 10:24:16"}
{"level":"info","message":"GET /api/v1/events/7 304 - - 6.344 ms","service":"event-planner-api","timestamp":"2026-08-19 10:24:16"}
{"level":"info","message":"POST /api/v1/rsvps/events/7 200 189 - 10.824 ms","service":"event-planner-api","timestamp":"2026-08-19 10:24:20"}
{"level":"info","message":"GET /api/v1/events/7 200 1131 - 7.744 ms","service":"event-planner-api","timestamp":"2026-08-19 10:24:20"}
{"level":"info","message":"POST /api/v1/auth/request-verification 200 299 - 8.880 ms","service":"event-planner-api","timestamp":"2026-08-19 10:24:38"}
{"level":"info","message":"GET /api/v1/bonus/data 304 - - 3.949 ms","service":"event-planner-api","timestamp":"2026-08-19 10:25:16"}
{"level":"info","message":"GET /api/v1/bonus/q1 304 - - 8.615 ms","service":"event-planner-api","timestamp":"2026-08-19 10:25:16"}
{"level":"info","message":"GET /api/v1/bonus/q2 304 - - 9.599 ms","service":"event-planner-api","timestamp":"2026-08-19 10:25:16"}
{"level":"info","message":"GET /api/v1/bonus/q4 304 - - 12.111 ms","service":"event-planner-api","timestamp":"2026-08-19 10:25:16"}
{"level":"info","message":"GET /api/v1/bonus/data 304 - - 16.507 ms","service":"event-planner-api","timestamp":"2026-08-19 10:25:16"}
{"level":"info","message":"GET /api/v1/bonus/q1 304 - - 2.172 ms","service":"event-planner-api","timestamp":"2026-08-19 10:25:16"}
{"level":"info","message":"GET /api/v1/bonus/q2 304 - - 3.573 ms","service":"event-planner-api","timestamp":"2026-08-19 10:25:16"}
{"level":"info","message":"GET /api/v1/bonus/q4 304 - - 4.756 ms","service":"event-planner-api","timestamp":"2026-08-19 10:25:16"}
{"code":"FORBIDDEN","level":"error","message":"PUT /api/v1/events/7 - Error: Forbidden: Only the event creator can edit this event.","service":"event-planner-api","stack":"Error: Forbidden: Only the event creator can edit this event.\n    at EventService.updateEvent (/home/kritan/Documents/Personal Projects/lf_assessment/backend/src/services/event.service.ts:438:26)\n    at processTicksAndRejections (node:internal/process/task_queues:104:5)\n    at updateEvent (/home/kritan/Documents/Personal Projects/lf_assessment/backend/src/controllers/event.controller.ts:42:21)","statusCode":403,"timestamp":"2026-08-19 10:38:40"}
{"code":"EMAIL_EXISTS","level":"error","message":"POST /api/v1/auth/register - Error: An account with this email address already exists.","service":"event-planner-api","stack":"Error: An account with this email address already exists.\n    at AuthService.register (/home/kritan/Documents/Personal Projects/lf_assessment/backend/src/services/auth.service.ts:16:26)\n    at processTicksAndRejections (node:internal/process/task_queues:104:5)\n    at register (/home/kritan/Documents/Personal Projects/lf_assessment/backend/src/controllers/auth.controller.ts:8:22)","statusCode":409,"timestamp":"2026-08-19 10:38:40"}
{"code":"INVALID_CREDENTIALS","level":"error","message":"POST /api/v1/auth/login - Error: Invalid email or password.","service":"event-planner-api","stack":"Error: Invalid email or password.\n    at AuthService.login (/home/kritan/Documents/Personal Projects/lf_assessment/backend/src/services/auth.service.ts:77:26)\n    at login (/home/kritan/Documents/Personal Projects/lf_assessment/backend/src/controllers/auth.controller.ts:17:22)","statusCode":401,"timestamp":"2026-08-19 10:38:41"}
{"level":"info","message":"GET /api/v1 404 134 - 0.393 ms","service":"event-planner-api","timestamp":"2026-08-19 10:39:55"}
{"level":"info","message":"GET /favicon.ico 404 139 - 0.381 ms","service":"event-planner-api","timestamp":"2026-08-19 10:39:55"}
{"level":"info","message":"GET /api/v1/tags 304 - - 2.666 ms","service":"event-planner-api","timestamp":"2026-08-19 10:40:03"}
{"level":"info","message":"GET /api/v1/tags 304 - - 2.966 ms","service":"event-planner-api","timestamp":"2026-08-19 10:40:03"}
{"level":"info","message":"GET /api/v1/events/metrics 304 - - 18.689 ms","service":"event-planner-api","timestamp":"2026-08-19 10:40:03"}
{"level":"info","message":"GET /api/v1/events?page=1&limit=9&search=&timeframe=all&event_type=all&sort_by=date 200 4678 - 16.260 ms","service":"event-planner-api","timestamp":"2026-08-19 10:40:03"}
{"level":"info","message":"GET /api/v1/events/metrics 304 - - 10.006 ms","service":"event-planner-api","timestamp":"2026-08-19 10:40:03"}
{"level":"info","message":"GET /api/v1/events?page=1&limit=9&search=&timeframe=all&event_type=all&sort_by=date 304 - - 8.538 ms","service":"event-planner-api","timestamp":"2026-08-19 10:40:03"}
{"level":"info","message":"Starting Event Planning API server in development mode...","service":"event-planner-api","timestamp":"2026-08-20 06:42:27"}
{"address":"127.0.0.1","code":"ECONNREFUSED","errno":-111,"fatal":true,"level":"error","message":"❌ Database connection failed: connect ECONNREFUSED 127.0.0.1:3306","port":3306,"service":"event-planner-api","stack":"Error: connect ECONNREFUSED 127.0.0.1:3306\n    at TCPConnectWrap.afterConnect [as oncomplete] (node:net:1706:16)","syscall":"connect","timestamp":"2026-08-20 06:42:27"}
{"level":"info","message":"🚀 Server running on http://localhost:5000","service":"event-planner-api","timestamp":"2026-08-20 06:42:27"}
{"level":"info","message":"📚 Swagger API Docs available at http://localhost:5000/api-docs","service":"event-planner-api","timestamp":"2026-08-20 06:42:27"}
{"level":"info","message":"⚡ API endpoints live at http://localhost:5000/api/v1","service":"event-planner-api","timestamp":"2026-08-20 06:42:27"}
{"address":"127.0.0.1","code":"ECONNREFUSED","errno":-111,"fatal":true,"level":"error","message":"GET /api/v1/tags - Error: connect ECONNREFUSED 127.0.0.1:3306","port":3306,"service":"event-planner-api","stack":"Error: connect ECONNREFUSED 127.0.0.1:3306\n    at TCPConnectWrap.afterConnect [as oncomplete] (node:net:1706:16)","syscall":"connect","timestamp":"2026-08-20 06:42:54"}
{"level":"info","message":"GET /api/v1/tags 500 223 - 11.453 ms","service":"event-planner-api","timestamp":"2026-08-20 06:42:54"}
{"address":"127.0.0.1","code":"ECONNREFUSED","errno":-111,"fatal":true,"level":"error","message":"GET /api/v1/events/metrics - Error: connect ECONNREFUSED 127.0.0.1:3306","port":3306,"service":"event-planner-api","stack":"Error: connect ECONNREFUSED 127.0.0.1:3306\n    at TCPConnectWrap.afterConnect [as oncomplete] (node:net:1706:16)","syscall":"connect","timestamp":"2026-08-20 06:42:54"}
{"level":"info","message":"GET /api/v1/events/metrics 500 223 - 28.820 ms","service":"event-planner-api","timestamp":"2026-08-20 06:42:54"}
{"level":"info","message":"GET /api/v1/auth/profile 401 121 - 1.486 ms","service":"event-planner-api","timestamp":"2026-08-20 06:42:54"}
{"address":"127.0.0.1","code":"ECONNREFUSED","errno":-111,"fatal":true,"level":"error","message":"GET /api/v1/events?page=1&limit=9&search=&timeframe=all&event_type=all&sort_by=date - Error: connect ECONNREFUSED 127.0.0.1:3306","port":3306,"service":"event-planner-api","stack":"Error: connect ECONNREFUSED 127.0.0.1:3306\n    at TCPConnectWrap.afterConnect [as oncomplete] (node:net:1706:16)","syscall":"connect","timestamp":"2026-08-20 06:42:54"}
{"level":"info","message":"GET /api/v1/events?page=1&limit=9&search=&timeframe=all&event_type=all&sort_by=date 500 223 - 20.188 ms","service":"event-planner-api","timestamp":"2026-08-20 06:42:54"}
{"address":"127.0.0.1","code":"ECONNREFUSED","errno":-111,"fatal":true,"level":"error","message":"GET /api/v1/tags - Error: connect ECONNREFUSED 127.0.0.1:3306","port":3306,"service":"event-planner-api","stack":"Error: connect ECONNREFUSED 127.0.0.1:3306\n    at TCPConnectWrap.afterConnect [as oncomplete] (node:net:1706:16)","syscall":"connect","timestamp":"2026-08-20 06:42:54"}
{"level":"info","message":"GET /api/v1/tags 500 223 - 6.201 ms","service":"event-planner-api","timestamp":"2026-08-20 06:42:54"}
{"level":"info","message":"GET /api/v1/auth/profile 401 121 - 1.563 ms","service":"event-planner-api","timestamp":"2026-08-20 06:42:54"}
{"address":"127.0.0.1","code":"ECONNREFUSED","errno":-111,"fatal":true,"level":"error","message":"GET /api/v1/events/metrics - Error: connect ECONNREFUSED 127.0.0.1:3306","port":3306,"service":"event-planner-api","stack":"Error: connect ECONNREFUSED 127.0.0.1:3306\n    at TCPConnectWrap.afterConnect [as oncomplete] (node:net:1706:16)","syscall":"connect","timestamp":"2026-08-20 06:42:54"}
{"level":"info","message":"GET /api/v1/events/metrics 500 223 - 13.790 ms","service":"event-planner-api","timestamp":"2026-08-20 06:42:54"}
{"address":"127.0.0.1","code":"ECONNREFUSED","errno":-111,"fatal":true,"level":"error","message":"GET /api/v1/events?page=1&limit=9&search=&timeframe=all&event_type=all&sort_by=date - Error: connect ECONNREFUSED 127.0.0.1:3306","port":3306,"service":"event-planner-api","stack":"Error: connect ECONNREFUSED 127.0.0.1:3306\n    at TCPConnectWrap.afterConnect [as oncomplete] (node:net:1706:16)","syscall":"connect","timestamp":"2026-08-20 06:42:54"}
{"level":"info","message":"GET /api/v1/events?page=1&limit=9&search=&timeframe=all&event_type=all&sort_by=date 500 223 - 11.280 ms","service":"event-planner-api","timestamp":"2026-08-20 06:42:54"}
{"address":"127.0.0.1","code":"ECONNREFUSED","errno":-111,"fatal":true,"level":"error","message":"POST /api/v1/auth/refresh-token - Error: connect ECONNREFUSED 127.0.0.1:3306","port":3306,"service":"event-planner-api","stack":"Error: connect ECONNREFUSED 127.0.0.1:3306\n    at TCPConnectWrap.afterConnect [as oncomplete] (node:net:1706:16)","syscall":"connect","timestamp":"2026-08-20 06:42:54"}
{"level":"info","message":"POST /api/v1/auth/refresh-token 500 223 - 3.749 ms","service":"event-planner-api","timestamp":"2026-08-20 06:42:54"}
{"level":"info","message":"GET /api/v1/tags 200 562 - 101.364 ms","service":"event-planner-api","timestamp":"2026-08-20 06:56:07"}
{"level":"info","message":"GET /api/v1/tags 200 562 - 91.464 ms","service":"event-planner-api","timestamp":"2026-08-20 06:56:07"}
{"level":"info","message":"GET /api/v1/events/metrics 200 140 - 112.889 ms","service":"event-planner-api","timestamp":"2026-08-20 06:56:07"}
{"level":"info","message":"GET /api/v1/events?page=1&limit=9&search=&timeframe=all&event_type=all&sort_by=date 200 4678 - 108.715 ms","service":"event-planner-api","timestamp":"2026-08-20 06:56:07"}
{"level":"info","message":"GET /api/v1/events?page=1&limit=9&search=&timeframe=all&event_type=all&sort_by=date 200 4678 - 82.774 ms","service":"event-planner-api","timestamp":"2026-08-20 06:56:07"}
{"level":"info","message":"GET /api/v1/events/metrics 200 140 - 113.274 ms","service":"event-planner-api","timestamp":"2026-08-20 06:56:07"}
{"level":"info","message":"GET /api/v1/events?page=1&limit=9&search=&timeframe=past&event_type=all&sort_by=date 200 1914 - 12.789 ms","service":"event-planner-api","timestamp":"2026-08-20 06:56:33"}
{"level":"info","message":"GET /api/v1/events?page=1&limit=9&search=&timeframe=all&event_type=all&sort_by=date 304 - - 13.446 ms","service":"event-planner-api","timestamp":"2026-08-20 06:56:41"}
{"level":"info","message":"POST /api/v1/auth/login 200 143 - 139.873 ms","service":"event-planner-api","timestamp":"2026-08-20 06:57:29"}
{"level":"info","message":"POST /api/v1/auth/login 200 704 - 139.262 ms","service":"event-planner-api","timestamp":"2026-08-20 06:58:17"}
{"level":"info","message":"GET /api/v1/tags 304 - - 3.243 ms","service":"event-planner-api","timestamp":"2026-08-20 06:58:17"}
{"level":"info","message":"GET /api/v1/tags 304 - - 3.994 ms","service":"event-planner-api","timestamp":"2026-08-20 06:58:17"}
{"level":"info","message":"GET /api/v1/events/metrics 304 - - 23.033 ms","service":"event-planner-api","timestamp":"2026-08-20 06:58:17"}
{"level":"info","message":"GET /api/v1/events?page=1&limit=9&search=&timeframe=all&event_type=all&sort_by=date 200 6257 - 25.654 ms","service":"event-planner-api","timestamp":"2026-08-20 06:58:17"}
{"level":"info","message":"GET /api/v1/events/metrics 304 - - 12.915 ms","service":"event-planner-api","timestamp":"2026-08-20 06:58:17"}
{"level":"info","message":"GET /api/v1/events?page=1&limit=9&search=&timeframe=all&event_type=all&sort_by=date 304 - - 14.132 ms","service":"event-planner-api","timestamp":"2026-08-20 06:58:17"}
{"level":"info","message":"GET /api/v1/events?page=1&limit=9&search=bir&timeframe=all&event_type=all&sort_by=date 200 1739 - 15.053 ms","service":"event-planner-api","timestamp":"2026-08-20 07:04:38"}
{"level":"info","message":"GET /api/v1/events?page=1&limit=9&search=&timeframe=all&event_type=all&sort_by=date 304 - - 10.849 ms","service":"event-planner-api","timestamp":"2026-08-20 07:04:44"}
{"level":"info","message":"PUT /api/v1/events/7 200 1131 - 39.962 ms","service":"event-planner-api","timestamp":"2026-08-20 07:05:22"}
{"level":"info","message":"GET /api/v1/tags 304 - - 7.246 ms","service":"event-planner-api","timestamp":"2026-08-20 07:05:22"}
{"level":"info","message":"GET /api/v1/events?page=1&limit=9&search=&timeframe=all&event_type=all&sort_by=date 200 6270 - 22.938 ms","service":"event-planner-api","timestamp":"2026-08-20 07:05:22"}
{"level":"info","message":"GET /api/v1/events/metrics 304 - - 21.107 ms","service":"event-planner-api","timestamp":"2026-08-20 07:05:22"}
{"level":"info","message":"GET /api/v1/events?page=1&limit=9&search=&timeframe=upcoming&event_type=all&sort_by=date 200 4516 - 10.679 ms","service":"event-planner-api","timestamp":"2026-08-20 07:05:37"}
{"level":"info","message":"GET /api/v1/events?page=1&limit=9&search=&timeframe=past&event_type=all&sort_by=date 304 - - 10.229 ms","service":"event-planner-api","timestamp":"2026-08-20 07:05:38"}
{"level":"info","message":"GET /api/v1/events/5 200 963 - 16.475 ms","service":"event-planner-api","timestamp":"2026-08-20 07:05:47"}
{"level":"info","message":"GET /api/v1/events/5 304 - - 12.774 ms","service":"event-planner-api","timestamp":"2026-08-20 07:05:48"}
{"level":"info","message":"GET /api/v1/tags 304 - - 4.054 ms","service":"event-planner-api","timestamp":"2026-08-20 07:06:01"}
{"level":"info","message":"GET /api/v1/tags 304 - - 4.078 ms","service":"event-planner-api","timestamp":"2026-08-20 07:06:01"}
{"level":"info","message":"GET /api/v1/events/metrics 304 - - 27.091 ms","service":"event-planner-api","timestamp":"2026-08-20 07:06:01"}
{"level":"info","message":"GET /api/v1/events?page=1&limit=9&search=&timeframe=all&event_type=all&sort_by=date 304 - - 26.270 ms","service":"event-planner-api","timestamp":"2026-08-20 07:06:01"}
{"level":"info","message":"GET /api/v1/events/metrics 304 - - 15.950 ms","service":"event-planner-api","timestamp":"2026-08-20 07:06:01"}
{"level":"info","message":"GET /api/v1/events?page=1&limit=9&search=&timeframe=all&event_type=all&sort_by=date 304 - - 22.317 ms","service":"event-planner-api","timestamp":"2026-08-20 07:06:01"}
{"level":"info","message":"GET /api/v1/events/7 200 1141 - 11.236 ms","service":"event-planner-api","timestamp":"2026-08-20 07:06:04"}
{"level":"info","message":"GET /api/v1/events/7 304 - - 11.031 ms","service":"event-planner-api","timestamp":"2026-08-20 07:06:04"}
{"level":"info","message":"GET /api/v1/tags 304 - - 3.480 ms","service":"event-planner-api","timestamp":"2026-08-20 07:06:41"}
{"level":"info","message":"GET /api/v1/tags 304 - - 6.993 ms","service":"event-planner-api","timestamp":"2026-08-20 07:06:41"}
{"level":"info","message":"GET /api/v1/events?page=1&limit=9&search=&timeframe=all&event_type=all&sort_by=date 304 - - 24.912 ms","service":"event-planner-api","timestamp":"2026-08-20 07:06:41"}
{"level":"info","message":"GET /api/v1/events/metrics 304 - - 30.437 ms","service":"event-planner-api","timestamp":"2026-08-20 07:06:41"}
{"level":"info","message":"GET /api/v1/events?page=1&limit=9&search=&timeframe=all&event_type=all&sort_by=date 304 - - 14.640 ms","service":"event-planner-api","timestamp":"2026-08-20 07:06:41"}
{"level":"info","message":"GET /api/v1/events/metrics 304 - - 13.633 ms","service":"event-planner-api","timestamp":"2026-08-20 07:06:41"}
{"level":"info","message":"GET /api/v1/events?page=1&limit=9&search=&timeframe=all&event_type=all&tag=Birthday&sort_by=date 200 1752 - 21.947 ms","service":"event-planner-api","timestamp":"2026-08-20 07:06:59"}
{"level":"info","message":"GET /api/v1/events?page=1&limit=9&search=&timeframe=all&event_type=public&tag=Birthday&sort_by=date 200 161 - 7.140 ms","service":"event-planner-api","timestamp":"2026-08-20 07:07:04"}
{"level":"info","message":"GET /api/v1/events?page=1&limit=9&search=&timeframe=all&event_type=private&tag=Birthday&sort_by=date 200 1752 - 10.682 ms","service":"event-planner-api","timestamp":"2026-08-20 07:07:06"}
{"level":"info","message":"POST /api/v1/auth/logout 200 98 - 6.662 ms","service":"event-planner-api","timestamp":"2026-08-20 07:09:00"}
{"level":"info","message":"POST /api/v1/auth/login 200 143 - 132.078 ms","service":"event-planner-api","timestamp":"2026-08-20 07:16:53"}
{"level":"info","message":"POST /api/v1/auth/register 201 776 - 143.817 ms","service":"event-planner-api","timestamp":"2026-08-20 07:22:53"}
{"level":"info","message":"GET /api/v1/tags 304 - - 7.225 ms","service":"event-planner-api","timestamp":"2026-08-20 07:22:53"}
{"level":"info","message":"GET /api/v1/tags 304 - - 6.242 ms","service":"event-planner-api","timestamp":"2026-08-20 07:22:54"}
{"level":"info","message":"GET /api/v1/events?page=1&limit=9&search=&timeframe=all&event_type=all&sort_by=date 200 6270 - 29.323 ms","service":"event-planner-api","timestamp":"2026-08-20 07:22:54"}
{"level":"info","message":"GET /api/v1/events/metrics 304 - - 33.414 ms","service":"event-planner-api","timestamp":"2026-08-20 07:22:54"}
{"level":"info","message":"GET /api/v1/events?page=1&limit=9&search=&timeframe=all&event_type=all&sort_by=date 304 - - 13.572 ms","service":"event-planner-api","timestamp":"2026-08-20 07:22:54"}
{"level":"info","message":"GET /api/v1/events/metrics 304 - - 12.948 ms","service":"event-planner-api","timestamp":"2026-08-20 07:22:54"}
{"level":"info","message":"GET /api/v1/tags 304 - - 6.691 ms","service":"event-planner-api","timestamp":"2026-08-20 07:23:01"}
{"level":"info","message":"GET /api/v1/events/metrics 304 - - 22.570 ms","service":"event-planner-api","timestamp":"2026-08-20 07:23:01"}
{"level":"info","message":"GET /api/v1/auth/profile 200 280 - 13.891 ms","service":"event-planner-api","timestamp":"2026-08-20 07:23:01"}
{"level":"info","message":"GET /api/v1/tags 304 - - 12.254 ms","service":"event-planner-api","timestamp":"2026-08-20 07:23:01"}
{"level":"info","message":"GET /api/v1/events?page=1&limit=9&search=&timeframe=all&event_type=all&sort_by=date 304 - - 31.209 ms","service":"event-planner-api","timestamp":"2026-08-20 07:23:01"}
{"level":"info","message":"GET /api/v1/auth/profile 304 - - 5.259 ms","service":"event-planner-api","timestamp":"2026-08-20 07:23:01"}
{"level":"info","message":"GET /api/v1/events/metrics 304 - - 23.808 ms","service":"event-planner-api","timestamp":"2026-08-20 07:23:01"}
{"level":"info","message":"GET /api/v1/events?page=1&limit=9&search=&timeframe=all&event_type=all&sort_by=date 304 - - 16.083 ms","service":"event-planner-api","timestamp":"2026-08-20 07:23:01"}
{"code":"FORBIDDEN","level":"error","message":"PUT /api/v1/events/7 - Error: Forbidden: Only the event creator can edit this event.","service":"event-planner-api","stack":"Error: Forbidden: Only the event creator can edit this event.\n    at EventService.updateEvent (/home/kritan/Documents/Personal Projects/lf_assessment/backend/src/services/event.service.ts:438:26)\n    at processTicksAndRejections (node:internal/process/task_queues:104:5)\n    at updateEvent (/home/kritan/Documents/Personal Projects/lf_assessment/backend/src/controllers/event.controller.ts:42:21)","statusCode":403,"timestamp":"2026-08-20 07:26:51"}
{"code":"EMAIL_EXISTS","level":"error","message":"POST /api/v1/auth/register - Error: An account with this email address already exists.","service":"event-planner-api","stack":"Error: An account with this email address already exists.\n    at AuthService.register (/home/kritan/Documents/Personal Projects/lf_assessment/backend/src/services/auth.service.ts:16:26)\n    at processTicksAndRejections (node:internal/process/task_queues:104:5)\n    at register (/home/kritan/Documents/Personal Projects/lf_assessment/backend/src/controllers/auth.controller.ts:8:22)","statusCode":409,"timestamp":"2026-08-20 07:26:53"}
{"code":"INVALID_CREDENTIALS","level":"error","message":"POST /api/v1/auth/login - Error: Invalid email or password.","service":"event-planner-api","stack":"Error: Invalid email or password.\n    at AuthService.login (/home/kritan/Documents/Personal Projects/lf_assessment/backend/src/services/auth.service.ts:77:26)\n    at login (/home/kritan/Documents/Personal Projects/lf_assessment/backend/src/controllers/auth.controller.ts:17:22)","statusCode":401,"timestamp":"2026-08-20 07:26:53"}
{"level":"info","message":"Gracefully shutting down server...","service":"event-planner-api","timestamp":"2026-08-20 07:28:43"}
{"level":"info","message":"Starting Event Planning API server in development mode...","service":"event-planner-api","timestamp":"2026-08-20 07:28:43"}
{"level":"info","message":"✅ Database connected successfully (mysql2)","service":"event-planner-api","timestamp":"2026-08-20 07:28:43"}
{"level":"info","message":"🚀 Server running on http://localhost:5000","service":"event-planner-api","timestamp":"2026-08-20 07:28:43"}
{"level":"info","message":"📚 Swagger API Docs available at http://localhost:5000/api-docs","service":"event-planner-api","timestamp":"2026-08-20 07:28:43"}
{"level":"info","message":"⚡ API endpoints live at http://localhost:5000/api/v1","service":"event-planner-api","timestamp":"2026-08-20 07:28:43"}
{"level":"info","message":"Gracefully shutting down server...","service":"event-planner-api","timestamp":"2026-08-20 07:28:52"}
{"level":"info","message":"Starting Event Planning API server in development mode...","service":"event-planner-api","timestamp":"2026-08-20 07:28:53"}
{"level":"info","message":"✅ Database connected successfully (mysql2)","service":"event-planner-api","timestamp":"2026-08-20 07:28:53"}
{"level":"info","message":"🚀 Server running on http://localhost:5000","service":"event-planner-api","timestamp":"2026-08-20 07:28:53"}
{"level":"info","message":"📚 Swagger API Docs available at http://localhost:5000/api-docs","service":"event-planner-api","timestamp":"2026-08-20 07:28:53"}
{"level":"info","message":"⚡ API endpoints live at http://localhost:5000/api/v1","service":"event-planner-api","timestamp":"2026-08-20 07:28:53"}
{"level":"info","message":"Gracefully shutting down server...","service":"event-planner-api","timestamp":"2026-08-20 07:28:58"}
{"level":"info","message":"Starting Event Planning API server in development mode...","service":"event-planner-api","timestamp":"2026-08-20 07:28:59"}
{"level":"info","message":"✅ Database connected successfully (mysql2)","service":"event-planner-api","timestamp":"2026-08-20 07:28:59"}
{"level":"info","message":"🚀 Server running on http://localhost:5000","service":"event-planner-api","timestamp":"2026-08-20 07:28:59"}
{"level":"info","message":"📚 Swagger API Docs available at http://localhost:5000/api-docs","service":"event-planner-api","timestamp":"2026-08-20 07:28:59"}
{"level":"info","message":"⚡ API endpoints live at http://localhost:5000/api/v1","service":"event-planner-api","timestamp":"2026-08-20 07:28:59"}
{"level":"info","message":"Gracefully shutting down server...","service":"event-planner-api","timestamp":"2026-08-20 07:29:05"}
{"level":"info","message":"Starting Event Planning API server in development mode...","service":"event-planner-api","timestamp":"2026-08-20 07:29:06"}
{"level":"info","message":"✅ Database connected successfully (mysql2)","service":"event-planner-api","timestamp":"2026-08-20 07:29:06"}
{"level":"info","message":"🚀 Server running on http://localhost:5000","service":"event-planner-api","timestamp":"2026-08-20 07:29:06"}
{"level":"info","message":"📚 Swagger API Docs available at http://localhost:5000/api-docs","service":"event-planner-api","timestamp":"2026-08-20 07:29:06"}
{"level":"info","message":"⚡ API endpoints live at http://localhost:5000/api/v1","service":"event-planner-api","timestamp":"2026-08-20 07:29:06"}
{"code":"FORBIDDEN","level":"error","message":"PUT /api/v1/events/7 - Error: Forbidden: Only the event creator can edit this event.","service":"event-planner-api","stack":"Error: Forbidden: Only the event creator can edit this event.\n    at EventService.updateEvent (/home/kritan/Documents/Personal Projects/lf_assessment/backend/src/services/event.service.ts:438:26)\n    at processTicksAndRejections (node:internal/process/task_queues:104:5)\n    at updateEvent (/home/kritan/Documents/Personal Projects/lf_assessment/backend/src/controllers/event.controller.ts:42:21)","statusCode":403,"timestamp":"2026-08-20 07:29:31"}
{"code":"FORBIDDEN","level":"error","message":"PUT /api/v1/events/7 - Error: Forbidden: Only the event creator can edit this event.","service":"event-planner-api","stack":"Error: Forbidden: Only the event creator can edit this event.\n    at EventService.updateEvent (/home/kritan/Documents/Personal Projects/lf_assessment/backend/src/services/event.service.ts:438:26)\n    at processTicksAndRejections (node:internal/process/task_queues:104:5)\n    at updateEvent (/home/kritan/Documents/Personal Projects/lf_assessment/backend/src/controllers/event.controller.ts:42:21)","statusCode":403,"timestamp":"2026-08-20 07:29:56"}
{"code":"EMAIL_EXISTS","level":"error","message":"POST /api/v1/auth/register - Error: An account with this email address already exists.","service":"event-planner-api","stack":"Error: An account with this email address already exists.\n    at AuthService.register (/home/kritan/Documents/Personal Projects/lf_assessment/backend/src/services/auth.service.ts:16:26)\n    at processTicksAndRejections (node:internal/process/task_queues:104:5)\n    at register (/home/kritan/Documents/Personal Projects/lf_assessment/backend/src/controllers/auth.controller.ts:9:22)","statusCode":409,"timestamp":"2026-08-20 07:29:58"}
{"code":"INVALID_CREDENTIALS","level":"error","message":"POST /api/v1/auth/login - Error: Invalid email or password.","service":"event-planner-api","stack":"Error: Invalid email or password.\n    at AuthService.login (/home/kritan/Documents/Personal Projects/lf_assessment/backend/src/services/auth.service.ts:77:26)\n    at login (/home/kritan/Documents/Personal Projects/lf_assessment/backend/src/controllers/auth.controller.ts:21:22)","statusCode":401,"timestamp":"2026-08-20 07:29:59"}
{"level":"info","message":"Gracefully shutting down server...","service":"event-planner-api","timestamp":"2026-08-20 07:30:12"}
{"level":"info","message":"Starting Event Planning API server in development mode...","service":"event-planner-api","timestamp":"2026-08-20 07:30:12"}
{"level":"info","message":"✅ Database connected successfully (mysql2)","service":"event-planner-api","timestamp":"2026-08-20 07:30:12"}
{"level":"info","message":"🚀 Server running on http://localhost:5000","service":"event-planner-api","timestamp":"2026-08-20 07:30:12"}
{"level":"info","message":"📚 Swagger API Docs available at http://localhost:5000/api-docs","service":"event-planner-api","timestamp":"2026-08-20 07:30:12"}
{"level":"info","message":"⚡ API endpoints live at http://localhost:5000/api/v1","service":"event-planner-api","timestamp":"2026-08-20 07:30:12"}
{"code":"EMAIL_EXISTS","level":"error","message":"POST /api/v1/auth/register - Error: An account with this email address already exists.","service":"event-planner-api","stack":"Error: An account with this email address already exists.\n    at AuthService.register (/home/kritan/Documents/Personal Projects/lf_assessment/backend/src/services/auth.service.ts:16:26)\n    at processTicksAndRejections (node:internal/process/task_queues:104:5)\n    at register (/home/kritan/Documents/Personal Projects/lf_assessment/backend/src/controllers/auth.controller.ts:9:22)","statusCode":409,"timestamp":"2026-08-20 07:30:25"}
{"code":"INVALID_CREDENTIALS","level":"error","message":"POST /api/v1/auth/login - Error: Invalid email or password.","service":"event-planner-api","stack":"Error: Invalid email or password.\n    at AuthService.login (/home/kritan/Documents/Personal Projects/lf_assessment/backend/src/services/auth.service.ts:77:26)\n    at login (/home/kritan/Documents/Personal Projects/lf_assessment/backend/src/controllers/auth.controller.ts:21:22)","statusCode":401,"timestamp":"2026-08-20 07:30:26"}
{"code":"TOKEN_REUSE_DETECTED","level":"error","message":"POST /api/v1/auth/refresh-token - Error: Suspicious activity detected: Refresh token was already used. All sessions revoked.","service":"event-planner-api","stack":"Error: Suspicious activity detected: Refresh token was already used. All sessions revoked.\n    at AuthService.refreshAccessToken (/home/kritan/Documents/Personal Projects/lf_assessment/backend/src/services/auth.service.ts:152:28)\n    at processTicksAndRejections (node:internal/process/task_queues:104:5)\n    at refreshToken (/home/kritan/Documents/Personal Projects/lf_assessment/backend/src/controllers/auth.controller.ts:38:22)","statusCode":401,"timestamp":"2026-08-20 07:30:26"}
{"code":"FORBIDDEN","level":"error","message":"PUT /api/v1/events/7 - Error: Forbidden: Only the event creator can edit this event.","service":"event-planner-api","stack":"Error: Forbidden: Only the event creator can edit this event.\n    at EventService.updateEvent (/home/kritan/Documents/Personal Projects/lf_assessment/backend/src/services/event.service.ts:438:26)\n    at processTicksAndRejections (node:internal/process/task_queues:104:5)\n    at updateEvent (/home/kritan/Documents/Personal Projects/lf_assessment/backend/src/controllers/event.controller.ts:42:21)","statusCode":403,"timestamp":"2026-08-20 07:30:27"}
{"level":"info","message":"GET /api/v1/tags 304 - - 21.580 ms","service":"event-planner-api","timestamp":"2026-08-20 07:30:43"}
{"level":"info","message":"GET /api/v1/auth/profile 401 112 - 1.056 ms","service":"event-planner-api","timestamp":"2026-08-20 07:30:43"}
{"level":"info","message":"GET /api/v1/tags 304 - - 15.788 ms","service":"event-planner-api","timestamp":"2026-08-20 07:30:43"}
{"level":"info","message":"GET /api/v1/events?page=1&limit=9&search=&timeframe=all&event_type=all&sort_by=date 200 4678 - 50.686 ms","service":"event-planner-api","timestamp":"2026-08-20 07:30:43"}
{"level":"info","message":"GET /api/v1/events/metrics 304 - - 71.479 ms","service":"event-planner-api","timestamp":"2026-08-20 07:30:43"}
{"level":"info","message":"POST /api/v1/auth/refresh-token 401 98 - 0.978 ms","service":"event-planner-api","timestamp":"2026-08-20 07:30:43"}
{"level":"info","message":"GET /api/v1/events?page=1&limit=9&search=&timeframe=all&event_type=all&sort_by=date 304 - - 12.638 ms","service":"event-planner-api","timestamp":"2026-08-20 07:30:43"}
{"level":"info","message":"GET /api/v1/events/metrics 304 - - 13.672 ms","service":"event-planner-api","timestamp":"2026-08-20 07:30:43"}
{"level":"info","message":"GET /api/v1/tags 304 - - 6.040 ms","service":"event-planner-api","timestamp":"2026-08-20 07:31:03"}
{"level":"info","message":"GET /api/v1/tags 304 - - 7.358 ms","service":"event-planner-api","timestamp":"2026-08-20 07:31:03"}
{"level":"info","message":"GET /api/v1/events?page=1&limit=9&search=&timeframe=all&event_type=all&sort_by=date 304 - - 17.358 ms","service":"event-planner-api","timestamp":"2026-08-20 07:31:03"}
{"level":"info","message":"GET /api/v1/events/metrics 304 - - 30.726 ms","service":"event-planner-api","timestamp":"2026-08-20 07:31:03"}
{"level":"info","message":"GET /api/v1/events?page=1&limit=9&search=&timeframe=all&event_type=all&sort_by=date 304 - - 14.267 ms","service":"event-planner-api","timestamp":"2026-08-20 07:31:03"}
{"level":"info","message":"GET /api/v1/events/metrics 304 - - 21.073 ms","service":"event-planner-api","timestamp":"2026-08-20 07:31:03"}
{"level":"info","message":"GET /api/v1/tags 304 - - 4.452 ms","service":"event-planner-api","timestamp":"2026-08-20 07:31:11"}
{"level":"info","message":"GET /api/v1/auth/profile 401 112 - 0.394 ms","service":"event-planner-api","timestamp":"2026-08-20 07:31:11"}
{"level":"info","message":"GET /api/v1/events/metrics 304 - - 22.900 ms","service":"event-planner-api","timestamp":"2026-08-20 07:31:11"}
{"level":"info","message":"GET /api/v1/tags 304 - - 7.057 ms","service":"event-planner-api","timestamp":"2026-08-20 07:31:11"}
{"level":"info","message":"POST /api/v1/auth/refresh-token 401 98 - 0.738 ms","service":"event-planner-api","timestamp":"2026-08-20 07:31:11"}
{"level":"info","message":"GET /api/v1/events?page=1&limit=9&search=&timeframe=all&event_type=all&sort_by=date 304 - - 29.113 ms","service":"event-planner-api","timestamp":"2026-08-20 07:31:11"}
{"level":"info","message":"GET /api/v1/events/metrics 304 - - 14.229 ms","service":"event-planner-api","timestamp":"2026-08-20 07:31:11"}
{"level":"info","message":"GET /api/v1/events?page=1&limit=9&search=&timeframe=all&event_type=all&sort_by=date 304 - - 11.930 ms","service":"event-planner-api","timestamp":"2026-08-20 07:31:11"}
{"code":"EMAIL_EXISTS","level":"error","message":"POST /api/v1/auth/register - Error: An account with this email address already exists.","service":"event-planner-api","stack":"Error: An account with this email address already exists.\n    at AuthService.register (/home/kritan/Documents/Personal Projects/lf_assessment/backend/src/services/auth.service.ts:16:26)\n    at processTicksAndRejections (node:internal/process/task_queues:104:5)\n    at register (/home/kritan/Documents/Personal Projects/lf_assessment/backend/src/controllers/auth.controller.ts:9:22)","statusCode":409,"timestamp":"2026-08-20 07:31:42"}
{"code":"INVALID_CREDENTIALS","level":"error","message":"POST /api/v1/auth/login - Error: Invalid email or password.","service":"event-planner-api","stack":"Error: Invalid email or password.\n    at AuthService.login (/home/kritan/Documents/Personal Projects/lf_assessment/backend/src/services/auth.service.ts:77:26)\n    at login (/home/kritan/Documents/Personal Projects/lf_assessment/backend/src/controllers/auth.controller.ts:21:22)","statusCode":401,"timestamp":"2026-08-20 07:31:42"}
{"code":"TOKEN_REUSE_DETECTED","level":"error","message":"POST /api/v1/auth/refresh-token - Error: Suspicious activity detected: Refresh token was already used. All sessions revoked.","service":"event-planner-api","stack":"Error: Suspicious activity detected: Refresh token was already used. All sessions revoked.\n    at AuthService.refreshAccessToken (/home/kritan/Documents/Personal Projects/lf_assessment/backend/src/services/auth.service.ts:152:28)\n    at processTicksAndRejections (node:internal/process/task_queues:104:5)\n    at refreshToken (/home/kritan/Documents/Personal Projects/lf_assessment/backend/src/controllers/auth.controller.ts:38:22)","statusCode":401,"timestamp":"2026-08-20 07:31:42"}
{"code":"FORBIDDEN","level":"error","message":"PUT /api/v1/events/7 - Error: Forbidden: Only the event creator can edit this event.","service":"event-planner-api","stack":"Error: Forbidden: Only the event creator can edit this event.\n    at EventService.updateEvent (/home/kritan/Documents/Personal Projects/lf_assessment/backend/src/services/event.service.ts:438:26)\n    at processTicksAndRejections (node:internal/process/task_queues:104:5)\n    at updateEvent (/home/kritan/Documents/Personal Projects/lf_assessment/backend/src/controllers/event.controller.ts:42:21)","statusCode":403,"timestamp":"2026-08-20 07:31:44"}
{"level":"info","message":"GET /api/v1/tags 200 562 - 6.949 ms","service":"event-planner-api","timestamp":"2026-08-20 07:32:39"}
{"level":"info","message":"GET /api/v1/auth/profile 401 112 - 0.571 ms","service":"event-planner-api","timestamp":"2026-08-20 07:32:39"}
{"level":"info","message":"GET /api/v1/tags 304 - - 9.945 ms","service":"event-planner-api","timestamp":"2026-08-20 07:32:39"}
{"level":"info","message":"GET /api/v1/auth/profile 401 112 - 0.340 ms","service":"event-planner-api","timestamp":"2026-08-20 07:32:39"}
{"level":"info","message":"GET /api/v1/events/metrics 200 140 - 36.554 ms","service":"event-planner-api","timestamp":"2026-08-20 07:32:39"}
{"level":"info","message":"GET /api/v1/events?page=1&limit=9&search=&timeframe=all&event_type=all&sort_by=date 200 4678 - 33.536 ms","service":"event-planner-api","timestamp":"2026-08-20 07:32:39"}
{"level":"info","message":"POST /api/v1/auth/refresh-token 401 98 - 0.704 ms","service":"event-planner-api","timestamp":"2026-08-20 07:32:39"}
{"level":"info","message":"GET /api/v1/events?page=1&limit=9&search=&timeframe=all&event_type=all&sort_by=date 304 - - 12.791 ms","service":"event-planner-api","timestamp":"2026-08-20 07:32:39"}
{"level":"info","message":"GET /api/v1/events/metrics 304 - - 16.796 ms","service":"event-planner-api","timestamp":"2026-08-20 07:32:39"}
{"level":"info","message":"POST /api/v1/auth/login 200 763 - 158.146 ms","service":"event-planner-api","timestamp":"2026-08-20 07:33:04"}
{"level":"info","message":"GET /api/v1/tags 304 - - 5.035 ms","service":"event-planner-api","timestamp":"2026-08-20 07:33:04"}
{"level":"info","message":"GET /api/v1/tags 304 - - 5.844 ms","service":"event-planner-api","timestamp":"2026-08-20 07:33:04"}
{"level":"info","message":"GET /api/v1/events/metrics 304 - - 27.468 ms","service":"event-planner-api","timestamp":"2026-08-20 07:33:04"}
{"level":"info","message":"GET /api/v1/events?page=1&limit=9&search=&timeframe=all&event_type=all&sort_by=date 200 6270 - 22.784 ms","service":"event-planner-api","timestamp":"2026-08-20 07:33:04"}
{"level":"info","message":"GET /api/v1/events/metrics 304 - - 15.651 ms","service":"event-planner-api","timestamp":"2026-08-20 07:33:04"}
{"level":"info","message":"GET /api/v1/events?page=1&limit=9&search=&timeframe=all&event_type=all&sort_by=date 304 - - 19.234 ms","service":"event-planner-api","timestamp":"2026-08-20 07:33:04"}
{"level":"info","message":"GET /api/v1/events/7 200 1141 - 14.564 ms","service":"event-planner-api","timestamp":"2026-08-20 07:33:11"}
{"level":"info","message":"GET /api/v1/events/7 304 - - 11.291 ms","service":"event-planner-api","timestamp":"2026-08-20 07:33:11"}
{"level":"info","message":"POST /api/v1/rsvps/events/7 200 183 - 28.189 ms","service":"event-planner-api","timestamp":"2026-08-20 07:33:15"}
{"level":"info","message":"GET /api/v1/events/7 200 1294 - 11.588 ms","service":"event-planner-api","timestamp":"2026-08-20 07:33:15"}
{"level":"info","message":"POST /api/v1/rsvps/events/7 200 180 - 13.017 ms","service":"event-planner-api","timestamp":"2026-08-20 07:33:17"}
{"level":"info","message":"GET /api/v1/events/7 200 1292 - 8.771 ms","service":"event-planner-api","timestamp":"2026-08-20 07:33:17"}
{"level":"info","message":"GET /api/v1/auth/profile 200 280 - 5.246 ms","service":"event-planner-api","timestamp":"2026-08-20 07:33:23"}
{"level":"info","message":"GET /api/v1/events/7 304 - - 18.669 ms","service":"event-planner-api","timestamp":"2026-08-20 07:33:23"}
{"level":"info","message":"GET /api/v1/auth/profile 304 - - 4.717 ms","service":"event-planner-api","timestamp":"2026-08-20 07:33:23"}
{"level":"info","message":"GET /api/v1/events/7 304 - - 12.689 ms","service":"event-planner-api","timestamp":"2026-08-20 07:33:23"}
{"level":"info","message":"GET /api/v1/events/7 304 - - 11.455 ms","service":"event-planner-api","timestamp":"2026-08-20 07:38:25"}
{"code":"EMAIL_EXISTS","level":"error","message":"POST /api/v1/auth/register - Error: An account with this email address already exists.","service":"event-planner-api","stack":"Error: An account with this email address already exists.\n    at AuthService.register (/home/kritan/Documents/Personal Projects/lf_assessment/backend/src/services/auth.service.ts:16:26)\n    at processTicksAndRejections (node:internal/process/task_queues:104:5)\n    at register (/home/kritan/Documents/Personal Projects/lf_assessment/backend/src/controllers/auth.controller.ts:9:22)","statusCode":409,"timestamp":"2026-08-20 07:39:19"}
{"code":"INVALID_CREDENTIALS","level":"error","message":"POST /api/v1/auth/login - Error: Invalid email or password.","service":"event-planner-api","stack":"Error: Invalid email or password.\n    at AuthService.login (/home/kritan/Documents/Personal Projects/lf_assessment/backend/src/services/auth.service.ts:77:26)\n    at login (/home/kritan/Documents/Personal Projects/lf_assessment/backend/src/controllers/auth.controller.ts:21:22)","statusCode":401,"timestamp":"2026-08-20 07:39:19"}
{"code":"TOKEN_REUSE_DETECTED","level":"error","message":"POST /api/v1/auth/refresh-token - Error: Suspicious activity detected: Refresh token was already used. All sessions revoked.","service":"event-planner-api","stack":"Error: Suspicious activity detected: Refresh token was already used. All sessions revoked.\n    at AuthService.refreshAccessToken (/home/kritan/Documents/Personal Projects/lf_assessment/backend/src/services/auth.service.ts:152:28)\n    at processTicksAndRejections (node:internal/process/task_queues:104:5)\n    at refreshToken (/home/kritan/Documents/Personal Projects/lf_assessment/backend/src/controllers/auth.controller.ts:38:22)","statusCode":401,"timestamp":"2026-08-20 07:39:20"}
{"code":"FORBIDDEN","level":"error","message":"PUT /api/v1/events/7 - Error: Forbidden: Only the event creator can edit this event.","service":"event-planner-api","stack":"Error: Forbidden: Only the event creator can edit this event.\n    at EventService.updateEvent (/home/kritan/Documents/Personal Projects/lf_assessment/backend/src/services/event.service.ts:438:26)\n    at processTicksAndRejections (node:internal/process/task_queues:104:5)\n    at updateEvent (/home/kritan/Documents/Personal Projects/lf_assessment/backend/src/controllers/event.controller.ts:42:21)","statusCode":403,"timestamp":"2026-08-20 07:39:21"}
{"level":"info","message":"GET /api/v1/auth/profile 200 280 - 4.113 ms","service":"event-planner-api","timestamp":"2026-08-20 07:40:01"}
{"level":"info","message":"GET /api/v1/auth/profile 200 280 - 8.408 ms","service":"event-planner-api","timestamp":"2026-08-20 07:40:02"}
{"level":"info","message":"GET /api/v1/events/7 200 1292 - 30.868 ms","service":"event-planner-api","timestamp":"2026-08-20 07:40:02"}
{"level":"info","message":"GET /api/v1/events/7 200 1292 - 25.982 ms","service":"event-planner-api","timestamp":"2026-08-20 07:40:02"}
{"code":"PRIVATE_EVENT_FORBIDDEN","level":"error","message":"GET /api/v1/events/7 - Error: This event is private. Please sign in to view details.","service":"event-planner-api","stack":"Error: This event is private. Please sign in to view details.\n    at EventService.getEventById (/home/kritan/Documents/Personal Projects/lf_assessment/backend/src/services/event.service.ts:293:26)\n    at processTicksAndRejections (node:internal/process/task_queues:104:5)\n    at getEventById (/home/kritan/Documents/Personal Projects/lf_assessment/backend/src/controllers/event.controller.ts:20:21)","statusCode":403,"timestamp":"2026-08-20 08:37:40"}
{"level":"info","message":"GET /api/v1/events/7 403 541 - 32.792 ms","service":"event-planner-api","timestamp":"2026-08-20 08:37:40"}
{"code":"PRIVATE_EVENT_FORBIDDEN","level":"error","message":"GET /api/v1/events/7 - Error: This event is private. Please sign in to view details.","service":"event-planner-api","stack":"Error: This event is private. Please sign in to view details.\n    at EventService.getEventById (/home/kritan/Documents/Personal Projects/lf_assessment/backend/src/services/event.service.ts:293:26)\n    at processTicksAndRejections (node:internal/process/task_queues:104:5)\n    at getEventById (/home/kritan/Documents/Personal Projects/lf_assessment/backend/src/controllers/event.controller.ts:20:21)","statusCode":403,"timestamp":"2026-08-20 08:37:40"}
{"level":"info","message":"GET /api/v1/events/7 403 541 - 5.502 ms","service":"event-planner-api","timestamp":"2026-08-20 08:37:40"}
{"code":"PRIVATE_EVENT_FORBIDDEN","level":"error","message":"GET /api/v1/events/7 - Error: This event is private. Please sign in to view details.","service":"event-planner-api","stack":"Error: This event is private. Please sign in to view details.\n    at EventService.getEventById (/home/kritan/Documents/Personal Projects/lf_assessment/backend/src/services/event.service.ts:293:26)\n    at processTicksAndRejections (node:internal/process/task_queues:104:5)\n    at getEventById (/home/kritan/Documents/Personal Projects/lf_assessment/backend/src/controllers/event.controller.ts:20:21)","statusCode":403,"timestamp":"2026-08-20 08:37:53"}
{"level":"info","message":"GET /api/v1/events/7 403 541 - 3.652 ms","service":"event-planner-api","timestamp":"2026-08-20 08:37:53"}
{"level":"info","message":"GET /api/v1/auth/profile 401 112 - 0.404 ms","service":"event-planner-api","timestamp":"2026-08-20 08:40:12"}
{"code":"PRIVATE_EVENT_FORBIDDEN","level":"error","message":"GET /api/v1/events/7 - Error: This event is private. Please sign in to view details.","service":"event-planner-api","stack":"Error: This event is private. Please sign in to view details.\n    at EventService.getEventById (/home/kritan/Documents/Personal Projects/lf_assessment/backend/src/services/event.service.ts:293:26)\n    at processTicksAndRejections (node:internal/process/task_queues:104:5)\n    at getEventById (/home/kritan/Documents/Personal Projects/lf_assessment/backend/src/controllers/event.controller.ts:20:21)","statusCode":403,"timestamp":"2026-08-20 08:40:12"}
{"level":"info","message":"GET /api/v1/events/7 403 541 - 5.950 ms","service":"event-planner-api","timestamp":"2026-08-20 08:40:12"}
{"level":"info","message":"GET /api/v1/auth/profile 401 112 - 0.555 ms","service":"event-planner-api","timestamp":"2026-08-20 08:40:12"}
{"code":"PRIVATE_EVENT_FORBIDDEN","level":"error","message":"GET /api/v1/events/7 - Error: This event is private. Please sign in to view details.","service":"event-planner-api","stack":"Error: This event is private. Please sign in to view details.\n    at EventService.getEventById (/home/kritan/Documents/Personal Projects/lf_assessment/backend/src/services/event.service.ts:293:26)\n    at processTicksAndRejections (node:internal/process/task_queues:104:5)\n    at getEventById (/home/kritan/Documents/Personal Projects/lf_assessment/backend/src/controllers/event.controller.ts:20:21)","statusCode":403,"timestamp":"2026-08-20 08:40:12"}
{"level":"info","message":"GET /api/v1/events/7 403 541 - 4.571 ms","service":"event-planner-api","timestamp":"2026-08-20 08:40:12"}
{"level":"info","message":"POST /api/v1/auth/refresh-token 200 749 - 21.212 ms","service":"event-planner-api","timestamp":"2026-08-20 08:40:13"}
{"level":"info","message":"GET /api/v1/auth/profile 304 - - 3.418 ms","service":"event-planner-api","timestamp":"2026-08-20 08:40:13"}
{"level":"info","message":"GET /api/v1/auth/profile 304 - - 3.196 ms","service":"event-planner-api","timestamp":"2026-08-20 08:40:13"}
{"level":"info","message":"GET /api/v1/tags 304 - - 3.817 ms","service":"event-planner-api","timestamp":"2026-08-20 08:40:14"}
{"level":"info","message":"GET /api/v1/tags 304 - - 4.394 ms","service":"event-planner-api","timestamp":"2026-08-20 08:40:14"}
{"level":"info","message":"GET /api/v1/events/metrics 304 - - 23.823 ms","service":"event-planner-api","timestamp":"2026-08-20 08:40:14"}
{"level":"info","message":"GET /api/v1/events?page=1&limit=9&search=&timeframe=all&event_type=all&sort_by=date 200 6270 - 24.602 ms","service":"event-planner-api","timestamp":"2026-08-20 08:40:14"}
{"level":"info","message":"GET /api/v1/events/metrics 304 - - 13.388 ms","service":"event-planner-api","timestamp":"2026-08-20 08:40:14"}
{"level":"info","message":"GET /api/v1/events?page=1&limit=9&search=&timeframe=all&event_type=all&sort_by=date 304 - - 13.503 ms","service":"event-planner-api","timestamp":"2026-08-20 08:40:14"}
{"level":"info","message":"GET /api/v1/events/7 200 1292 - 11.827 ms","service":"event-planner-api","timestamp":"2026-08-20 08:40:23"}
{"level":"info","message":"GET /api/v1/events/7 304 - - 12.275 ms","service":"event-planner-api","timestamp":"2026-08-20 08:40:23"}
{"level":"info","message":"POST /api/v1/auth/logout 200 98 - 9.154 ms","service":"event-planner-api","timestamp":"2026-08-20 08:43:37"}
{"level":"info","message":"GET /api/v1/tags 304 - - 4.779 ms","service":"event-planner-api","timestamp":"2026-08-20 08:43:37"}
{"level":"info","message":"GET /api/v1/tags 304 - - 5.249 ms","service":"event-planner-api","timestamp":"2026-08-20 08:43:37"}
{"level":"info","message":"GET /api/v1/events/metrics 304 - - 22.913 ms","service":"event-planner-api","timestamp":"2026-08-20 08:43:37"}
{"level":"info","message":"GET /api/v1/events?page=1&limit=9&search=&timeframe=all&event_type=all&sort_by=date 200 4678 - 20.153 ms","service":"event-planner-api","timestamp":"2026-08-20 08:43:37"}
{"level":"info","message":"GET /api/v1/events/metrics 304 - - 11.681 ms","service":"event-planner-api","timestamp":"2026-08-20 08:43:37"}
{"level":"info","message":"GET /api/v1/events?page=1&limit=9&search=&timeframe=all&event_type=all&sort_by=date 304 - - 10.054 ms","service":"event-planner-api","timestamp":"2026-08-20 08:43:37"}
{"level":"info","message":"POST /api/v1/auth/login 200 143 - 125.956 ms","service":"event-planner-api","timestamp":"2026-08-20 08:43:42"}
{"level":"info","message":"POST /api/v1/auth/login 200 764 - 134.092 ms","service":"event-planner-api","timestamp":"2026-08-20 08:43:56"}
{"level":"info","message":"GET /api/v1/tags 304 - - 3.965 ms","service":"event-planner-api","timestamp":"2026-08-20 08:43:56"}
{"level":"info","message":"GET /api/v1/events/metrics 304 - - 16.701 ms","service":"event-planner-api","timestamp":"2026-08-20 08:43:56"}
{"level":"info","message":"GET /api/v1/tags 304 - - 6.929 ms","service":"event-planner-api","timestamp":"2026-08-20 08:43:56"}
{"level":"info","message":"GET /api/v1/events?page=1&limit=9&search=&timeframe=all&event_type=all&sort_by=date 200 6270 - 23.276 ms","service":"event-planner-api","timestamp":"2026-08-20 08:43:56"}
{"level":"info","message":"GET /api/v1/events/metrics 304 - - 18.724 ms","service":"event-planner-api","timestamp":"2026-08-20 08:43:56"}
{"level":"info","message":"GET /api/v1/events?page=1&limit=9&search=&timeframe=all&event_type=all&sort_by=date 304 - - 17.124 ms","service":"event-planner-api","timestamp":"2026-08-20 08:43:56"}
{"level":"info","message":"GET /api/v1/rsvps/my-rsvps 200 678 - 7.135 ms","service":"event-planner-api","timestamp":"2026-08-20 08:44:03"}
{"level":"info","message":"GET /api/v1/tags 304 - - 6.951 ms","service":"event-planner-api","timestamp":"2026-08-20 08:44:03"}
{"level":"info","message":"GET /api/v1/events?creator_id=4&limit=50 200 920 - 19.158 ms","service":"event-planner-api","timestamp":"2026-08-20 08:44:03"}
{"level":"info","message":"GET /api/v1/rsvps/my-rsvps 304 - - 5.111 ms","service":"event-planner-api","timestamp":"2026-08-20 08:44:03"}
{"level":"info","message":"GET /api/v1/tags 304 - - 5.692 ms","service":"event-planner-api","timestamp":"2026-08-20 08:44:03"}
{"level":"info","message":"GET /api/v1/events?creator_id=4&limit=50 304 - - 13.703 ms","service":"event-planner-api","timestamp":"2026-08-20 08:44:03"}
{"level":"info","message":"GET /api/v1/events/7 200 1292 - 6.669 ms","service":"event-planner-api","timestamp":"2026-08-20 08:44:04"}
{"level":"info","message":"GET /api/v1/events/7 304 - - 6.857 ms","service":"event-planner-api","timestamp":"2026-08-20 08:44:04"}
{"level":"info","message":"PUT /api/v1/events/7 200 1281 - 29.433 ms","service":"event-planner-api","timestamp":"2026-08-20 08:44:17"}
{"level":"info","message":"POST /api/v1/auth/logout 200 98 - 6.309 ms","service":"event-planner-api","timestamp":"2026-08-20 08:44:35"}
{"level":"info","message":"GET /api/v1/tags 304 - - 3.453 ms","service":"event-planner-api","timestamp":"2026-08-20 08:44:35"}
{"level":"info","message":"GET /api/v1/tags 304 - - 4.873 ms","service":"event-planner-api","timestamp":"2026-08-20 08:44:35"}
{"level":"info","message":"GET /api/v1/events?page=1&limit=9&search=&timeframe=all&event_type=all&sort_by=date 200 4678 - 15.518 ms","service":"event-planner-api","timestamp":"2026-08-20 08:44:35"}
{"level":"info","message":"GET /api/v1/events/metrics 304 - - 20.504 ms","service":"event-planner-api","timestamp":"2026-08-20 08:44:35"}
{"level":"info","message":"GET /api/v1/events?page=1&limit=9&search=&timeframe=all&event_type=all&sort_by=date 304 - - 11.089 ms","service":"event-planner-api","timestamp":"2026-08-20 08:44:35"}
{"level":"info","message":"GET /api/v1/events/metrics 304 - - 9.883 ms","service":"event-planner-api","timestamp":"2026-08-20 08:44:35"}
{"level":"info","message":"POST /api/v1/auth/register 201 821 - 144.264 ms","service":"event-planner-api","timestamp":"2026-08-20 08:44:50"}
{"level":"info","message":"GET /api/v1/tags 304 - - 3.818 ms","service":"event-planner-api","timestamp":"2026-08-20 08:44:50"}
{"level":"info","message":"GET /api/v1/tags 304 - - 3.071 ms","service":"event-planner-api","timestamp":"2026-08-20 08:44:50"}
{"level":"info","message":"GET /api/v1/events?page=1&limit=9&search=&timeframe=all&event_type=all&sort_by=date 200 6269 - 16.311 ms","service":"event-planner-api","timestamp":"2026-08-20 08:44:50"}
{"level":"info","message":"GET /api/v1/events/metrics 304 - - 23.026 ms","service":"event-planner-api","timestamp":"2026-08-20 08:44:50"}
{"level":"info","message":"GET /api/v1/events?page=1&limit=9&search=&timeframe=all&event_type=all&sort_by=date 304 - - 13.479 ms","service":"event-planner-api","timestamp":"2026-08-20 08:44:50"}
{"level":"info","message":"GET /api/v1/events/metrics 304 - - 11.811 ms","service":"event-planner-api","timestamp":"2026-08-20 08:44:50"}
{"level":"info","message":"GET /api/v1/events/7 200 1291 - 12.278 ms","service":"event-planner-api","timestamp":"2026-08-20 08:44:56"}
{"level":"info","message":"GET /api/v1/events/7 304 - - 12.054 ms","service":"event-planner-api","timestamp":"2026-08-20 08:44:56"}
{"level":"info","message":"POST /api/v1/rsvps/events/7 200 183 - 18.919 ms","service":"event-planner-api","timestamp":"2026-08-20 08:45:04"}
{"level":"info","message":"GET /api/v1/events/7 200 1446 - 10.591 ms","service":"event-planner-api","timestamp":"2026-08-20 08:45:04"}
{"level":"info","message":"POST /api/v1/auth/logout 200 98 - 6.121 ms","service":"event-planner-api","timestamp":"2026-08-20 08:45:24"}
{"level":"info","message":"GET /api/v1/tags 304 - - 4.359 ms","service":"event-planner-api","timestamp":"2026-08-20 08:45:24"}
{"level":"info","message":"GET /api/v1/tags 304 - - 7.758 ms","service":"event-planner-api","timestamp":"2026-08-20 08:45:24"}
{"level":"info","message":"GET /api/v1/events/metrics 200 140 - 26.672 ms","service":"event-planner-api","timestamp":"2026-08-20 08:45:24"}
{"level":"info","message":"GET /api/v1/events?page=1&limit=9&search=&timeframe=all&event_type=all&sort_by=date 200 4678 - 23.738 ms","service":"event-planner-api","timestamp":"2026-08-20 08:45:24"}
{"level":"info","message":"GET /api/v1/events/metrics 304 - - 12.954 ms","service":"event-planner-api","timestamp":"2026-08-20 08:45:24"}
{"level":"info","message":"GET /api/v1/events?page=1&limit=9&search=&timeframe=all&event_type=all&sort_by=date 304 - - 10.316 ms","service":"event-planner-api","timestamp":"2026-08-20 08:45:24"}
{"level":"info","message":"POST /api/v1/auth/login 200 763 - 133.371 ms","service":"event-planner-api","timestamp":"2026-08-20 08:45:28"}
{"level":"info","message":"GET /api/v1/tags 304 - - 3.688 ms","service":"event-planner-api","timestamp":"2026-08-20 08:45:28"}
{"level":"info","message":"GET /api/v1/tags 304 - - 6.818 ms","service":"event-planner-api","timestamp":"2026-08-20 08:45:29"}
{"level":"info","message":"GET /api/v1/events/metrics 304 - - 18.799 ms","service":"event-planner-api","timestamp":"2026-08-20 08:45:29"}
{"level":"info","message":"GET /api/v1/events?page=1&limit=9&search=&timeframe=all&event_type=all&sort_by=date 200 6269 - 21.996 ms","service":"event-planner-api","timestamp":"2026-08-20 08:45:29"}
{"level":"info","message":"GET /api/v1/events/metrics 304 - - 10.879 ms","service":"event-planner-api","timestamp":"2026-08-20 08:45:29"}
{"level":"info","message":"GET /api/v1/events?page=1&limit=9&search=&timeframe=all&event_type=all&sort_by=date 304 - - 13.305 ms","service":"event-planner-api","timestamp":"2026-08-20 08:45:29"}
{"level":"info","message":"GET /api/v1/events/7 200 1445 - 7.495 ms","service":"event-planner-api","timestamp":"2026-08-20 08:45:31"}
{"level":"info","message":"GET /api/v1/events/7 304 - - 7.482 ms","service":"event-planner-api","timestamp":"2026-08-20 08:45:31"}
{"level":"info","message":"POST /api/v1/rsvps/events/7 200 183 - 17.372 ms","service":"event-planner-api","timestamp":"2026-08-20 08:45:33"}
{"level":"info","message":"GET /api/v1/events/7 200 1447 - 9.938 ms","service":"event-planner-api","timestamp":"2026-08-20 08:45:33"}
{"level":"info","message":"POST /api/v1/auth/logout 200 98 - 8.588 ms","service":"event-planner-api","timestamp":"2026-08-20 08:45:38"}
{"level":"info","message":"GET /api/v1/tags 304 - - 6.659 ms","service":"event-planner-api","timestamp":"2026-08-20 08:45:38"}
{"level":"info","message":"GET /api/v1/tags 304 - - 4.577 ms","service":"event-planner-api","timestamp":"2026-08-20 08:45:38"}
{"level":"info","message":"GET /api/v1/events?page=1&limit=9&search=&timeframe=all&event_type=all&sort_by=date 200 4678 - 13.829 ms","service":"event-planner-api","timestamp":"2026-08-20 08:45:38"}
{"level":"info","message":"GET /api/v1/events/metrics 200 140 - 20.104 ms","service":"event-planner-api","timestamp":"2026-08-20 08:45:38"}
{"level":"info","message":"GET /api/v1/events?page=1&limit=9&search=&timeframe=all&event_type=all&sort_by=date 304 - - 13.121 ms","service":"event-planner-api","timestamp":"2026-08-20 08:45:38"}
{"level":"info","message":"GET /api/v1/events/metrics 304 - - 14.092 ms","service":"event-planner-api","timestamp":"2026-08-20 08:45:38"}
{"level":"info","message":"POST /api/v1/auth/login 200 762 - 132.813 ms","service":"event-planner-api","timestamp":"2026-08-20 08:46:00"}
{"level":"info","message":"GET /api/v1/tags 304 - - 2.994 ms","service":"event-planner-api","timestamp":"2026-08-20 08:46:01"}
{"level":"info","message":"GET /api/v1/tags 304 - - 3.085 ms","service":"event-planner-api","timestamp":"2026-08-20 08:46:01"}
{"level":"info","message":"GET /api/v1/events?page=1&limit=9&search=&timeframe=all&event_type=all&sort_by=date 200 6272 - 12.958 ms","service":"event-planner-api","timestamp":"2026-08-20 08:46:01"}
{"level":"info","message":"GET /api/v1/events/metrics 304 - - 18.341 ms","service":"event-planner-api","timestamp":"2026-08-20 08:46:01"}
{"level":"info","message":"GET /api/v1/events?page=1&limit=9&search=&timeframe=all&event_type=all&sort_by=date 304 - - 11.601 ms","service":"event-planner-api","timestamp":"2026-08-20 08:46:01"}
{"level":"info","message":"GET /api/v1/events/metrics 304 - - 9.585 ms","service":"event-planner-api","timestamp":"2026-08-20 08:46:01"}
{"level":"info","message":"GET /api/v1/events/7 200 1449 - 9.373 ms","service":"event-planner-api","timestamp":"2026-08-20 08:46:05"}
{"level":"info","message":"GET /api/v1/events/7 304 - - 10.204 ms","service":"event-planner-api","timestamp":"2026-08-20 08:46:05"}
{"level":"info","message":"POST /api/v1/rsvps/events/7 200 180 - 13.711 ms","service":"event-planner-api","timestamp":"2026-08-20 08:46:15"}
{"level":"info","message":"GET /api/v1/events/7 200 1443 - 8.722 ms","service":"event-planner-api","timestamp":"2026-08-20 08:46:15"}
{"level":"info","message":"POST /api/v1/auth/logout 200 98 - 5.755 ms","service":"event-planner-api","timestamp":"2026-08-20 08:46:23"}
{"level":"info","message":"GET /api/v1/tags 304 - - 3.314 ms","service":"event-planner-api","timestamp":"2026-08-20 08:46:23"}
{"level":"info","message":"GET /api/v1/events/metrics 304 - - 13.858 ms","service":"event-planner-api","timestamp":"2026-08-20 08:46:23"}
{"level":"info","message":"GET /api/v1/tags 304 - - 4.211 ms","service":"event-planner-api","timestamp":"2026-08-20 08:46:23"}
{"level":"info","message":"GET /api/v1/events?page=1&limit=9&search=&timeframe=all&event_type=all&sort_by=date 200 4678 - 15.302 ms","service":"event-planner-api","timestamp":"2026-08-20 08:46:23"}
{"level":"info","message":"GET /api/v1/events/metrics 304 - - 11.899 ms","service":"event-planner-api","timestamp":"2026-08-20 08:46:23"}
{"level":"info","message":"GET /api/v1/events?page=1&limit=9&search=&timeframe=all&event_type=all&sort_by=date 304 - - 11.633 ms","service":"event-planner-api","timestamp":"2026-08-20 08:46:23"}
{"code":"INVALID_CREDENTIALS","level":"error","message":"POST /api/v1/auth/login - Error: Invalid email or password.","service":"event-planner-api","stack":"Error: Invalid email or password.\n    at AuthService.login (/home/kritan/Documents/Personal Projects/lf_assessment/backend/src/services/auth.service.ts:77:26)\n    at login (/home/kritan/Documents/Personal Projects/lf_assessment/backend/src/controllers/auth.controller.ts:21:22)","statusCode":401,"timestamp":"2026-08-20 08:46:33"}
{"level":"info","message":"POST /api/v1/auth/login 401 387 - 131.563 ms","service":"event-planner-api","timestamp":"2026-08-20 08:46:33"}
{"level":"info","message":"POST /api/v1/auth/login 200 762 - 135.089 ms","service":"event-planner-api","timestamp":"2026-08-20 08:46:35"}
{"level":"info","message":"GET /api/v1/tags 304 - - 3.177 ms","service":"event-planner-api","timestamp":"2026-08-20 08:46:35"}
{"level":"info","message":"GET /api/v1/tags 304 - - 4.790 ms","service":"event-planner-api","timestamp":"2026-08-20 08:46:35"}
{"level":"info","message":"GET /api/v1/events?page=1&limit=9&search=&timeframe=all&event_type=all&sort_by=date 200 6269 - 19.416 ms","service":"event-planner-api","timestamp":"2026-08-20 08:46:35"}
{"level":"info","message":"GET /api/v1/events/metrics 304 - - 25.654 ms","service":"event-planner-api","timestamp":"2026-08-20 08:46:35"}
{"level":"info","message":"GET /api/v1/events/metrics 304 - - 12.346 ms","service":"event-planner-api","timestamp":"2026-08-20 08:46:35"}
{"level":"info","message":"GET /api/v1/events?page=1&limit=9&search=&timeframe=all&event_type=all&sort_by=date 304 - - 18.615 ms","service":"event-planner-api","timestamp":"2026-08-20 08:46:35"}
{"level":"info","message":"Starting Event Planning API server in development mode...","service":"event-planner-api","timestamp":"2026-08-22 10:05:35"}
{"level":"info","message":"✅ Database connected successfully (mysql2)","service":"event-planner-api","timestamp":"2026-08-22 10:05:35"}
{"level":"info","message":"🚀 Server running on http://localhost:5000","service":"event-planner-api","timestamp":"2026-08-22 10:05:35"}
{"level":"info","message":"📚 Swagger API Docs available at http://localhost:5000/api-docs","service":"event-planner-api","timestamp":"2026-08-22 10:05:35"}
{"level":"info","message":"⚡ API endpoints live at http://localhost:5000/api/v1","service":"event-planner-api","timestamp":"2026-08-22 10:05:35"}
{"level":"info","message":"GET /api/v1/auth/profile 401 112 - 2.491 ms","service":"event-planner-api","timestamp":"2026-08-22 10:05:42"}
{"level":"info","message":"GET /api/v1/tags 200 562 - 33.246 ms","service":"event-planner-api","timestamp":"2026-08-22 10:05:42"}
{"level":"info","message":"GET /api/v1/auth/profile 401 112 - 0.608 ms","service":"event-planner-api","timestamp":"2026-08-22 10:05:42"}
{"level":"info","message":"GET /api/v1/tags 304 - - 4.524 ms","service":"event-planner-api","timestamp":"2026-08-22 10:05:42"}
{"level":"info","message":"GET /api/v1/events?page=1&limit=9&search=&timeframe=all&event_type=all&sort_by=date 200 4677 - 44.536 ms","service":"event-planner-api","timestamp":"2026-08-22 10:05:42"}
{"level":"info","message":"GET /api/v1/events/metrics 200 140 - 50.396 ms","service":"event-planner-api","timestamp":"2026-08-22 10:05:42"}
{"level":"info","message":"GET /api/v1/events?page=1&limit=9&search=&timeframe=all&event_type=all&sort_by=date 304 - - 9.809 ms","service":"event-planner-api","timestamp":"2026-08-22 10:05:42"}
{"level":"info","message":"GET /api/v1/events/metrics 304 - - 8.352 ms","service":"event-planner-api","timestamp":"2026-08-22 10:05:42"}
{"level":"info","message":"POST /api/v1/auth/refresh-token 401 98 - 0.847 ms","service":"event-planner-api","timestamp":"2026-08-22 10:05:42"}
{"level":"info","message":"GET /api/v1/events?page=1&limit=9&search=&timeframe=past&event_type=all&sort_by=date 200 2805 - 16.015 ms","service":"event-planner-api","timestamp":"2026-08-22 10:06:23"}
{"level":"info","message":"GET /api/v1/events?page=1&limit=9&search=&timeframe=all&event_type=all&sort_by=date 304 - - 13.317 ms","service":"event-planner-api","timestamp":"2026-08-22 10:06:27"}
{"level":"info","message":"POST /api/v1/auth/login 200 763 - 158.684 ms","service":"event-planner-api","timestamp":"2026-08-22 10:06:31"}
{"level":"info","message":"GET /api/v1/tags 304 - - 3.833 ms","service":"event-planner-api","timestamp":"2026-08-22 10:06:31"}
{"level":"info","message":"GET /api/v1/tags 304 - - 5.104 ms","service":"event-planner-api","timestamp":"2026-08-22 10:06:31"}
{"level":"info","message":"GET /api/v1/events/metrics 304 - - 24.601 ms","service":"event-planner-api","timestamp":"2026-08-22 10:06:31"}
{"level":"info","message":"GET /api/v1/events?page=1&limit=9&search=&timeframe=all&event_type=all&sort_by=date 200 6268 - 27.361 ms","service":"event-planner-api","timestamp":"2026-08-22 10:06:31"}
{"level":"info","message":"GET /api/v1/events/metrics 304 - - 12.944 ms","service":"event-planner-api","timestamp":"2026-08-22 10:06:31"}
{"level":"info","message":"GET /api/v1/events?page=1&limit=9&search=&timeframe=all&event_type=all&sort_by=date 304 - - 14.627 ms","service":"event-planner-api","timestamp":"2026-08-22 10:06:31"}
{"level":"info","message":"GET /api/v1/tags 304 - - 2.990 ms","service":"event-planner-api","timestamp":"2026-08-22 10:06:56"}
{"level":"info","message":"POST /api/v1/events 201 894 - 41.864 ms","service":"event-planner-api","timestamp":"2026-08-22 10:07:27"}
{"level":"info","message":"GET /api/v1/tags 200 562 - 11.510 ms","service":"event-planner-api","timestamp":"2026-08-22 10:07:28"}
{"level":"info","message":"GET /api/v1/auth/profile 200 280 - 8.778 ms","service":"event-planner-api","timestamp":"2026-08-22 10:07:28"}
{"level":"info","message":"GET /api/v1/tags 304 - - 10.124 ms","service":"event-planner-api","timestamp":"2026-08-22 10:07:28"}
{"level":"info","message":"GET /api/v1/events?page=1&limit=9&search=&timeframe=all&event_type=all&sort_by=date 200 6934 - 37.320 ms","service":"event-planner-api","timestamp":"2026-08-22 10:07:28"}
{"level":"info","message":"GET /api/v1/events/metrics 200 140 - 48.486 ms","service":"event-planner-api","timestamp":"2026-08-22 10:07:28"}
{"level":"info","message":"GET /api/v1/auth/profile 304 - - 7.018 ms","service":"event-planner-api","timestamp":"2026-08-22 10:07:28"}
{"level":"info","message":"GET /api/v1/events?page=1&limit=9&search=&timeframe=all&event_type=all&sort_by=date 304 - - 22.172 ms","service":"event-planner-api","timestamp":"2026-08-22 10:07:28"}
{"level":"info","message":"GET /api/v1/events/metrics 304 - - 20.462 ms","service":"event-planner-api","timestamp":"2026-08-22 10:07:28"}
{"level":"info","message":"DELETE /api/v1/events/8 200 104 - 11.833 ms","service":"event-planner-api","timestamp":"2026-08-22 10:07:38"}
{"level":"info","message":"GET /api/v1/tags 200 562 - 6.260 ms","service":"event-planner-api","timestamp":"2026-08-22 10:07:38"}
{"level":"info","message":"GET /api/v1/events?page=1&limit=9&search=&timeframe=all&event_type=all&sort_by=date 200 6268 - 19.320 ms","service":"event-planner-api","timestamp":"2026-08-22 10:07:38"}
{"level":"info","message":"GET /api/v1/events/metrics 200 140 - 20.663 ms","service":"event-planner-api","timestamp":"2026-08-22 10:07:38"}
{"level":"info","message":"GET /api/v1/tags 304 - - 3.125 ms","service":"event-planner-api","timestamp":"2026-08-22 10:08:10"}
{"level":"info","message":"POST /api/v1/events 201 911 - 25.949 ms","service":"event-planner-api","timestamp":"2026-08-22 10:08:28"}
{"level":"info","message":"GET /api/v1/tags 200 562 - 7.051 ms","service":"event-planner-api","timestamp":"2026-08-22 10:08:28"}
{"level":"info","message":"GET /api/v1/auth/profile 304 - - 10.774 ms","service":"event-planner-api","timestamp":"2026-08-22 10:08:28"}
{"level":"info","message":"GET /api/v1/tags 304 - - 10.486 ms","service":"event-planner-api","timestamp":"2026-08-22 10:08:28"}
{"level":"info","message":"GET /api/v1/events?page=1&limit=9&search=&timeframe=all&event_type=all&sort_by=date 200 6951 - 33.813 ms","service":"event-planner-api","timestamp":"2026-08-22 10:08:28"}
{"level":"info","message":"GET /api/v1/events/metrics 200 140 - 41.062 ms","service":"event-planner-api","timestamp":"2026-08-22 10:08:28"}
{"level":"info","message":"GET /api/v1/auth/profile 304 - - 4.825 ms","service":"event-planner-api","timestamp":"2026-08-22 10:08:28"}
{"level":"info","message":"GET /api/v1/events?page=1&limit=9&search=&timeframe=all&event_type=all&sort_by=date 304 - - 17.467 ms","service":"event-planner-api","timestamp":"2026-08-22 10:08:28"}
{"level":"info","message":"GET /api/v1/events/metrics 304 - - 15.464 ms","service":"event-planner-api","timestamp":"2026-08-22 10:08:28"}
{"level":"info","message":"PUT /api/v1/events/9 200 920 - 30.081 ms","service":"event-planner-api","timestamp":"2026-08-22 10:08:40"}
{"level":"info","message":"GET /api/v1/tags 304 - - 2.784 ms","service":"event-planner-api","timestamp":"2026-08-22 10:08:40"}
{"level":"info","message":"GET /api/v1/events?page=1&limit=9&search=&timeframe=all&event_type=all&sort_by=date 200 6960 - 18.903 ms","service":"event-planner-api","timestamp":"2026-08-22 10:08:40"}
{"level":"info","message":"GET /api/v1/events/metrics 304 - - 16.087 ms","service":"event-planner-api","timestamp":"2026-08-22 10:08:40"}
{"level":"info","message":"GET /api/v1/events?page=1&limit=9&search=&timeframe=upcoming&event_type=all&sort_by=date 200 3557 - 16.162 ms","service":"event-planner-api","timestamp":"2026-08-22 10:08:54"}
{"level":"info","message":"GET /api/v1/events?page=1&limit=9&search=&timeframe=past&event_type=all&sort_by=date 200 3563 - 9.991 ms","service":"event-planner-api","timestamp":"2026-08-22 10:08:57"}
{"level":"info","message":"GET /api/v1/events/7 200 1443 - 9.835 ms","service":"event-planner-api","timestamp":"2026-08-22 10:09:09"}
{"level":"info","message":"GET /api/v1/events/7 304 - - 7.936 ms","service":"event-planner-api","timestamp":"2026-08-22 10:09:09"}
{"level":"info","message":"GET /api/v1/tags 304 - - 3.282 ms","service":"event-planner-api","timestamp":"2026-08-22 10:09:27"}
{"level":"info","message":"GET /api/v1/tags 304 - - 7.727 ms","service":"event-planner-api","timestamp":"2026-08-22 10:09:27"}
{"level":"info","message":"GET /api/v1/events/metrics 304 - - 30.333 ms","service":"event-planner-api","timestamp":"2026-08-22 10:09:28"}
{"level":"info","message":"GET /api/v1/events?page=1&limit=9&search=&timeframe=all&event_type=all&sort_by=date 304 - - 28.541 ms","service":"event-planner-api","timestamp":"2026-08-22 10:09:28"}
{"level":"info","message":"GET /api/v1/events/metrics 304 - - 13.675 ms","service":"event-planner-api","timestamp":"2026-08-22 10:09:28"}
{"level":"info","message":"GET /api/v1/events?page=1&limit=9&search=&timeframe=all&event_type=all&sort_by=date 304 - - 13.904 ms","service":"event-planner-api","timestamp":"2026-08-22 10:09:28"}
{"level":"info","message":"GET /api/v1/events/9 200 930 - 13.892 ms","service":"event-planner-api","timestamp":"2026-08-22 10:09:30"}
{"level":"info","message":"GET /api/v1/events/9 304 - - 14.326 ms","service":"event-planner-api","timestamp":"2026-08-22 10:09:30"}
{"level":"info","message":"POST /api/v1/tags 201 106 - 5.122 ms","service":"event-planner-api","timestamp":"2026-08-22 10:09:40"}
{"level":"info","message":"POST /api/v1/tags 201 109 - 9.457 ms","service":"event-planner-api","timestamp":"2026-08-22 10:09:50"}
{"level":"info","message":"PUT /api/v1/events/9 200 1015 - 23.138 ms","service":"event-planner-api","timestamp":"2026-08-22 10:09:52"}
{"level":"info","message":"POST /api/v1/tags 201 104 - 10.173 ms","service":"event-planner-api","timestamp":"2026-08-22 10:10:10"}
{"level":"info","message":"PUT /api/v1/events/9 200 1059 - 27.250 ms","service":"event-planner-api","timestamp":"2026-08-22 10:10:55"}
{"level":"info","message":"GET /api/v1/tags 200 685 - 2.282 ms","service":"event-planner-api","timestamp":"2026-08-22 10:10:58"}
{"level":"info","message":"POST /api/v1/tags 201 105 - 8.928 ms","service":"event-planner-api","timestamp":"2026-08-22 10:11:02"}
{"level":"info","message":"GET /api/v1/tags 200 745 - 2.879 ms","service":"event-planner-api","timestamp":"2026-08-22 10:14:38"}
{"level":"info","message":"GET /api/v1/tags 304 - - 2.876 ms","service":"event-planner-api","timestamp":"2026-08-22 10:14:38"}
{"level":"info","message":"GET /api/v1/tags 304 - - 5.308 ms","service":"event-planner-api","timestamp":"2026-08-22 10:14:47"}
{"level":"info","message":"GET /api/v1/events/9 200 1069 - 13.316 ms","service":"event-planner-api","timestamp":"2026-08-22 10:14:57"}
{"level":"info","message":"POST /api/v1/tags 201 106 - 9.170 ms","service":"event-planner-api","timestamp":"2026-08-22 10:16:57"}
{"level":"info","message":"GET /api/v1/tags 200 806 - 3.314 ms","service":"event-planner-api","timestamp":"2026-08-22 10:16:57"}
{"level":"info","message":"POST /api/v1/tags 201 105 - 11.561 ms","service":"event-planner-api","timestamp":"2026-08-22 10:17:00"}
{"level":"info","message":"GET /api/v1/tags 200 866 - 2.809 ms","service":"event-planner-api","timestamp":"2026-08-22 10:17:00"}
{"level":"info","message":"GET /api/v1/tags 304 - - 3.058 ms","service":"event-planner-api","timestamp":"2026-08-22 10:17:05"}
{"level":"info","message":"POST /api/v1/tags 201 105 - 9.949 ms","service":"event-planner-api","timestamp":"2026-08-22 10:17:17"}
{"level":"info","message":"POST /api/v1/tags 201 106 - 2.515 ms","service":"event-planner-api","timestamp":"2026-08-22 10:17:21"}
{"level":"info","message":"POST /api/v1/tags 201 104 - 2.357 ms","service":"event-planner-api","timestamp":"2026-08-22 10:17:24"}
{"level":"info","message":"POST /api/v1/tags 201 105 - 2.389 ms","service":"event-planner-api","timestamp":"2026-08-22 10:17:30"}
{"level":"info","message":"PUT /api/v1/events/9 200 1330 - 30.030 ms","service":"event-planner-api","timestamp":"2026-08-22 10:17:32"}
{"level":"info","message":"GET /api/v1/tags 200 926 - 2.339 ms","service":"event-planner-api","timestamp":"2026-08-22 10:17:39"}
{"level":"info","message":"PUT /api/v1/events/9 200 1378 - 26.545 ms","service":"event-planner-api","timestamp":"2026-08-22 10:17:47"}
{"code":"EMAIL_EXISTS","level":"error","message":"POST /api/v1/auth/register - Error: An account with this email address already exists.","service":"event-planner-api","stack":"Error: An account with this email address already exists.\n    at AuthService.register (/home/kritan/Documents/Personal Projects/lf_assessment/backend/src/services/auth.service.ts:16:26)\n    at processTicksAndRejections (node:internal/process/task_queues:104:5)\n    at register (/home/kritan/Documents/Personal Projects/lf_assessment/backend/src/controllers/auth.controller.ts:9:22)","statusCode":409,"timestamp":"2026-08-22 10:19:04"}
{"code":"INVALID_CREDENTIALS","level":"error","message":"POST /api/v1/auth/login - Error: Invalid email or password.","service":"event-planner-api","stack":"Error: Invalid email or password.\n    at AuthService.login (/home/kritan/Documents/Personal Projects/lf_assessment/backend/src/services/auth.service.ts:77:26)\n    at login (/home/kritan/Documents/Personal Projects/lf_assessment/backend/src/controllers/auth.controller.ts:21:22)","statusCode":401,"timestamp":"2026-08-22 10:19:04"}
{"code":"TOKEN_REUSE_DETECTED","level":"error","message":"POST /api/v1/auth/refresh-token - Error: Suspicious activity detected: Refresh token was already used. All sessions revoked.","service":"event-planner-api","stack":"Error: Suspicious activity detected: Refresh token was already used. All sessions revoked.\n    at AuthService.refreshAccessToken (/home/kritan/Documents/Personal Projects/lf_assessment/backend/src/services/auth.service.ts:152:28)\n    at processTicksAndRejections (node:internal/process/task_queues:104:5)\n    at refreshToken (/home/kritan/Documents/Personal Projects/lf_assessment/backend/src/controllers/auth.controller.ts:38:22)","statusCode":401,"timestamp":"2026-08-22 10:19:04"}
{"code":"FORBIDDEN","level":"error","message":"PUT /api/v1/events/7 - Error: Forbidden: Only the event creator can edit this event.","service":"event-planner-api","stack":"Error: Forbidden: Only the event creator can edit this event.\n    at EventService.updateEvent (/home/kritan/Documents/Personal Projects/lf_assessment/backend/src/services/event.service.ts:438:26)\n    at processTicksAndRejections (node:internal/process/task_queues:104:5)\n    at updateEvent (/home/kritan/Documents/Personal Projects/lf_assessment/backend/src/controllers/event.controller.ts:42:21)","statusCode":403,"timestamp":"2026-08-22 10:19:06"}
{"level":"info","message":"Gracefully shutting down server...","service":"event-planner-api","timestamp":"2026-08-22 10:19:13"}
{"level":"info","message":"Starting Event Planning API server in development mode...","service":"event-planner-api","timestamp":"2026-08-22 10:19:14"}
{"level":"info","message":"✅ Database connected successfully (mysql2)","service":"event-planner-api","timestamp":"2026-08-22 10:19:14"}
{"level":"info","message":"🚀 Server running on http://localhost:5000","service":"event-planner-api","timestamp":"2026-08-22 10:19:14"}
{"level":"info","message":"📚 Swagger API Docs available at http://localhost:5000/api-docs","service":"event-planner-api","timestamp":"2026-08-22 10:19:14"}
{"level":"info","message":"⚡ API endpoints live at http://localhost:5000/api/v1","service":"event-planner-api","timestamp":"2026-08-22 10:19:14"}
{"code":"EMAIL_EXISTS","level":"error","message":"POST /api/v1/auth/register - Error: An account with this email address already exists.","service":"event-planner-api","stack":"Error: An account with this email address already exists.\n    at AuthService.register (/home/kritan/Documents/Personal Projects/lf_assessment/backend/src/services/auth.service.ts:16:26)\n    at processTicksAndRejections (node:internal/process/task_queues:104:5)\n    at register (/home/kritan/Documents/Personal Projects/lf_assessment/backend/src/controllers/auth.controller.ts:9:22)","statusCode":409,"timestamp":"2026-08-22 10:19:37"}
{"code":"INVALID_CREDENTIALS","level":"error","message":"POST /api/v1/auth/login - Error: Invalid email or password.","service":"event-planner-api","stack":"Error: Invalid email or password.\n    at AuthService.login (/home/kritan/Documents/Personal Projects/lf_assessment/backend/src/services/auth.service.ts:77:26)\n    at login (/home/kritan/Documents/Personal Projects/lf_assessment/backend/src/controllers/auth.controller.ts:21:22)","statusCode":401,"timestamp":"2026-08-22 10:19:37"}
{"code":"TOKEN_REUSE_DETECTED","level":"error","message":"POST /api/v1/auth/refresh-token - Error: Suspicious activity detected: Refresh token was already used. All sessions revoked.","service":"event-planner-api","stack":"Error: Suspicious activity detected: Refresh token was already used. All sessions revoked.\n    at AuthService.refreshAccessToken (/home/kritan/Documents/Personal Projects/lf_assessment/backend/src/services/auth.service.ts:152:28)\n    at processTicksAndRejections (node:internal/process/task_queues:104:5)\n    at refreshToken (/home/kritan/Documents/Personal Projects/lf_assessment/backend/src/controllers/auth.controller.ts:38:22)","statusCode":401,"timestamp":"2026-08-22 10:19:37"}
{"code":"FORBIDDEN","level":"error","message":"PUT /api/v1/events/7 - Error: Forbidden: Only the event creator can edit this event.","service":"event-planner-api","stack":"Error: Forbidden: Only the event creator can edit this event.\n    at EventService.updateEvent (/home/kritan/Documents/Personal Projects/lf_assessment/backend/src/services/event.service.ts:438:26)\n    at processTicksAndRejections (node:internal/process/task_queues:104:5)\n    at updateEvent (/home/kritan/Documents/Personal Projects/lf_assessment/backend/src/controllers/event.controller.ts:42:21)","statusCode":403,"timestamp":"2026-08-22 10:19:39"}
{"level":"info","message":"GET /api/v1/tags 200 926 - 13.242 ms","service":"event-planner-api","timestamp":"2026-08-22 10:20:10"}
{"level":"info","message":"POST /api/v1/tags 201 105 - 18.141 ms","service":"event-planner-api","timestamp":"2026-08-22 10:20:13"}
{"level":"info","message":"POST /api/v1/tags 201 105 - 11.878 ms","service":"event-planner-api","timestamp":"2026-08-22 10:20:15"}
{"level":"info","message":"POST /api/v1/tags 201 105 - 10.201 ms","service":"event-planner-api","timestamp":"2026-08-22 10:20:17"}
{"level":"info","message":"POST /api/v1/tags 201 108 - 10.196 ms","service":"event-planner-api","timestamp":"2026-08-22 10:20:20"}
{"level":"info","message":"POST /api/v1/tags 201 106 - 9.890 ms","service":"event-planner-api","timestamp":"2026-08-22 10:20:24"}
{"level":"info","message":"POST /api/v1/tags 201 109 - 11.512 ms","service":"event-planner-api","timestamp":"2026-08-22 10:20:26"}
{"level":"info","message":"POST /api/v1/tags 201 105 - 9.467 ms","service":"event-planner-api","timestamp":"2026-08-22 10:20:29"}
{"level":"info","message":"POST /api/v1/tags 201 105 - 10.881 ms","service":"event-planner-api","timestamp":"2026-08-22 10:20:31"}
{"level":"info","message":"POST /api/v1/tags 201 105 - 9.855 ms","service":"event-planner-api","timestamp":"2026-08-22 10:20:33"}
{"level":"info","message":"PUT /api/v1/events/9 200 1791 - 39.323 ms","service":"event-planner-api","timestamp":"2026-08-22 10:20:38"}
{"level":"info","message":"GET /api/v1/tags 200 1474 - 5.244 ms","service":"event-planner-api","timestamp":"2026-08-22 10:22:55"}
{"level":"info","message":"GET /api/v1/tags 304 - - 3.818 ms","service":"event-planner-api","timestamp":"2026-08-22 10:22:55"}
{"level":"info","message":"Gracefully shutting down server...","service":"event-planner-api","timestamp":"2026-08-22 10:23:34"}
{"level":"info","message":"Starting Event Planning API server in development mode...","service":"event-planner-api","timestamp":"2026-08-22 10:23:34"}
{"level":"info","message":"✅ Database connected successfully (mysql2)","service":"event-planner-api","timestamp":"2026-08-22 10:23:34"}
{"level":"info","message":"🚀 Server running on http://localhost:5000","service":"event-planner-api","timestamp":"2026-08-22 10:23:34"}
{"level":"info","message":"📚 Swagger API Docs available at http://localhost:5000/api-docs","service":"event-planner-api","timestamp":"2026-08-22 10:23:34"}
{"level":"info","message":"⚡ API endpoints live at http://localhost:5000/api/v1","service":"event-planner-api","timestamp":"2026-08-22 10:23:34"}
{"code":"EMAIL_EXISTS","level":"error","message":"POST /api/v1/auth/register - Error: An account with this email address already exists.","service":"event-planner-api","stack":"Error: An account with this email address already exists.\n    at AuthService.register (/home/kritan/Documents/Personal Projects/lf_assessment/backend/src/services/auth.service.ts:16:26)\n    at processTicksAndRejections (node:internal/process/task_queues:104:5)\n    at register (/home/kritan/Documents/Personal Projects/lf_assessment/backend/src/controllers/auth.controller.ts:9:22)","statusCode":409,"timestamp":"2026-08-22 10:24:01"}
{"code":"INVALID_CREDENTIALS","level":"error","message":"POST /api/v1/auth/login - Error: Invalid email or password.","service":"event-planner-api","stack":"Error: Invalid email or password.\n    at AuthService.login (/home/kritan/Documents/Personal Projects/lf_assessment/backend/src/services/auth.service.ts:77:26)\n    at login (/home/kritan/Documents/Personal Projects/lf_assessment/backend/src/controllers/auth.controller.ts:21:22)","statusCode":401,"timestamp":"2026-08-22 10:24:01"}
{"code":"TOKEN_REUSE_DETECTED","level":"error","message":"POST /api/v1/auth/refresh-token - Error: Suspicious activity detected: Refresh token was already used. All sessions revoked.","service":"event-planner-api","stack":"Error: Suspicious activity detected: Refresh token was already used. All sessions revoked.\n    at AuthService.refreshAccessToken (/home/kritan/Documents/Personal Projects/lf_assessment/backend/src/services/auth.service.ts:152:28)\n    at processTicksAndRejections (node:internal/process/task_queues:104:5)\n    at refreshToken (/home/kritan/Documents/Personal Projects/lf_assessment/backend/src/controllers/auth.controller.ts:38:22)","statusCode":401,"timestamp":"2026-08-22 10:24:01"}
{"code":"FORBIDDEN","level":"error","message":"PUT /api/v1/events/7 - Error: Forbidden: Only the event creator can edit this event.","service":"event-planner-api","stack":"Error: Forbidden: Only the event creator can edit this event.\n    at EventService.updateEvent (/home/kritan/Documents/Personal Projects/lf_assessment/backend/src/services/event.service.ts:438:26)\n    at processTicksAndRejections (node:internal/process/task_queues:104:5)\n    at updateEvent (/home/kritan/Documents/Personal Projects/lf_assessment/backend/src/controllers/event.controller.ts:42:21)","statusCode":403,"timestamp":"2026-08-22 10:24:03"}
{"level":"info","message":"POST /api/v1/tags 401 112 - 2.984 ms","service":"event-planner-api","timestamp":"2026-08-22 10:24:31"}
{"level":"info","message":"POST /api/v1/auth/refresh-token 200 749 - 33.460 ms","service":"event-planner-api","timestamp":"2026-08-22 10:24:31"}
{"level":"info","message":"POST /api/v1/tags 201 105 - 4.716 ms","service":"event-planner-api","timestamp":"2026-08-22 10:24:31"}
{"level":"info","message":"GET /api/v1/tags 200 1474 - 6.799 ms","service":"event-planner-api","timestamp":"2026-08-22 10:24:31"}
{"level":"info","message":"POST /api/v1/tags 201 106 - 15.969 ms","service":"event-planner-api","timestamp":"2026-08-22 10:24:33"}
{"level":"info","message":"GET /api/v1/tags 200 1535 - 4.327 ms","service":"event-planner-api","timestamp":"2026-08-22 10:24:33"}
{"level":"info","message":"POST /api/v1/tags 201 105 - 10.945 ms","service":"event-planner-api","timestamp":"2026-08-22 10:24:36"}
{"level":"info","message":"GET /api/v1/tags 200 1595 - 3.690 ms","service":"event-planner-api","timestamp":"2026-08-22 10:24:36"}
{"level":"info","message":"POST /api/v1/tags 201 105 - 2.735 ms","service":"event-planner-api","timestamp":"2026-08-22 10:24:41"}
{"level":"info","message":"GET /api/v1/tags 200 1595 - 4.283 ms","service":"event-planner-api","timestamp":"2026-08-22 10:24:41"}
{"level":"info","message":"POST /api/v1/tags 201 106 - 2.892 ms","service":"event-planner-api","timestamp":"2026-08-22 10:24:46"}
{"level":"info","message":"GET /api/v1/tags 200 1595 - 3.486 ms","service":"event-planner-api","timestamp":"2026-08-22 10:24:46"}
{"level":"info","message":"GET /api/v1/tags 304 - - 5.268 ms","service":"event-planner-api","timestamp":"2026-08-22 10:27:25"}
{"level":"info","message":"GET /api/v1/auth/profile 304 - - 11.070 ms","service":"event-planner-api","timestamp":"2026-08-22 10:27:37"}
{"level":"info","message":"GET /api/v1/events/9 200 1801 - 33.572 ms","service":"event-planner-api","timestamp":"2026-08-22 10:27:37"}
{"level":"info","message":"GET /api/v1/auth/profile 304 - - 6.795 ms","service":"event-planner-api","timestamp":"2026-08-22 10:27:37"}
{"level":"info","message":"GET /api/v1/events/9 304 - - 15.781 ms","service":"event-planner-api","timestamp":"2026-08-22 10:27:37"}
{"code":"EMAIL_EXISTS","level":"error","message":"POST /api/v1/auth/register - Error: An account with this email address already exists.","service":"event-planner-api","stack":"Error: An account with this email address already exists.\n    at AuthService.register (/home/kritan/Documents/Personal Projects/lf_assessment/backend/src/services/auth.service.ts:16:26)\n    at processTicksAndRejections (node:internal/process/task_queues:104:5)\n    at register (/home/kritan/Documents/Personal Projects/lf_assessment/backend/src/controllers/auth.controller.ts:9:22)","statusCode":409,"timestamp":"2026-08-22 10:28:02"}
{"code":"INVALID_CREDENTIALS","level":"error","message":"POST /api/v1/auth/login - Error: Invalid email or password.","service":"event-planner-api","stack":"Error: Invalid email or password.\n    at AuthService.login (/home/kritan/Documents/Personal Projects/lf_assessment/backend/src/services/auth.service.ts:77:26)\n    at login (/home/kritan/Documents/Personal Projects/lf_assessment/backend/src/controllers/auth.controller.ts:21:22)","statusCode":401,"timestamp":"2026-08-22 10:28:02"}
{"code":"TOKEN_REUSE_DETECTED","level":"error","message":"POST /api/v1/auth/refresh-token - Error: Suspicious activity detected: Refresh token was already used. All sessions revoked.","service":"event-planner-api","stack":"Error: Suspicious activity detected: Refresh token was already used. All sessions revoked.\n    at AuthService.refreshAccessToken (/home/kritan/Documents/Personal Projects/lf_assessment/backend/src/services/auth.service.ts:152:28)\n    at processTicksAndRejections (node:internal/process/task_queues:104:5)\n    at refreshToken (/home/kritan/Documents/Personal Projects/lf_assessment/backend/src/controllers/auth.controller.ts:38:22)","statusCode":401,"timestamp":"2026-08-22 10:28:02"}
{"code":"FORBIDDEN","level":"error","message":"PUT /api/v1/events/7 - Error: Forbidden: Only the event creator can edit this event.","service":"event-planner-api","stack":"Error: Forbidden: Only the event creator can edit this event.\n    at EventService.updateEvent (/home/kritan/Documents/Personal Projects/lf_assessment/backend/src/services/event.service.ts:438:26)\n    at processTicksAndRejections (node:internal/process/task_queues:104:5)\n    at updateEvent (/home/kritan/Documents/Personal Projects/lf_assessment/backend/src/controllers/event.controller.ts:42:21)","statusCode":403,"timestamp":"2026-08-22 10:28:04"}
{"level":"info","message":"GET /api/v1/tags 304 - - 3.557 ms","service":"event-planner-api","timestamp":"2026-08-22 10:28:24"}
{"level":"info","message":"PUT /api/v1/events/9 200 1885 - 37.762 ms","service":"event-planner-api","timestamp":"2026-08-22 10:28:37"}
{"level":"info","message":"GET /api/v1/tags 200 1595 - 3.640 ms","service":"event-planner-api","timestamp":"2026-08-22 10:28:41"}
{"level":"info","message":"POST /api/v1/tags 201 105 - 14.004 ms","service":"event-planner-api","timestamp":"2026-08-22 10:28:43"}
{"level":"info","message":"POST /api/v1/tags 201 105 - 12.184 ms","service":"event-planner-api","timestamp":"2026-08-22 10:28:45"}
{"level":"info","message":"POST /api/v1/tags 201 105 - 10.686 ms","service":"event-planner-api","timestamp":"2026-08-22 10:28:47"}
{"level":"info","message":"POST /api/v1/tags 201 105 - 10.751 ms","service":"event-planner-api","timestamp":"2026-08-22 10:28:50"}
{"level":"info","message":"POST /api/v1/tags 201 105 - 11.510 ms","service":"event-planner-api","timestamp":"2026-08-22 10:28:52"}
{"level":"info","message":"PUT /api/v1/events/9 200 2110 - 35.138 ms","service":"event-planner-api","timestamp":"2026-08-22 10:28:54"}
{"level":"info","message":"GET /api/v1/tags 200 1895 - 3.062 ms","service":"event-planner-api","timestamp":"2026-08-22 10:28:57"}
{"level":"info","message":"POST /api/v1/tags 201 106 - 11.728 ms","service":"event-planner-api","timestamp":"2026-08-22 10:29:06"}
{"level":"info","message":"POST /api/v1/tags 201 105 - 10.317 ms","service":"event-planner-api","timestamp":"2026-08-22 10:29:11"}
{"level":"info","message":"POST /api/v1/tags 201 105 - 10.416 ms","service":"event-planner-api","timestamp":"2026-08-22 10:29:12"}
{"level":"info","message":"POST /api/v1/tags 201 105 - 9.328 ms","service":"event-planner-api","timestamp":"2026-08-22 10:29:16"}
{"level":"info","message":"POST /api/v1/tags 201 105 - 11.242 ms","service":"event-planner-api","timestamp":"2026-08-22 10:29:19"}
{"level":"info","message":"POST /api/v1/tags 201 109 - 10.127 ms","service":"event-planner-api","timestamp":"2026-08-22 10:29:27"}
{"level":"info","message":"POST /api/v1/tags 201 109 - 10.349 ms","service":"event-planner-api","timestamp":"2026-08-22 10:29:30"}
{"level":"info","message":"POST /api/v1/tags 201 103 - 10.237 ms","service":"event-planner-api","timestamp":"2026-08-22 10:29:32"}
{"level":"info","message":"POST /api/v1/tags 201 106 - 15.692 ms","service":"event-planner-api","timestamp":"2026-08-22 10:29:34"}
{"level":"info","message":"POST /api/v1/tags 201 106 - 10.432 ms","service":"event-planner-api","timestamp":"2026-08-22 10:29:35"}
{"level":"info","message":"POST /api/v1/tags 201 106 - 13.035 ms","service":"event-planner-api","timestamp":"2026-08-22 10:29:38"}
{"level":"info","message":"POST /api/v1/tags 201 106 - 11.322 ms","service":"event-planner-api","timestamp":"2026-08-22 10:29:40"}
{"level":"info","message":"PUT /api/v1/events/9 200 2801 - 39.525 ms","service":"event-planner-api","timestamp":"2026-08-22 10:29:44"}
{"level":"info","message":"GET /api/v1/tags 200 2626 - 5.462 ms","service":"event-planner-api","timestamp":"2026-08-22 10:29:47"}
{"level":"info","message":"POST /api/v1/tags 201 106 - 10.576 ms","service":"event-planner-api","timestamp":"2026-08-22 10:29:50"}
{"level":"info","message":"POST /api/v1/tags 201 106 - 11.207 ms","service":"event-planner-api","timestamp":"2026-08-22 10:29:52"}
{"level":"info","message":"POST /api/v1/tags 201 107 - 10.584 ms","service":"event-planner-api","timestamp":"2026-08-22 10:29:55"}
{"level":"info","message":"POST /api/v1/tags 201 106 - 10.996 ms","service":"event-planner-api","timestamp":"2026-08-22 10:29:57"}
{"level":"info","message":"POST /api/v1/tags 201 106 - 13.958 ms","service":"event-planner-api","timestamp":"2026-08-22 10:29:59"}
{"level":"info","message":"POST /api/v1/tags 201 105 - 10.800 ms","service":"event-planner-api","timestamp":"2026-08-22 10:30:02"}
{"level":"info","message":"POST /api/v1/tags 201 105 - 10.178 ms","service":"event-planner-api","timestamp":"2026-08-22 10:30:04"}
{"level":"info","message":"POST /api/v1/tags 201 105 - 11.074 ms","service":"event-planner-api","timestamp":"2026-08-22 10:30:07"}
{"level":"info","message":"POST /api/v1/tags 201 105 - 12.193 ms","service":"event-planner-api","timestamp":"2026-08-22 10:30:11"}
{"level":"info","message":"POST /api/v1/tags 201 104 - 9.493 ms","service":"event-planner-api","timestamp":"2026-08-22 10:30:12"}
{"level":"info","message":"POST /api/v1/tags 201 105 - 10.667 ms","service":"event-planner-api","timestamp":"2026-08-22 10:30:15"}
{"level":"info","message":"PUT /api/v1/events/9 200 3301 - 34.472 ms","service":"event-planner-api","timestamp":"2026-08-22 10:30:16"}
{"level":"info","message":"GET /api/v1/tags 200 3291 - 3.168 ms","service":"event-planner-api","timestamp":"2026-08-22 10:30:19"}
{"level":"info","message":"POST /api/v1/tags 201 117 - 20.858 ms","service":"event-planner-api","timestamp":"2026-08-22 10:30:24"}
{"level":"info","message":"POST /api/v1/tags 201 118 - 10.345 ms","service":"event-planner-api","timestamp":"2026-08-22 10:30:29"}
{"code":"ER_DATA_TOO_LONG","errno":1406,"level":"error","message":"POST /api/v1/tags - Error: insert into `tags` (`color_hex`, `name`) values ('#1ae4a1', 'Perform a case-insensitive check against currently available tags.') - Data too long for column 'name' at row 1","service":"event-planner-api","sql":"insert into `tags` (`color_hex`, `name`) values ('#1ae4a1', 'Perform a case-insensitive check against currently available tags.')","sqlMessage":"Data too long for column 'name' at row 1","sqlState":"22001","stack":"Error: insert into `tags` (`color_hex`, `name`) values ('#1ae4a1', 'Perform a case-insensitive check against currently available tags.') - Data too long for column 'name' at row 1\n    at Packet.asError (/home/kritan/Documents/Personal Projects/lf_assessment/backend/node_modules/mysql2/lib/packets/packet.js:833:17)\n    at Query.execute (/home/kritan/Documents/Personal Projects/lf_assessment/backend/node_modules/mysql2/lib/commands/command.js:29:26)\n    at Connection.handlePacket (/home/kritan/Documents/Personal Projects/lf_assessment/backend/node_modules/mysql2/lib/base/connection.js:555:34)\n    at PacketParser.onPacket (/home/kritan/Documents/Personal Projects/lf_assessment/backend/node_modules/mysql2/lib/base/connection.js:104:12)\n    at PacketParser.executeStart (/home/kritan/Documents/Personal Projects/lf_assessment/backend/node_modules/mysql2/lib/packet_parser.js:75:16)\n    at Socket.<anonymous> (/home/kritan/Documents/Personal Projects/lf_assessment/backend/node_modules/mysql2/lib/base/connection.js:112:25)\n    at Socket.emit (node:events:509:28)\n    at addChunk (node:internal/streams/readable:563:12)\n    at readableAddChunkPushByteMode (node:internal/streams/readable:514:3)\n    at Socket.Readable.push (node:internal/streams/readable:394:5)","timestamp":"2026-08-22 10:30:32"}
{"level":"info","message":"POST /api/v1/tags 500 1526 - 8.478 ms","service":"event-planner-api","timestamp":"2026-08-22 10:30:32"}
{"code":"ER_DATA_TOO_LONG","errno":1406,"level":"error","message":"POST /api/v1/tags - Error: insert into `tags` (`color_hex`, `name`) values ('#56ed9b', 'Perform a case-insensitive check against currently available tags') - Data too long for column 'name' at row 1","service":"event-planner-api","sql":"insert into `tags` (`color_hex`, `name`) values ('#56ed9b', 'Perform a case-insensitive check against currently available tags')","sqlMessage":"Data too long for column 'name' at row 1","sqlState":"22001","stack":"Error: insert into `tags` (`color_hex`, `name`) values ('#56ed9b', 'Perform a case-insensitive check against currently available tags') - Data too long for column 'name' at row 1\n    at Packet.asError (/home/kritan/Documents/Personal Projects/lf_assessment/backend/node_modules/mysql2/lib/packets/packet.js:833:17)\n    at Query.execute (/home/kritan/Documents/Personal Projects/lf_assessment/backend/node_modules/mysql2/lib/commands/command.js:29:26)\n    at Connection.handlePacket (/home/kritan/Documents/Personal Projects/lf_assessment/backend/node_modules/mysql2/lib/base/connection.js:555:34)\n    at PacketParser.onPacket (/home/kritan/Documents/Personal Projects/lf_assessment/backend/node_modules/mysql2/lib/base/connection.js:104:12)\n    at PacketParser.executeStart (/home/kritan/Documents/Personal Projects/lf_assessment/backend/node_modules/mysql2/lib/packet_parser.js:75:16)\n    at Socket.<anonymous> (/home/kritan/Documents/Personal Projects/lf_assessment/backend/node_modules/mysql2/lib/base/connection.js:112:25)\n    at Socket.emit (node:events:509:28)\n    at addChunk (node:internal/streams/readable:563:12)\n    at readableAddChunkPushByteMode (node:internal/streams/readable:514:3)\n    at Socket.Readable.push (node:internal/streams/readable:394:5)","timestamp":"2026-08-22 10:30:35"}
{"level":"info","message":"POST /api/v1/tags 500 1524 - 6.430 ms","service":"event-planner-api","timestamp":"2026-08-22 10:30:35"}
{"level":"info","message":"POST /api/v1/tags 201 141 - 11.422 ms","service":"event-planner-api","timestamp":"2026-08-22 10:30:38"}
{"level":"info","message":"POST /api/v1/tags 201 114 - 9.329 ms","service":"event-planner-api","timestamp":"2026-08-22 10:30:42"}
{"level":"info","message":"POST /api/v1/tags 201 138 - 11.165 ms","service":"event-planner-api","timestamp":"2026-08-22 10:30:48"}
{"code":"ER_DATA_TOO_LONG","errno":1406,"level":"error","message":"POST /api/v1/tags - Error: insert into `tags` (`color_hex`, `name`) values ('#5bcc9e', 'what is the goat name in the industry that is available in the') - Data too long for column 'name' at row 1","service":"event-planner-api","sql":"insert into `tags` (`color_hex`, `name`) values ('#5bcc9e', 'what is the goat name in the industry that is available in the')","sqlMessage":"Data too long for column 'name' at row 1","sqlState":"22001","stack":"Error: insert into `tags` (`color_hex`, `name`) values ('#5bcc9e', 'what is the goat name in the industry that is available in the') - Data too long for column 'name' at row 1\n    at Packet.asError (/home/kritan/Documents/Personal Projects/lf_assessment/backend/node_modules/mysql2/lib/packets/packet.js:833:17)\n    at Query.execute (/home/kritan/Documents/Personal Projects/lf_assessment/backend/node_modules/mysql2/lib/commands/command.js:29:26)\n    at Connection.handlePacket (/home/kritan/Documents/Personal Projects/lf_assessment/backend/node_modules/mysql2/lib/base/connection.js:555:34)\n    at PacketParser.onPacket (/home/kritan/Documents/Personal Projects/lf_assessment/backend/node_modules/mysql2/lib/base/connection.js:104:12)\n    at PacketParser.executeStart (/home/kritan/Documents/Personal Projects/lf_assessment/backend/node_modules/mysql2/lib/packet_parser.js:75:16)\n    at Socket.<anonymous> (/home/kritan/Documents/Personal Projects/lf_assessment/backend/node_modules/mysql2/lib/base/connection.js:112:25)\n    at Socket.emit (node:events:509:28)\n    at addChunk (node:internal/streams/readable:563:12)\n    at readableAddChunkPushByteMode (node:internal/streams/readable:514:3)\n    at Socket.Readable.push (node:internal/streams/readable:394:5)","timestamp":"2026-08-22 10:30:58"}
{"level":"info","message":"POST /api/v1/tags 500 1518 - 5.618 ms","service":"event-planner-api","timestamp":"2026-08-22 10:30:58"}
{"code":"ER_DATA_TOO_LONG","errno":1406,"level":"error","message":"POST /api/v1/tags - Error: insert into `tags` (`color_hex`, `name`) values ('#e1cb88', 'what is the goat name in the industry that is available') - Data too long for column 'name' at row 1","service":"event-planner-api","sql":"insert into `tags` (`color_hex`, `name`) values ('#e1cb88', 'what is the goat name in the industry that is available')","sqlMessage":"Data too long for column 'name' at row 1","sqlState":"22001","stack":"Error: insert into `tags` (`color_hex`, `name`) values ('#e1cb88', 'what is the goat name in the industry that is available') - Data too long for column 'name' at row 1\n    at Packet.asError (/home/kritan/Documents/Personal Projects/lf_assessment/backend/node_modules/mysql2/lib/packets/packet.js:833:17)\n    at Query.execute (/home/kritan/Documents/Personal Projects/lf_assessment/backend/node_modules/mysql2/lib/commands/command.js:29:26)\n    at Connection.handlePacket (/home/kritan/Documents/Personal Projects/lf_assessment/backend/node_modules/mysql2/lib/base/connection.js:555:34)\n    at PacketParser.onPacket (/home/kritan/Documents/Personal Projects/lf_assessment/backend/node_modules/mysql2/lib/base/connection.js:104:12)\n    at PacketParser.executeStart (/home/kritan/Documents/Personal Projects/lf_assessment/backend/node_modules/mysql2/lib/packet_parser.js:75:16)\n    at Socket.<anonymous> (/home/kritan/Documents/Personal Projects/lf_assessment/backend/node_modules/mysql2/lib/base/connection.js:112:25)\n    at Socket.emit (node:events:509:28)\n    at addChunk (node:internal/streams/readable:563:12)\n    at readableAddChunkPushByteMode (node:internal/streams/readable:514:3)\n    at Socket.Readable.push (node:internal/streams/readable:394:5)","timestamp":"2026-08-22 10:31:00"}
{"level":"info","message":"POST /api/v1/tags 500 1504 - 5.388 ms","service":"event-planner-api","timestamp":"2026-08-22 10:31:00"}
{"level":"info","message":"POST /api/v1/tags 201 146 - 10.490 ms","service":"event-planner-api","timestamp":"2026-08-22 10:31:01"}
{"level":"info","message":"POST /api/v1/tags 201 121 - 10.559 ms","service":"event-planner-api","timestamp":"2026-08-22 10:31:07"}
{"level":"info","message":"POST /api/v1/tags 201 122 - 10.829 ms","service":"event-planner-api","timestamp":"2026-08-22 10:31:10"}
{"level":"info","message":"POST /api/v1/tags 201 124 - 10.393 ms","service":"event-planner-api","timestamp":"2026-08-22 10:31:13"}
{"level":"info","message":"POST /api/v1/tags 201 136 - 10.759 ms","service":"event-planner-api","timestamp":"2026-08-22 10:31:17"}
{"level":"info","message":"POST /api/v1/tags 201 138 - 10.123 ms","service":"event-planner-api","timestamp":"2026-08-22 10:31:23"}
{"level":"info","message":"POST /api/v1/tags 201 123 - 10.385 ms","service":"event-planner-api","timestamp":"2026-08-22 10:31:27"}
{"level":"info","message":"POST /api/v1/tags 201 114 - 11.149 ms","service":"event-planner-api","timestamp":"2026-08-22 10:31:30"}
{"level":"info","message":"POST /api/v1/tags 201 118 - 13.598 ms","service":"event-planner-api","timestamp":"2026-08-22 10:31:35"}
{"level":"info","message":"POST /api/v1/tags 201 119 - 10.355 ms","service":"event-planner-api","timestamp":"2026-08-22 10:31:39"}
{"level":"info","message":"POST /api/v1/tags 201 129 - 11.237 ms","service":"event-planner-api","timestamp":"2026-08-22 10:31:44"}
{"level":"info","message":"POST /api/v1/tags 201 134 - 10.152 ms","service":"event-planner-api","timestamp":"2026-08-22 10:31:48"}
{"level":"info","message":"POST /api/v1/tags 201 128 - 11.414 ms","service":"event-planner-api","timestamp":"2026-08-22 10:31:54"}
{"level":"info","message":"POST /api/v1/tags 201 134 - 12.990 ms","service":"event-planner-api","timestamp":"2026-08-22 10:32:00"}
{"level":"info","message":"PUT /api/v1/events/9 200 4575 - 35.660 ms","service":"event-planner-api","timestamp":"2026-08-22 10:32:03"}
{"level":"info","message":"GET /api/v1/tags 200 4850 - 3.786 ms","service":"event-planner-api","timestamp":"2026-08-22 10:32:07"}
{"level":"info","message":"POST /api/v1/tags 201 118 - 10.881 ms","service":"event-planner-api","timestamp":"2026-08-22 10:32:47"}
{"level":"info","message":"POST /api/v1/tags 201 116 - 10.214 ms","service":"event-planner-api","timestamp":"2026-08-22 10:32:59"}
{"level":"info","message":"POST /api/v1/tags 201 119 - 10.566 ms","service":"event-planner-api","timestamp":"2026-08-22 10:33:08"}
{"level":"info","message":"PUT /api/v1/events/9 200 4748 - 35.097 ms","service":"event-planner-api","timestamp":"2026-08-22 10:33:10"}
{"level":"info","message":"GET /api/v1/tags 200 5068 - 3.670 ms","service":"event-planner-api","timestamp":"2026-08-22 10:33:13"}
{"level":"info","message":"POST /api/v1/tags 201 118 - 11.445 ms","service":"event-planner-api","timestamp":"2026-08-22 10:33:32"}
{"level":"info","message":"PUT /api/v1/events/9 200 4806 - 28.701 ms","service":"event-planner-api","timestamp":"2026-08-22 10:33:34"}
{"level":"info","message":"GET /api/v1/tags 200 5141 - 4.729 ms","service":"event-planner-api","timestamp":"2026-08-22 10:37:47"}
{"level":"info","message":"GET /api/v1/tags 304 - - 8.080 ms","service":"event-planner-api","timestamp":"2026-08-22 10:37:47"}
{"level":"info","message":"GET /api/v1/events/metrics 200 141 - 41.282 ms","service":"event-planner-api","timestamp":"2026-08-22 10:37:47"}
{"level":"info","message":"GET /api/v1/events?page=1&limit=9&search=&timeframe=all&event_type=all&sort_by=date 200 10846 - 36.146 ms","service":"event-planner-api","timestamp":"2026-08-22 10:37:47"}
{"level":"info","message":"GET /api/v1/events/metrics 304 - - 19.086 ms","service":"event-planner-api","timestamp":"2026-08-22 10:37:47"}
{"level":"info","message":"GET /api/v1/events?page=1&limit=9&search=&timeframe=all&event_type=all&sort_by=date 304 - - 20.027 ms","service":"event-planner-api","timestamp":"2026-08-22 10:37:47"}
{"code":"PRIVATE_EVENT_FORBIDDEN","level":"error","message":"GET /api/v1/events/9 - Error: This event is private. Please sign in to view details.","service":"event-planner-api","stack":"Error: This event is private. Please sign in to view details.\n    at EventService.getEventById (/home/kritan/Documents/Personal Projects/lf_assessment/backend/src/services/event.service.ts:293:26)\n    at processTicksAndRejections (node:internal/process/task_queues:104:5)\n    at getEventById (/home/kritan/Documents/Personal Projects/lf_assessment/backend/src/controllers/event.controller.ts:20:21)","statusCode":403,"timestamp":"2026-08-22 11:12:17"}
{"level":"info","message":"GET /api/v1/events/9 403 541 - 28.834 ms","service":"event-planner-api","timestamp":"2026-08-22 11:12:17"}
{"code":"PRIVATE_EVENT_FORBIDDEN","level":"error","message":"GET /api/v1/events/9 - Error: This event is private. Please sign in to view details.","service":"event-planner-api","stack":"Error: This event is private. Please sign in to view details.\n    at EventService.getEventById (/home/kritan/Documents/Personal Projects/lf_assessment/backend/src/services/event.service.ts:293:26)\n    at processTicksAndRejections (node:internal/process/task_queues:104:5)\n    at getEventById (/home/kritan/Documents/Personal Projects/lf_assessment/backend/src/controllers/event.controller.ts:20:21)","statusCode":403,"timestamp":"2026-08-22 11:12:18"}
{"level":"info","message":"GET /api/v1/events/9 403 541 - 5.697 ms","service":"event-planner-api","timestamp":"2026-08-22 11:12:18"}
{"level":"info","message":"GET /api/v1/tags 304 - - 3.496 ms","service":"event-planner-api","timestamp":"2026-08-22 11:12:19"}
{"level":"info","message":"GET /api/v1/tags 304 - - 8.046 ms","service":"event-planner-api","timestamp":"2026-08-22 11:12:19"}
{"level":"info","message":"GET /api/v1/events/metrics 304 - - 22.011 ms","service":"event-planner-api","timestamp":"2026-08-22 11:12:19"}
{"level":"info","message":"GET /api/v1/events?page=1&limit=9&search=&timeframe=all&event_type=all&sort_by=date 200 4677 - 20.693 ms","service":"event-planner-api","timestamp":"2026-08-22 11:12:19"}
{"level":"info","message":"GET /api/v1/events/metrics 304 - - 14.114 ms","service":"event-planner-api","timestamp":"2026-08-22 11:12:19"}
{"level":"info","message":"GET /api/v1/events?page=1&limit=9&search=&timeframe=all&event_type=all&sort_by=date 304 - - 12.418 ms","service":"event-planner-api","timestamp":"2026-08-22 11:12:19"}
{"level":"info","message":"GET /api/v1/tags 304 - - 4.886 ms","service":"event-planner-api","timestamp":"2026-08-22 11:12:20"}
{"level":"info","message":"GET /api/v1/auth/profile 401 112 - 0.599 ms","service":"event-planner-api","timestamp":"2026-08-22 11:12:20"}
{"level":"info","message":"GET /api/v1/tags 304 - - 5.685 ms","service":"event-planner-api","timestamp":"2026-08-22 11:12:20"}
{"level":"info","message":"GET /api/v1/events/metrics 304 - - 28.070 ms","service":"event-planner-api","timestamp":"2026-08-22 11:12:20"}
{"level":"info","message":"GET /api/v1/events?page=1&limit=9&search=&timeframe=all&event_type=all&sort_by=date 304 - - 24.535 ms","service":"event-planner-api","timestamp":"2026-08-22 11:12:20"}
{"level":"info","message":"GET /api/v1/auth/profile 401 112 - 0.409 ms","service":"event-planner-api","timestamp":"2026-08-22 11:12:20"}
{"level":"info","message":"GET /api/v1/events/metrics 304 - - 12.927 ms","service":"event-planner-api","timestamp":"2026-08-22 11:12:20"}
{"level":"info","message":"GET /api/v1/events?page=1&limit=9&search=&timeframe=all&event_type=all&sort_by=date 304 - - 10.226 ms","service":"event-planner-api","timestamp":"2026-08-22 11:12:20"}
{"level":"info","message":"POST /api/v1/auth/refresh-token 200 749 - 22.920 ms","service":"event-planner-api","timestamp":"2026-08-22 11:12:20"}
{"level":"info","message":"GET /api/v1/auth/profile 304 - - 2.650 ms","service":"event-planner-api","timestamp":"2026-08-22 11:12:20"}
{"level":"info","message":"GET /api/v1/auth/profile 304 - - 4.353 ms","service":"event-planner-api","timestamp":"2026-08-22 11:12:20"}
{"level":"info","message":"GET /api/v1/events?page=1&limit=9&search=&timeframe=upcoming&event_type=all&sort_by=date 200 7443 - 15.431 ms","service":"event-planner-api","timestamp":"2026-08-22 11:12:24"}
{"level":"info","message":"GET /api/v1/events?page=1&limit=9&search=&timeframe=past&event_type=all&sort_by=date 304 - - 10.578 ms","service":"event-planner-api","timestamp":"2026-08-22 11:12:25"}
{"level":"info","message":"GET /api/v1/events?page=1&limit=9&search=&timeframe=upcoming&event_type=all&sort_by=date 304 - - 11.606 ms","service":"event-planner-api","timestamp":"2026-08-22 11:12:25"}
{"level":"info","message":"GET /api/v1/events/9 200 4816 - 12.346 ms","service":"event-planner-api","timestamp":"2026-08-22 11:12:29"}
{"level":"info","message":"GET /api/v1/events/9 304 - - 11.845 ms","service":"event-planner-api","timestamp":"2026-08-22 11:12:29"}
{"level":"info","message":"GET /api/v1/tags 304 - - 5.756 ms","service":"event-planner-api","timestamp":"2026-08-22 11:44:17"}
{"level":"info","message":"GET /api/v1/events/metrics 304 - - 15.228 ms","service":"event-planner-api","timestamp":"2026-08-22 11:44:17"}
{"level":"info","message":"GET /api/v1/events?page=1&limit=9&search=&timeframe=all&event_type=all&sort_by=date 304 - - 14.897 ms","service":"event-planner-api","timestamp":"2026-08-22 11:44:17"}
{"level":"info","message":"GET /api/v1/tags 304 - - 3.613 ms","service":"event-planner-api","timestamp":"2026-08-22 11:44:17"}
{"level":"info","message":"GET /api/v1/events/metrics 304 - - 9.938 ms","service":"event-planner-api","timestamp":"2026-08-22 11:44:17"}
{"level":"info","message":"GET /api/v1/events?page=1&limit=9&search=&timeframe=all&event_type=all&sort_by=date 304 - - 8.207 ms","service":"event-planner-api","timestamp":"2026-08-22 11:44:17"}
{"level":"info","message":"GET /api/v1/events?page=1&limit=9&search=&timeframe=upcoming&event_type=all&sort_by=date 200 2032 - 8.475 ms","service":"event-planner-api","timestamp":"2026-08-22 11:44:21"}
{"level":"info","message":"GET /api/v1/events?page=1&limit=9&search=&timeframe=past&event_type=all&sort_by=date 200 2805 - 6.295 ms","service":"event-planner-api","timestamp":"2026-08-22 11:44:27"}
{"level":"info","message":"GET /api/v1/events?page=1&limit=9&search=&timeframe=all&event_type=all&sort_by=date 304 - - 7.085 ms","service":"event-planner-api","timestamp":"2026-08-22 11:44:29"}
{"level":"info","message":"GET /api/v1/tags 200 5141 - 3.281 ms","service":"event-planner-api","timestamp":"2026-08-22 11:44:37"}
{"level":"info","message":"GET /api/v1/auth/profile 401 112 - 0.270 ms","service":"event-planner-api","timestamp":"2026-08-22 11:44:37"}
{"level":"info","message":"GET /api/v1/events/metrics 200 141 - 16.609 ms","service":"event-planner-api","timestamp":"2026-08-22 11:44:37"}
{"level":"info","message":"GET /api/v1/events?page=1&limit=9&search=&timeframe=all&event_type=all&sort_by=date 200 4677 - 13.058 ms","service":"event-planner-api","timestamp":"2026-08-22 11:44:37"}
{"level":"info","message":"GET /api/v1/tags 200 5141 - 5.116 ms","service":"event-planner-api","timestamp":"2026-08-22 11:44:37"}
{"level":"info","message":"GET /api/v1/auth/profile 401 112 - 0.297 ms","service":"event-planner-api","timestamp":"2026-08-22 11:44:37"}
{"level":"info","message":"GET /api/v1/events/metrics 200 141 - 10.917 ms","service":"event-planner-api","timestamp":"2026-08-22 11:44:37"}
{"level":"info","message":"GET /api/v1/events?page=1&limit=9&search=&timeframe=all&event_type=all&sort_by=date 200 4677 - 11.347 ms","service":"event-planner-api","timestamp":"2026-08-22 11:44:37"}
{"level":"info","message":"POST /api/v1/auth/refresh-token 200 749 - 14.553 ms","service":"event-planner-api","timestamp":"2026-08-22 11:44:37"}
{"level":"info","message":"GET /api/v1/auth/profile 200 280 - 3.219 ms","service":"event-planner-api","timestamp":"2026-08-22 11:44:37"}
{"level":"info","message":"GET /api/v1/auth/profile 200 280 - 3.977 ms","service":"event-planner-api","timestamp":"2026-08-22 11:44:37"}
{"level":"info","message":"GET /api/v1/events?page=1&limit=9&search=test&timeframe=all&event_type=all&sort_by=date 200 5617 - 9.388 ms","service":"event-planner-api","timestamp":"2026-08-22 11:44:49"}
{"level":"info","message":"GET /api/v1/events/9 304 - - 7.456 ms","service":"event-planner-api","timestamp":"2026-08-22 11:44:52"}
{"level":"info","message":"GET /api/v1/events/9 304 - - 8.673 ms","service":"event-planner-api","timestamp":"2026-08-22 11:44:52"}
{"level":"info","message":"GET /api/v1/tags 304 - - 4.593 ms","service":"event-planner-api","timestamp":"2026-08-22 11:45:05"}
{"level":"info","message":"GET /api/v1/events/metrics 304 - - 11.246 ms","service":"event-planner-api","timestamp":"2026-08-22 11:45:05"}
{"level":"info","message":"GET /api/v1/tags 304 - - 4.289 ms","service":"event-planner-api","timestamp":"2026-08-22 11:45:05"}
{"level":"info","message":"GET /api/v1/events?page=1&limit=9&search=&timeframe=all&event_type=all&sort_by=date 200 10846 - 17.449 ms","service":"event-planner-api","timestamp":"2026-08-22 11:45:05"}
{"level":"info","message":"GET /api/v1/events/metrics 304 - - 11.157 ms","service":"event-planner-api","timestamp":"2026-08-22 11:45:05"}
{"level":"info","message":"GET /api/v1/events?page=1&limit=9&search=&timeframe=all&event_type=all&sort_by=date 304 - - 10.494 ms","service":"event-planner-api","timestamp":"2026-08-22 11:45:05"}
{"level":"info","message":"GET /api/v1/tags 304 - - 4.693 ms","service":"event-planner-api","timestamp":"2026-08-22 11:45:13"}
{"level":"info","message":"GET /api/v1/events/metrics 304 - - 12.418 ms","service":"event-planner-api","timestamp":"2026-08-22 11:45:13"}
{"level":"info","message":"GET /api/v1/events?page=1&limit=9&search=&timeframe=all&event_type=all&sort_by=date 304 - - 13.045 ms","service":"event-planner-api","timestamp":"2026-08-22 11:45:13"}
{"level":"info","message":"GET /api/v1/auth/profile 304 - - 4.439 ms","service":"event-planner-api","timestamp":"2026-08-22 11:45:13"}
{"level":"info","message":"GET /api/v1/tags 304 - - 4.868 ms","service":"event-planner-api","timestamp":"2026-08-22 11:45:13"}
{"level":"info","message":"GET /api/v1/events/metrics 304 - - 13.130 ms","service":"event-planner-api","timestamp":"2026-08-22 11:45:13"}
{"level":"info","message":"GET /api/v1/auth/profile 304 - - 3.825 ms","service":"event-planner-api","timestamp":"2026-08-22 11:45:13"}
{"level":"info","message":"GET /api/v1/events?page=1&limit=9&search=&timeframe=all&event_type=all&sort_by=date 304 - - 13.551 ms","service":"event-planner-api","timestamp":"2026-08-22 11:45:13"}
{"code":"EMAIL_EXISTS","level":"error","message":"POST /api/v1/auth/register - Error: An account with this email address already exists.","service":"event-planner-api","stack":"Error: An account with this email address already exists.\n    at AuthService.register (/home/kritan/Documents/Personal Projects/lf_assessment/backend/src/services/auth.service.ts:16:26)\n    at processTicksAndRejections (node:internal/process/task_queues:104:5)\n    at register (/home/kritan/Documents/Personal Projects/lf_assessment/backend/src/controllers/auth.controller.ts:9:22)","statusCode":409,"timestamp":"2026-08-22 11:45:56"}
{"code":"INVALID_CREDENTIALS","level":"error","message":"POST /api/v1/auth/login - Error: Invalid email or password.","service":"event-planner-api","stack":"Error: Invalid email or password.\n    at AuthService.login (/home/kritan/Documents/Personal Projects/lf_assessment/backend/src/services/auth.service.ts:77:26)\n    at login (/home/kritan/Documents/Personal Projects/lf_assessment/backend/src/controllers/auth.controller.ts:21:22)","statusCode":401,"timestamp":"2026-08-22 11:45:56"}
{"code":"TOKEN_REUSE_DETECTED","level":"error","message":"POST /api/v1/auth/refresh-token - Error: Suspicious activity detected: Refresh token was already used. All sessions revoked.","service":"event-planner-api","stack":"Error: Suspicious activity detected: Refresh token was already used. All sessions revoked.\n    at AuthService.refreshAccessToken (/home/kritan/Documents/Personal Projects/lf_assessment/backend/src/services/auth.service.ts:152:28)\n    at processTicksAndRejections (node:internal/process/task_queues:104:5)\n    at refreshToken (/home/kritan/Documents/Personal Projects/lf_assessment/backend/src/controllers/auth.controller.ts:38:22)","statusCode":401,"timestamp":"2026-08-22 11:45:56"}
{"code":"FORBIDDEN","level":"error","message":"PUT /api/v1/events/7 - Error: Forbidden: Only the event creator can edit this event.","service":"event-planner-api","stack":"Error: Forbidden: Only the event creator can edit this event.\n    at EventService.updateEvent (/home/kritan/Documents/Personal Projects/lf_assessment/backend/src/services/event.service.ts:438:26)\n    at processTicksAndRejections (node:internal/process/task_queues:104:5)\n    at updateEvent (/home/kritan/Documents/Personal Projects/lf_assessment/backend/src/controllers/event.controller.ts:42:21)","statusCode":403,"timestamp":"2026-08-22 11:45:58"}
{"level":"info","message":"GET /api/v1/tags 304 - - 6.112 ms","service":"event-planner-api","timestamp":"2026-08-22 11:48:36"}
{"level":"info","message":"GET /api/v1/events?page=1&limit=9&search=&timeframe=all&event_type=all&sort_by=date 304 - - 14.073 ms","service":"event-planner-api","timestamp":"2026-08-22 11:48:36"}
{"level":"info","message":"GET /api/v1/auth/profile 304 - - 4.624 ms","service":"event-planner-api","timestamp":"2026-08-22 11:48:36"}
{"level":"info","message":"GET /api/v1/events/metrics 304 - - 18.233 ms","service":"event-planner-api","timestamp":"2026-08-22 11:48:36"}
{"level":"info","message":"GET /api/v1/tags 304 - - 2.582 ms","service":"event-planner-api","timestamp":"2026-08-22 11:48:36"}
{"level":"info","message":"GET /api/v1/events?page=1&limit=9&search=&timeframe=all&event_type=all&sort_by=date 304 - - 8.171 ms","service":"event-planner-api","timestamp":"2026-08-22 11:48:36"}
{"level":"info","message":"GET /api/v1/auth/profile 304 - - 2.342 ms","service":"event-planner-api","timestamp":"2026-08-22 11:48:36"}
{"level":"info","message":"GET /api/v1/events/metrics 304 - - 5.953 ms","service":"event-planner-api","timestamp":"2026-08-22 11:48:36"}
{"level":"info","message":"GET /api/v1/events/9 304 - - 8.230 ms","service":"event-planner-api","timestamp":"2026-08-22 11:49:56"}
{"level":"info","message":"GET /api/v1/events/9 304 - - 8.234 ms","service":"event-planner-api","timestamp":"2026-08-22 11:49:56"}
{"level":"info","message":"GET /api/v1/events/9 304 - - 6.826 ms","service":"event-planner-api","timestamp":"2026-08-22 11:51:54"}
{"level":"info","message":"GET /api/v1/events/9 304 - - 8.072 ms","service":"event-planner-api","timestamp":"2026-08-22 11:52:06"}
{"level":"info","message":"GET /api/v1/auth/profile 304 - - 1.923 ms","service":"event-planner-api","timestamp":"2026-08-22 11:52:17"}
{"level":"info","message":"GET /api/v1/events/9 304 - - 10.447 ms","service":"event-planner-api","timestamp":"2026-08-22 11:52:17"}
{"level":"info","message":"GET /api/v1/auth/profile 304 - - 3.507 ms","service":"event-planner-api","timestamp":"2026-08-22 11:52:17"}
{"level":"info","message":"GET /api/v1/events/9 304 - - 8.805 ms","service":"event-planner-api","timestamp":"2026-08-22 11:52:17"}
{"level":"info","message":"GET /api/v1/tags 304 - - 2.913 ms","service":"event-planner-api","timestamp":"2026-08-22 11:52:30"}
{"level":"info","message":"GET /api/v1/tags 304 - - 5.367 ms","service":"event-planner-api","timestamp":"2026-08-22 11:52:30"}
{"level":"info","message":"GET /api/v1/events/metrics 304 - - 14.569 ms","service":"event-planner-api","timestamp":"2026-08-22 11:52:30"}
{"level":"info","message":"GET /api/v1/events?page=1&limit=9&search=&timeframe=all&event_type=all&sort_by=date 304 - - 14.638 ms","service":"event-planner-api","timestamp":"2026-08-22 11:52:30"}
{"level":"info","message":"GET /api/v1/events/metrics 304 - - 7.632 ms","service":"event-planner-api","timestamp":"2026-08-22 11:52:30"}
{"level":"info","message":"GET /api/v1/events?page=1&limit=9&search=&timeframe=all&event_type=all&sort_by=date 304 - - 8.057 ms","service":"event-planner-api","timestamp":"2026-08-22 11:52:30"}
{"level":"info","message":"GET /api/v1/events?page=1&limit=9&search=&timeframe=all&event_type=all&tag=beta&sort_by=date 200 4738 - 9.627 ms","service":"event-planner-api","timestamp":"2026-08-22 11:54:01"}
{"level":"info","message":"GET /api/v1/events?page=1&limit=9&search=&timeframe=all&event_type=all&tag=Birthday&sort_by=date 200 6329 - 9.361 ms","service":"event-planner-api","timestamp":"2026-08-22 11:54:06"}
{"level":"info","message":"GET /api/v1/events?page=1&limit=9&search=&timeframe=all&event_type=all&tag=Design&sort_by=date 200 5617 - 10.097 ms","service":"event-planner-api","timestamp":"2026-08-22 11:54:11"}
{"level":"info","message":"GET /api/v1/events?page=1&limit=9&search=&timeframe=all&event_type=public&tag=Design&sort_by=date 200 1039 - 7.351 ms","service":"event-planner-api","timestamp":"2026-08-22 11:54:29"}
{"level":"info","message":"GET /api/v1/events?page=1&limit=9&search=&timeframe=all&event_type=private&tag=Design&sort_by=date 200 4738 - 11.340 ms","service":"event-planner-api","timestamp":"2026-08-22 11:54:31"}
{"level":"info","message":"Gracefully shutting down server...","service":"event-planner-api","timestamp":"2026-08-22 12:07:21"}
{"level":"info","message":"Starting Event Planning API server in development mode...","service":"event-planner-api","timestamp":"2026-08-22 12:07:22"}
{"level":"info","message":"✅ Database connected successfully (mysql2)","service":"event-planner-api","timestamp":"2026-08-22 12:07:22"}
{"level":"info","message":"🚀 Server running on http://localhost:5000","service":"event-planner-api","timestamp":"2026-08-22 12:07:22"}
{"level":"info","message":"📚 Swagger API Docs available at http://localhost:5000/api-docs","service":"event-planner-api","timestamp":"2026-08-22 12:07:22"}
{"level":"info","message":"⚡ API endpoints live at http://localhost:5000/api/v1","service":"event-planner-api","timestamp":"2026-08-22 12:07:22"}
{"level":"info","message":"Gracefully shutting down server...","service":"event-planner-api","timestamp":"2026-08-22 12:07:31"}
{"level":"info","message":"Starting Event Planning API server in development mode...","service":"event-planner-api","timestamp":"2026-08-22 12:07:32"}
{"level":"info","message":"✅ Database connected successfully (mysql2)","service":"event-planner-api","timestamp":"2026-08-22 12:07:32"}
{"level":"info","message":"🚀 Server running on http://localhost:5000","service":"event-planner-api","timestamp":"2026-08-22 12:07:32"}
{"level":"info","message":"📚 Swagger API Docs available at http://localhost:5000/api-docs","service":"event-planner-api","timestamp":"2026-08-22 12:07:32"}
{"level":"info","message":"⚡ API endpoints live at http://localhost:5000/api/v1","service":"event-planner-api","timestamp":"2026-08-22 12:07:32"}
{"level":"info","message":"Gracefully shutting down server...","service":"event-planner-api","timestamp":"2026-08-22 12:07:44"}
{"level":"info","message":"Starting Event Planning API server in development mode...","service":"event-planner-api","timestamp":"2026-08-22 12:07:45"}
{"level":"info","message":"✅ Database connected successfully (mysql2)","service":"event-planner-api","timestamp":"2026-08-22 12:07:45"}
{"level":"info","message":"🚀 Server running on http://localhost:5000","service":"event-planner-api","timestamp":"2026-08-22 12:07:45"}
{"level":"info","message":"📚 Swagger API Docs available at http://localhost:5000/api-docs","service":"event-planner-api","timestamp":"2026-08-22 12:07:45"}
{"level":"info","message":"⚡ API endpoints live at http://localhost:5000/api/v1","service":"event-planner-api","timestamp":"2026-08-22 12:07:45"}
{"level":"info","message":"GET /api/v1/tags 200 5141 - 14.490 ms","service":"event-planner-api","timestamp":"2026-08-22 12:07:55"}
{"level":"info","message":"GET /api/v1/events?page=1&limit=9&search=&timeframe=all&event_type=private&tag=Design&sort_by=date 200 161 - 13.552 ms","service":"event-planner-api","timestamp":"2026-08-22 12:07:55"}
{"level":"info","message":"GET /api/v1/events/metrics 304 - - 33.222 ms","service":"event-planner-api","timestamp":"2026-08-22 12:07:55"}
{"level":"info","message":"GET /api/v1/tags 304 - - 4.018 ms","service":"event-planner-api","timestamp":"2026-08-22 12:08:04"}
{"level":"info","message":"GET /api/v1/tags 304 - - 6.705 ms","service":"event-planner-api","timestamp":"2026-08-22 12:08:04"}
{"level":"info","message":"GET /api/v1/events?page=1&limit=9&search=&timeframe=all&event_type=all&sort_by=date 200 4677 - 18.585 ms","service":"event-planner-api","timestamp":"2026-08-22 12:08:04"}
{"level":"info","message":"GET /api/v1/events/metrics 304 - - 26.371 ms","service":"event-planner-api","timestamp":"2026-08-22 12:08:04"}
{"level":"info","message":"GET /api/v1/events?page=1&limit=9&search=&timeframe=all&event_type=all&sort_by=date 304 - - 9.605 ms","service":"event-planner-api","timestamp":"2026-08-22 12:08:04"}
{"level":"info","message":"GET /api/v1/events/metrics 304 - - 8.709 ms","service":"event-planner-api","timestamp":"2026-08-22 12:08:04"}
{"level":"info","message":"Gracefully shutting down server...","service":"event-planner-api","timestamp":"2026-08-22 12:08:46"}
{"level":"info","message":"Starting Event Planning API server in development mode...","service":"event-planner-api","timestamp":"2026-08-22 12:08:46"}
{"level":"info","message":"✅ Database connected successfully (mysql2)","service":"event-planner-api","timestamp":"2026-08-22 12:08:46"}
{"level":"info","message":"🚀 Server running on http://localhost:5000","service":"event-planner-api","timestamp":"2026-08-22 12:08:46"}
{"level":"info","message":"📚 Swagger API Docs available at http://localhost:5000/api-docs","service":"event-planner-api","timestamp":"2026-08-22 12:08:46"}
{"level":"info","message":"⚡ API endpoints live at http://localhost:5000/api/v1","service":"event-planner-api","timestamp":"2026-08-22 12:08:46"}
{"code":"FORBIDDEN","level":"error","message":"PUT /api/v1/events/7 - Error: Forbidden: Only the event creator can edit this event.","service":"event-planner-api","stack":"Error: Forbidden: Only the event creator can edit this event.\n    at EventService.updateEvent (/home/kritan/Documents/Personal Projects/lf_assessment/backend/src/services/event.service.ts:438:26)\n    at processTicksAndRejections (node:internal/process/task_queues:104:5)\n    at updateEvent (/home/kritan/Documents/Personal Projects/lf_assessment/backend/src/controllers/event.controller.ts:42:21)","statusCode":403,"timestamp":"2026-08-22 12:09:20"}
{"code":"EMAIL_EXISTS","level":"error","message":"POST /api/v1/auth/register - Error: An account with this email address already exists.","service":"event-planner-api","stack":"Error: An account with this email address already exists.\n    at AuthService.register (/home/kritan/Documents/Personal Projects/lf_assessment/backend/src/services/auth.service.ts:16:26)\n    at processTicksAndRejections (node:internal/process/task_queues:104:5)\n    at register (/home/kritan/Documents/Personal Projects/lf_assessment/backend/src/controllers/auth.controller.ts:9:22)","statusCode":409,"timestamp":"2026-08-22 12:09:21"}
{"code":"INVALID_CREDENTIALS","level":"error","message":"POST /api/v1/auth/login - Error: Invalid email or password.","service":"event-planner-api","stack":"Error: Invalid email or password.\n    at AuthService.login (/home/kritan/Documents/Personal Projects/lf_assessment/backend/src/services/auth.service.ts:77:26)\n    at login (/home/kritan/Documents/Personal Projects/lf_assessment/backend/src/controllers/auth.controller.ts:21:22)","statusCode":401,"timestamp":"2026-08-22 12:09:21"}
{"code":"TOKEN_REUSE_DETECTED","level":"error","message":"POST /api/v1/auth/refresh-token - Error: Suspicious activity detected: Refresh token was already used. All sessions revoked.","service":"event-planner-api","stack":"Error: Suspicious activity detected: Refresh token was already used. All sessions revoked.\n    at AuthService.refreshAccessToken (/home/kritan/Documents/Personal Projects/lf_assessment/backend/src/services/auth.service.ts:152:28)\n    at processTicksAndRejections (node:internal/process/task_queues:104:5)\n    at refreshToken (/home/kritan/Documents/Personal Projects/lf_assessment/backend/src/controllers/auth.controller.ts:38:22)","statusCode":401,"timestamp":"2026-08-22 12:09:21"}
{"code":"FORBIDDEN","level":"error","message":"PUT /api/v1/events/7 - Error: Forbidden: Only the event creator can edit this event.","service":"event-planner-api","stack":"Error: Forbidden: Only the event creator can edit this event.\n    at EventService.updateEvent (/home/kritan/Documents/Personal Projects/lf_assessment/backend/src/services/event.service.ts:438:26)\n    at processTicksAndRejections (node:internal/process/task_queues:104:5)\n    at updateEvent (/home/kritan/Documents/Personal Projects/lf_assessment/backend/src/controllers/event.controller.ts:42:21)","statusCode":403,"timestamp":"2026-08-22 12:10:01"}
{"code":"EMAIL_EXISTS","level":"error","message":"POST /api/v1/auth/register - Error: An account with this email address already exists.","service":"event-planner-api","stack":"Error: An account with this email address already exists.\n    at AuthService.register (/home/kritan/Documents/Personal Projects/lf_assessment/backend/src/services/auth.service.ts:16:26)\n    at processTicksAndRejections (node:internal/process/task_queues:104:5)\n    at register (/home/kritan/Documents/Personal Projects/lf_assessment/backend/src/controllers/auth.controller.ts:9:22)","statusCode":409,"timestamp":"2026-08-22 12:10:03"}
{"code":"INVALID_CREDENTIALS","level":"error","message":"POST /api/v1/auth/login - Error: Invalid email or password.","service":"event-planner-api","stack":"Error: Invalid email or password.\n    at AuthService.login (/home/kritan/Documents/Personal Projects/lf_assessment/backend/src/services/auth.service.ts:77:26)\n    at login (/home/kritan/Documents/Personal Projects/lf_assessment/backend/src/controllers/auth.controller.ts:21:22)","statusCode":401,"timestamp":"2026-08-22 12:10:03"}
{"code":"TOKEN_REUSE_DETECTED","level":"error","message":"POST /api/v1/auth/refresh-token - Error: Suspicious activity detected: Refresh token was already used. All sessions revoked.","service":"event-planner-api","stack":"Error: Suspicious activity detected: Refresh token was already used. All sessions revoked.\n    at AuthService.refreshAccessToken (/home/kritan/Documents/Personal Projects/lf_assessment/backend/src/services/auth.service.ts:152:28)\n    at processTicksAndRejections (node:internal/process/task_queues:104:5)\n    at refreshToken (/home/kritan/Documents/Personal Projects/lf_assessment/backend/src/controllers/auth.controller.ts:38:22)","statusCode":401,"timestamp":"2026-08-22 12:10:03"}
{"level":"info","message":"GET /api/v1/events?page=1&limit=9&search=&timeframe=all&event_type=all&tag=Workshop&sort_by=date 200 1929 - 35.940 ms","service":"event-planner-api","timestamp":"2026-08-22 12:12:51"}
{"level":"info","message":"GET /api/v1/events?page=1&limit=9&search=&timeframe=all&event_type=all&tag=will+there+be+any+questions&sort_by=date 200 161 - 7.631 ms","service":"event-planner-api","timestamp":"2026-08-22 12:13:57"}
{"level":"info","message":"GET /api/v1/events?page=1&limit=9&search=&timeframe=all&event_type=all&sort_by=date 304 - - 10.561 ms","service":"event-planner-api","timestamp":"2026-08-22 12:14:10"}
{"level":"info","message":"GET /api/v1/tags 200 5141 - 7.686 ms","service":"event-planner-api","timestamp":"2026-08-22 12:14:53"}
{"level":"info","message":"GET /api/v1/auth/profile 401 112 - 0.774 ms","service":"event-planner-api","timestamp":"2026-08-22 12:14:53"}
{"level":"info","message":"GET /api/v1/tags 200 5141 - 9.080 ms","service":"event-planner-api","timestamp":"2026-08-22 12:14:53"}
{"level":"info","message":"GET /api/v1/events?page=1&limit=9&search=&timeframe=all&event_type=all&sort_by=date 200 4677 - 32.344 ms","service":"event-planner-api","timestamp":"2026-08-22 12:14:53"}
{"level":"info","message":"GET /api/v1/auth/profile 401 112 - 0.385 ms","service":"event-planner-api","timestamp":"2026-08-22 12:14:53"}
{"level":"info","message":"GET /api/v1/events/metrics 200 141 - 50.602 ms","service":"event-planner-api","timestamp":"2026-08-22 12:14:53"}
{"level":"info","message":"GET /api/v1/events?page=1&limit=9&search=&timeframe=all&event_type=all&sort_by=date 200 4677 - 37.391 ms","service":"event-planner-api","timestamp":"2026-08-22 12:14:53"}
{"level":"info","message":"GET /api/v1/events/metrics 200 141 - 46.405 ms","service":"event-planner-api","timestamp":"2026-08-22 12:14:53"}
{"level":"info","message":"POST /api/v1/auth/refresh-token 200 749 - 31.712 ms","service":"event-planner-api","timestamp":"2026-08-22 12:14:53"}
{"level":"info","message":"GET /api/v1/auth/profile 200 280 - 5.254 ms","service":"event-planner-api","timestamp":"2026-08-22 12:14:54"}
{"level":"info","message":"GET /api/v1/auth/profile 200 280 - 5.076 ms","service":"event-planner-api","timestamp":"2026-08-22 12:14:54"}
{"level":"info","message":"GET /api/v1/tags?timeframe=upcoming 200 5141 - 6.288 ms","service":"event-planner-api","timestamp":"2026-08-22 12:14:56"}
{"level":"info","message":"GET /api/v1/events/metrics 304 - - 15.819 ms","service":"event-planner-api","timestamp":"2026-08-22 12:14:56"}
{"level":"info","message":"GET /api/v1/events?page=1&limit=9&search=&timeframe=upcoming&event_type=all&sort_by=date 200 7443 - 16.964 ms","service":"event-planner-api","timestamp":"2026-08-22 12:14:56"}
{"level":"info","message":"GET /api/v1/events?page=1&limit=9&search=&timeframe=upcoming&event_type=all&tag=Birthday&sort_by=date 200 5571 - 11.921 ms","service":"event-planner-api","timestamp":"2026-08-22 12:15:02"}
{"level":"info","message":"GET /api/v1/events?page=1&limit=9&search=&timeframe=upcoming&event_type=all&tag=blame&sort_by=date 200 4738 - 10.958 ms","service":"event-planner-api","timestamp":"2026-08-22 12:15:05"}
{"level":"info","message":"GET /api/v1/events?page=1&limit=9&search=&timeframe=upcoming&event_type=all&tag=Conference&sort_by=date 200 5731 - 10.668 ms","service":"event-planner-api","timestamp":"2026-08-22 12:15:06"}
{"level":"info","message":"GET /api/v1/tags?event_type=public&timeframe=upcoming 200 5141 - 5.816 ms","service":"event-planner-api","timestamp":"2026-08-22 12:15:10"}
{"level":"info","message":"GET /api/v1/events/metrics 304 - - 10.837 ms","service":"event-planner-api","timestamp":"2026-08-22 12:15:10"}
{"level":"info","message":"GET /api/v1/events?page=1&limit=9&search=&timeframe=upcoming&event_type=public&tag=Conference&sort_by=date 200 1153 - 13.054 ms","service":"event-planner-api","timestamp":"2026-08-22 12:15:10"}
{"level":"info","message":"GET /api/v1/tags?event_type=private&timeframe=upcoming 200 5141 - 5.128 ms","service":"event-planner-api","timestamp":"2026-08-22 12:15:14"}
{"level":"info","message":"GET /api/v1/events/metrics 304 - - 9.914 ms","service":"event-planner-api","timestamp":"2026-08-22 12:15:14"}
{"level":"info","message":"GET /api/v1/events?page=1&limit=9&search=&timeframe=upcoming&event_type=private&tag=Conference&sort_by=date 200 4738 - 13.033 ms","service":"event-planner-api","timestamp":"2026-08-22 12:15:14"}
{"level":"info","message":"GET /api/v1/tags?event_type=public&timeframe=upcoming 304 - - 4.801 ms","service":"event-planner-api","timestamp":"2026-08-22 12:15:18"}
{"level":"info","message":"GET /api/v1/events/metrics 304 - - 9.736 ms","service":"event-planner-api","timestamp":"2026-08-22 12:15:18"}
{"level":"info","message":"GET /api/v1/events?page=1&limit=9&search=&timeframe=upcoming&event_type=public&tag=Conference&sort_by=date 304 - - 11.235 ms","service":"event-planner-api","timestamp":"2026-08-22 12:15:18"}
{"level":"info","message":"GET /api/v1/tags?timeframe=upcoming 304 - - 3.382 ms","service":"event-planner-api","timestamp":"2026-08-22 12:15:20"}
{"level":"info","message":"GET /api/v1/events/metrics 304 - - 8.582 ms","service":"event-planner-api","timestamp":"2026-08-22 12:15:20"}
{"level":"info","message":"GET /api/v1/events?page=1&limit=9&search=&timeframe=upcoming&event_type=all&tag=Conference&sort_by=date 304 - - 10.001 ms","service":"event-planner-api","timestamp":"2026-08-22 12:15:20"}
{"level":"info","message":"GET /api/v1/events?page=1&limit=9&search=&timeframe=upcoming&event_type=all&sort_by=date 304 - - 9.737 ms","service":"event-planner-api","timestamp":"2026-08-22 12:15:26"}
{"level":"info","message":"GET /api/v1/tags 200 5141 - 4.152 ms","service":"event-planner-api","timestamp":"2026-08-22 12:15:27"}
{"level":"info","message":"GET /api/v1/events/metrics 304 - - 9.114 ms","service":"event-planner-api","timestamp":"2026-08-22 12:15:27"}
{"level":"info","message":"GET /api/v1/events?page=1&limit=9&search=&timeframe=all&event_type=all&sort_by=date 200 10846 - 10.769 ms","service":"event-planner-api","timestamp":"2026-08-22 12:15:27"}
{"level":"info","message":"GET /api/v1/events?page=1&limit=9&search=&timeframe=all&event_type=all&tag=blame&sort_by=date 200 4738 - 9.078 ms","service":"event-planner-api","timestamp":"2026-08-22 12:15:38"}
{"level":"info","message":"GET /api/v1/events?page=1&limit=9&search=&timeframe=all&event_type=all&tag=Conference&sort_by=date 200 5731 - 9.734 ms","service":"event-planner-api","timestamp":"2026-08-22 12:15:41"}
{"level":"info","message":"GET /api/v1/tags?event_type=public 200 5141 - 4.346 ms","service":"event-planner-api","timestamp":"2026-08-22 12:15:43"}
{"level":"info","message":"GET /api/v1/events/metrics 304 - - 8.553 ms","service":"event-planner-api","timestamp":"2026-08-22 12:15:43"}
{"level":"info","message":"GET /api/v1/events?page=1&limit=9&search=&timeframe=all&event_type=public&tag=Conference&sort_by=date 200 1153 - 10.125 ms","service":"event-planner-api","timestamp":"2026-08-22 12:15:43"}
{"level":"info","message":"GET /api/v1/tags?event_type=private 200 5141 - 5.345 ms","service":"event-planner-api","timestamp":"2026-08-22 12:15:45"}
{"level":"info","message":"GET /api/v1/events/metrics 304 - - 11.887 ms","service":"event-planner-api","timestamp":"2026-08-22 12:15:45"}
{"level":"info","message":"GET /api/v1/events?page=1&limit=9&search=&timeframe=all&event_type=private&tag=Conference&sort_by=date 200 4738 - 11.814 ms","service":"event-planner-api","timestamp":"2026-08-22 12:15:45"}
{"level":"info","message":"GET /api/v1/events?page=1&limit=9&search=&timeframe=all&event_type=private&tag=bunga&sort_by=date 200 4738 - 8.433 ms","service":"event-planner-api","timestamp":"2026-08-22 12:15:51"}
{"level":"info","message":"GET /api/v1/events?page=1&limit=9&search=&timeframe=all&event_type=private&tag=bol&sort_by=date 200 4738 - 8.576 ms","service":"event-planner-api","timestamp":"2026-08-22 12:15:53"}
{"level":"info","message":"GET /api/v1/events?page=1&limit=9&search=&timeframe=all&event_type=private&tag=Conference&sort_by=date 304 - - 9.381 ms","service":"event-planner-api","timestamp":"2026-08-22 12:15:54"}
{"level":"info","message":"GET /api/v1/tags 200 5141 - 4.668 ms","service":"event-planner-api","timestamp":"2026-08-22 12:16:11"}
{"level":"info","message":"GET /api/v1/events/metrics 200 141 - 15.711 ms","service":"event-planner-api","timestamp":"2026-08-22 12:16:11"}
{"level":"info","message":"GET /api/v1/auth/profile 200 280 - 9.740 ms","service":"event-planner-api","timestamp":"2026-08-22 12:16:11"}
{"level":"info","message":"GET /api/v1/tags 200 5141 - 10.036 ms","service":"event-planner-api","timestamp":"2026-08-22 12:16:11"}
{"level":"info","message":"GET /api/v1/events?page=1&limit=9&search=&timeframe=all&event_type=all&sort_by=date 200 10846 - 24.105 ms","service":"event-planner-api","timestamp":"2026-08-22 12:16:11"}
{"level":"info","message":"GET /api/v1/auth/profile 200 280 - 3.624 ms","service":"event-planner-api","timestamp":"2026-08-22 12:16:11"}
{"level":"info","message":"GET /api/v1/events/metrics 200 141 - 14.102 ms","service":"event-planner-api","timestamp":"2026-08-22 12:16:11"}
{"level":"info","message":"GET /api/v1/events?page=1&limit=9&search=&timeframe=all&event_type=all&sort_by=date 200 10846 - 14.839 ms","service":"event-planner-api","timestamp":"2026-08-22 12:16:11"}
{"level":"info","message":"GET /api/v1/rsvps/my-rsvps 200 1263 - 8.246 ms","service":"event-planner-api","timestamp":"2026-08-22 12:17:31"}
{"level":"info","message":"GET /api/v1/tags 304 - - 9.436 ms","service":"event-planner-api","timestamp":"2026-08-22 12:17:31"}
{"level":"info","message":"GET /api/v1/rsvps/my-rsvps 304 - - 3.200 ms","service":"event-planner-api","timestamp":"2026-08-22 12:17:31"}
{"level":"info","message":"GET /api/v1/events?creator_id=6&limit=50 200 4739 - 22.559 ms","service":"event-planner-api","timestamp":"2026-08-22 12:17:31"}
{"level":"info","message":"GET /api/v1/tags 304 - - 4.574 ms","service":"event-planner-api","timestamp":"2026-08-22 12:17:31"}
{"level":"info","message":"GET /api/v1/events?creator_id=6&limit=50 304 - - 10.767 ms","service":"event-planner-api","timestamp":"2026-08-22 12:17:31"}
{"level":"info","message":"GET /api/v1/tags 304 - - 3.178 ms","service":"event-planner-api","timestamp":"2026-08-22 12:17:41"}
{"level":"info","message":"GET /api/v1/tags 304 - - 3.797 ms","service":"event-planner-api","timestamp":"2026-08-22 12:17:41"}
{"level":"info","message":"GET /api/v1/events/metrics 304 - - 11.719 ms","service":"event-planner-api","timestamp":"2026-08-22 12:17:41"}
{"level":"info","message":"GET /api/v1/events?page=1&limit=9&search=&timeframe=all&event_type=all&sort_by=date 304 - - 11.873 ms","service":"event-planner-api","timestamp":"2026-08-22 12:17:41"}
{"level":"info","message":"GET /api/v1/events/metrics 304 - - 7.981 ms","service":"event-planner-api","timestamp":"2026-08-22 12:17:41"}
{"level":"info","message":"GET /api/v1/events?page=1&limit=9&search=&timeframe=all&event_type=all&sort_by=date 304 - - 9.184 ms","service":"event-planner-api","timestamp":"2026-08-22 12:17:41"}
{"level":"info","message":"GET /api/v1/tags?timeframe=past 200 5141 - 4.090 ms","service":"event-planner-api","timestamp":"2026-08-22 12:19:34"}
{"level":"info","message":"GET /api/v1/events/metrics 304 - - 12.689 ms","service":"event-planner-api","timestamp":"2026-08-22 12:19:34"}
{"level":"info","message":"GET /api/v1/events?page=1&limit=9&search=&timeframe=past&event_type=all&sort_by=date 200 3563 - 11.824 ms","service":"event-planner-api","timestamp":"2026-08-22 12:19:34"}
{"level":"info","message":"GET /api/v1/rsvps/my-rsvps 304 - - 6.204 ms","service":"event-planner-api","timestamp":"2026-08-22 12:19:37"}
{"level":"info","message":"GET /api/v1/tags 304 - - 5.658 ms","service":"event-planner-api","timestamp":"2026-08-22 12:19:37"}
{"level":"info","message":"GET /api/v1/rsvps/my-rsvps 304 - - 3.600 ms","service":"event-planner-api","timestamp":"2026-08-22 12:19:37"}
{"level":"info","message":"GET /api/v1/events?creator_id=6&limit=50 304 - - 20.345 ms","service":"event-planner-api","timestamp":"2026-08-22 12:19:37"}
{"level":"info","message":"GET /api/v1/tags 304 - - 3.671 ms","service":"event-planner-api","timestamp":"2026-08-22 12:19:37"}
{"level":"info","message":"GET /api/v1/events?creator_id=6&limit=50 304 - - 8.277 ms","service":"event-planner-api","timestamp":"2026-08-22 12:19:37"}
{"level":"info","message":"GET /api/v1/tags 304 - - 3.905 ms","service":"event-planner-api","timestamp":"2026-08-22 12:19:39"}
{"level":"info","message":"GET /api/v1/tags 304 - - 3.318 ms","service":"event-planner-api","timestamp":"2026-08-22 12:19:39"}
{"level":"info","message":"GET /api/v1/events/metrics 304 - - 14.812 ms","service":"event-planner-api","timestamp":"2026-08-22 12:19:39"}
{"level":"info","message":"GET /api/v1/events?page=1&limit=9&search=&timeframe=all&event_type=all&sort_by=date 304 - - 12.432 ms","service":"event-planner-api","timestamp":"2026-08-22 12:19:39"}
{"level":"info","message":"GET /api/v1/events/metrics 304 - - 7.800 ms","service":"event-planner-api","timestamp":"2026-08-22 12:19:39"}
{"level":"info","message":"GET /api/v1/events?page=1&limit=9&search=&timeframe=all&event_type=all&sort_by=date 304 - - 8.734 ms","service":"event-planner-api","timestamp":"2026-08-22 12:19:39"}
{"level":"info","message":"GET /api/v1/rsvps/my-rsvps 304 - - 5.209 ms","service":"event-planner-api","timestamp":"2026-08-22 12:19:39"}
{"level":"info","message":"GET /api/v1/tags 304 - - 5.973 ms","service":"event-planner-api","timestamp":"2026-08-22 12:19:39"}
{"level":"info","message":"GET /api/v1/events?creator_id=6&limit=50 304 - - 15.499 ms","service":"event-planner-api","timestamp":"2026-08-22 12:19:39"}
{"level":"info","message":"GET /api/v1/rsvps/my-rsvps 304 - - 4.882 ms","service":"event-planner-api","timestamp":"2026-08-22 12:19:39"}
{"level":"info","message":"GET /api/v1/tags 304 - - 3.561 ms","service":"event-planner-api","timestamp":"2026-08-22 12:19:39"}
{"level":"info","message":"GET /api/v1/events?creator_id=6&limit=50 304 - - 9.847 ms","service":"event-planner-api","timestamp":"2026-08-22 12:19:39"}
{"level":"info","message":"GET /api/v1/tags 304 - - 5.925 ms","service":"event-planner-api","timestamp":"2026-08-22 12:19:40"}
{"level":"info","message":"GET /api/v1/events/metrics 304 - - 11.192 ms","service":"event-planner-api","timestamp":"2026-08-22 12:19:40"}
{"level":"info","message":"GET /api/v1/tags 304 - - 5.548 ms","service":"event-planner-api","timestamp":"2026-08-22 12:19:40"}
{"level":"info","message":"GET /api/v1/events?page=1&limit=9&search=&timeframe=all&event_type=all&sort_by=date 304 - - 15.431 ms","service":"event-planner-api","timestamp":"2026-08-22 12:19:40"}
{"level":"info","message":"GET /api/v1/events/metrics 304 - - 8.604 ms","service":"event-planner-api","timestamp":"2026-08-22 12:19:40"}
{"level":"info","message":"GET /api/v1/events?page=1&limit=9&search=&timeframe=all&event_type=all&sort_by=date 304 - - 9.262 ms","service":"event-planner-api","timestamp":"2026-08-22 12:19:40"}
{"level":"info","message":"GET /api/v1/tags 304 - - 7.083 ms","service":"event-planner-api","timestamp":"2026-08-22 12:24:10"}
{"level":"info","message":"GET /api/v1/auth/profile 304 - - 4.467 ms","service":"event-planner-api","timestamp":"2026-08-22 12:24:10"}
{"level":"info","message":"GET /api/v1/events?page=1&limit=9&search=&timeframe=all&event_type=all&sort_by=date 304 - - 19.630 ms","service":"event-planner-api","timestamp":"2026-08-22 12:24:10"}
{"level":"info","message":"GET /api/v1/tags 304 - - 4.356 ms","service":"event-planner-api","timestamp":"2026-08-22 12:24:10"}
{"level":"info","message":"GET /api/v1/events/metrics 304 - - 28.367 ms","service":"event-planner-api","timestamp":"2026-08-22 12:24:10"}
{"level":"info","message":"GET /api/v1/auth/profile 304 - - 5.208 ms","service":"event-planner-api","timestamp":"2026-08-22 12:24:10"}
{"level":"info","message":"GET /api/v1/events?page=1&limit=9&search=&timeframe=all&event_type=all&sort_by=date 304 - - 11.133 ms","service":"event-planner-api","timestamp":"2026-08-22 12:24:10"}
{"level":"info","message":"GET /api/v1/events/metrics 304 - - 8.766 ms","service":"event-planner-api","timestamp":"2026-08-22 12:24:10"}
{"level":"info","message":"GET /api/v1/tags 304 - - 3.646 ms","service":"event-planner-api","timestamp":"2026-08-22 12:24:55"}
{"level":"info","message":"GET /api/v1/auth/profile 304 - - 5.827 ms","service":"event-planner-api","timestamp":"2026-08-22 12:24:55"}
{"level":"info","message":"GET /api/v1/events/metrics 304 - - 19.886 ms","service":"event-planner-api","timestamp":"2026-08-22 12:24:55"}
{"level":"info","message":"GET /api/v1/events?page=1&limit=9&search=&timeframe=all&event_type=all&sort_by=date 304 - - 19.416 ms","service":"event-planner-api","timestamp":"2026-08-22 12:24:55"}
{"level":"info","message":"GET /api/v1/tags 304 - - 10.113 ms","service":"event-planner-api","timestamp":"2026-08-22 12:24:55"}
{"level":"info","message":"GET /api/v1/auth/profile 304 - - 3.208 ms","service":"event-planner-api","timestamp":"2026-08-22 12:24:55"}
{"level":"info","message":"GET /api/v1/events/metrics 304 - - 6.262 ms","service":"event-planner-api","timestamp":"2026-08-22 12:24:55"}
{"level":"info","message":"GET /api/v1/events?page=1&limit=9&search=&timeframe=all&event_type=all&sort_by=date 304 - - 8.242 ms","service":"event-planner-api","timestamp":"2026-08-22 12:24:55"}
{"code":"FORBIDDEN","level":"error","message":"PUT /api/v1/events/7 - Error: Forbidden: Only the event creator can edit this event.","service":"event-planner-api","stack":"Error: Forbidden: Only the event creator can edit this event.\n    at EventService.updateEvent (/home/kritan/Documents/Personal Projects/lf_assessment/backend/src/services/event.service.ts:438:26)\n    at processTicksAndRejections (node:internal/process/task_queues:104:5)\n    at updateEvent (/home/kritan/Documents/Personal Projects/lf_assessment/backend/src/controllers/event.controller.ts:42:21)","statusCode":403,"timestamp":"2026-08-22 12:25:51"}
{"code":"EMAIL_EXISTS","level":"error","message":"POST /api/v1/auth/register - Error: An account with this email address already exists.","service":"event-planner-api","stack":"Error: An account with this email address already exists.\n    at AuthService.register (/home/kritan/Documents/Personal Projects/lf_assessment/backend/src/services/auth.service.ts:16:26)\n    at processTicksAndRejections (node:internal/process/task_queues:104:5)\n    at register (/home/kritan/Documents/Personal Projects/lf_assessment/backend/src/controllers/auth.controller.ts:9:22)","statusCode":409,"timestamp":"2026-08-22 12:25:51"}
{"code":"INVALID_CREDENTIALS","level":"error","message":"POST /api/v1/auth/login - Error: Invalid email or password.","service":"event-planner-api","stack":"Error: Invalid email or password.\n    at AuthService.login (/home/kritan/Documents/Personal Projects/lf_assessment/backend/src/services/auth.service.ts:77:26)\n    at login (/home/kritan/Documents/Personal Projects/lf_assessment/backend/src/controllers/auth.controller.ts:21:22)","statusCode":401,"timestamp":"2026-08-22 12:25:52"}
{"code":"TOKEN_REUSE_DETECTED","level":"error","message":"POST /api/v1/auth/refresh-token - Error: Suspicious activity detected: Refresh token was already used. All sessions revoked.","service":"event-planner-api","stack":"Error: Suspicious activity detected: Refresh token was already used. All sessions revoked.\n    at AuthService.refreshAccessToken (/home/kritan/Documents/Personal Projects/lf_assessment/backend/src/services/auth.service.ts:152:28)\n    at processTicksAndRejections (node:internal/process/task_queues:104:5)\n    at refreshToken (/home/kritan/Documents/Personal Projects/lf_assessment/backend/src/controllers/auth.controller.ts:38:22)","statusCode":401,"timestamp":"2026-08-22 12:25:52"}
{"level":"info","message":"GET /api/v1/events?page=1&limit=9&search=&timeframe=all&event_type=all&sort_by=popularity 200 10846 - 9.289 ms","service":"event-planner-api","timestamp":"2026-08-22 12:29:32"}
{"level":"info","message":"GET /api/v1/events?page=1&limit=9&search=&timeframe=all&event_type=all&sort_by=created_at 200 10846 - 8.272 ms","service":"event-planner-api","timestamp":"2026-08-22 12:29:35"}
{"level":"info","message":"GET /api/v1/events?page=1&limit=9&search=&timeframe=all&event_type=all&tag=Conference&sort_by=created_at 200 1153 - 7.493 ms","service":"event-planner-api","timestamp":"2026-08-22 12:30:05"}
{"level":"info","message":"GET /api/v1/events?page=1&limit=9&search=&timeframe=all&event_type=private&tag=Conference&sort_by=created_at 200 161 - 5.620 ms","service":"event-planner-api","timestamp":"2026-08-22 12:30:15"}
{"level":"info","message":"GET /api/v1/tags?event_type=private 200 5141 - 5.926 ms","service":"event-planner-api","timestamp":"2026-08-22 12:30:15"}
{"level":"info","message":"GET /api/v1/events/metrics 304 - - 11.276 ms","service":"event-planner-api","timestamp":"2026-08-22 12:30:15"}
{"level":"info","message":"GET /api/v1/tags?event_type=public 304 - - 3.080 ms","service":"event-planner-api","timestamp":"2026-08-22 12:30:18"}
{"level":"info","message":"GET /api/v1/events?page=1&limit=9&search=&timeframe=all&event_type=public&tag=Conference&sort_by=created_at 200 1153 - 8.026 ms","service":"event-planner-api","timestamp":"2026-08-22 12:30:18"}
{"level":"info","message":"GET /api/v1/events/metrics 304 - - 9.344 ms","service":"event-planner-api","timestamp":"2026-08-22 12:30:18"}
{"level":"info","message":"GET /api/v1/tags 200 5141 - 4.285 ms","service":"event-planner-api","timestamp":"2026-08-22 12:30:22"}
{"level":"info","message":"GET /api/v1/events?page=1&limit=9&search=&timeframe=all&event_type=all&tag=Conference&sort_by=created_at 304 - - 9.621 ms","service":"event-planner-api","timestamp":"2026-08-22 12:30:22"}
{"level":"info","message":"GET /api/v1/events/metrics 304 - - 12.026 ms","service":"event-planner-api","timestamp":"2026-08-22 12:30:22"}
{"level":"info","message":"GET /api/v1/events?page=1&limit=9&search=&timeframe=all&event_type=all&tag=Workshop&sort_by=created_at 200 1929 - 6.169 ms","service":"event-planner-api","timestamp":"2026-08-22 12:30:32"}
{"level":"info","message":"GET /api/v1/events?page=1&limit=9&search=&timeframe=all&event_type=all&sort_by=date 200 4677 - 6.485 ms","service":"event-planner-api","timestamp":"2026-08-22 12:30:42"}
{"level":"info","message":"GET /api/v1/tags 200 5141 - 3.342 ms","service":"event-planner-api","timestamp":"2026-08-22 12:31:05"}
{"level":"info","message":"GET /api/v1/events/metrics 200 141 - 10.054 ms","service":"event-planner-api","timestamp":"2026-08-22 12:31:05"}
{"level":"info","message":"GET /api/v1/events?page=1&limit=9&search=&timeframe=all&event_type=all&sort_by=date 200 4677 - 8.377 ms","service":"event-planner-api","timestamp":"2026-08-22 12:31:05"}
{"level":"info","message":"GET /api/v1/auth/profile 401 112 - 0.439 ms","service":"event-planner-api","timestamp":"2026-08-22 12:31:05"}
{"level":"info","message":"GET /api/v1/tags 200 5141 - 3.936 ms","service":"event-planner-api","timestamp":"2026-08-22 12:31:05"}
{"level":"info","message":"GET /api/v1/auth/profile 401 112 - 0.216 ms","service":"event-planner-api","timestamp":"2026-08-22 12:31:05"}
{"level":"info","message":"GET /api/v1/events/metrics 200 141 - 14.467 ms","service":"event-planner-api","timestamp":"2026-08-22 12:31:05"}
{"level":"info","message":"GET /api/v1/events?page=1&limit=9&search=&timeframe=all&event_type=all&sort_by=date 200 4677 - 10.017 ms","service":"event-planner-api","timestamp":"2026-08-22 12:31:05"}
{"level":"info","message":"POST /api/v1/auth/refresh-token 200 749 - 15.900 ms","service":"event-planner-api","timestamp":"2026-08-22 12:31:05"}
{"level":"info","message":"GET /api/v1/auth/profile 200 280 - 3.181 ms","service":"event-planner-api","timestamp":"2026-08-22 12:31:05"}
{"level":"info","message":"GET /api/v1/auth/profile 200 280 - 2.600 ms","service":"event-planner-api","timestamp":"2026-08-22 12:31:05"}
{"level":"info","message":"GET /api/v1/events?creator_id=6&limit=50 304 - - 11.798 ms","service":"event-planner-api","timestamp":"2026-08-22 12:32:25"}
{"level":"info","message":"GET /api/v1/rsvps/my-rsvps 304 - - 7.552 ms","service":"event-planner-api","timestamp":"2026-08-22 12:32:25"}
{"level":"info","message":"GET /api/v1/tags 200 5141 - 7.851 ms","service":"event-planner-api","timestamp":"2026-08-22 12:32:25"}
{"level":"info","message":"GET /api/v1/rsvps/my-rsvps 304 - - 4.534 ms","service":"event-planner-api","timestamp":"2026-08-22 12:32:25"}
{"level":"info","message":"GET /api/v1/tags 304 - - 3.950 ms","service":"event-planner-api","timestamp":"2026-08-22 12:32:25"}
{"level":"info","message":"GET /api/v1/events?creator_id=6&limit=50 304 - - 19.209 ms","service":"event-planner-api","timestamp":"2026-08-22 12:32:25"}
{"level":"info","message":"GET /api/v1/tags 304 - - 3.806 ms","service":"event-planner-api","timestamp":"2026-08-22 12:32:28"}
{"level":"info","message":"GET /api/v1/events/metrics 304 - - 12.803 ms","service":"event-planner-api","timestamp":"2026-08-22 12:32:28"}
{"level":"info","message":"GET /api/v1/tags 304 - - 6.420 ms","service":"event-planner-api","timestamp":"2026-08-22 12:32:28"}
{"level":"info","message":"GET /api/v1/events?page=1&limit=9&search=&timeframe=all&event_type=all&sort_by=date 200 10846 - 18.671 ms","service":"event-planner-api","timestamp":"2026-08-22 12:32:28"}
{"level":"info","message":"GET /api/v1/events/metrics 304 - - 9.374 ms","service":"event-planner-api","timestamp":"2026-08-22 12:32:28"}
{"level":"info","message":"GET /api/v1/events?page=1&limit=9&search=&timeframe=all&event_type=all&sort_by=date 304 - - 8.417 ms","service":"event-planner-api","timestamp":"2026-08-22 12:32:28"}
{"level":"info","message":"GET /api/v1/rsvps/my-rsvps 304 - - 5.865 ms","service":"event-planner-api","timestamp":"2026-08-22 12:35:01"}
{"level":"info","message":"GET /api/v1/tags 304 - - 7.766 ms","service":"event-planner-api","timestamp":"2026-08-22 12:35:01"}
{"level":"info","message":"GET /api/v1/events?creator_id=6&limit=50 304 - - 16.954 ms","service":"event-planner-api","timestamp":"2026-08-22 12:35:01"}
{"level":"info","message":"GET /api/v1/rsvps/my-rsvps 304 - - 6.251 ms","service":"event-planner-api","timestamp":"2026-08-22 12:35:01"}
{"level":"info","message":"GET /api/v1/tags 304 - - 6.808 ms","service":"event-planner-api","timestamp":"2026-08-22 12:35:01"}
{"level":"info","message":"GET /api/v1/events?creator_id=6&limit=50 304 - - 13.781 ms","service":"event-planner-api","timestamp":"2026-08-22 12:35:01"}
{"level":"info","message":"GET /api/v1/tags 304 - - 3.034 ms","service":"event-planner-api","timestamp":"2026-08-22 12:35:02"}
{"level":"info","message":"GET /api/v1/tags 304 - - 3.674 ms","service":"event-planner-api","timestamp":"2026-08-22 12:35:02"}
{"level":"info","message":"GET /api/v1/events/metrics 304 - - 10.445 ms","service":"event-planner-api","timestamp":"2026-08-22 12:35:02"}
{"level":"info","message":"GET /api/v1/events?page=1&limit=9&search=&timeframe=all&event_type=all&sort_by=date 304 - - 14.514 ms","service":"event-planner-api","timestamp":"2026-08-22 12:35:02"}
{"level":"info","message":"GET /api/v1/events/metrics 304 - - 11.460 ms","service":"event-planner-api","timestamp":"2026-08-22 12:35:02"}
{"level":"info","message":"GET /api/v1/events?page=1&limit=9&search=&timeframe=all&event_type=all&sort_by=date 304 - - 12.079 ms","service":"event-planner-api","timestamp":"2026-08-22 12:35:02"}
{"level":"info","message":"GET /api/v1/tags 200 5141 - 4.439 ms","service":"event-planner-api","timestamp":"2026-08-22 12:35:04"}
{"level":"info","message":"GET /api/v1/events/metrics 200 141 - 13.402 ms","service":"event-planner-api","timestamp":"2026-08-22 12:35:04"}
{"level":"info","message":"GET /api/v1/auth/profile 200 280 - 4.192 ms","service":"event-planner-api","timestamp":"2026-08-22 12:35:04"}
{"level":"info","message":"GET /api/v1/events?page=1&limit=9&search=&timeframe=all&event_type=all&sort_by=date 200 10846 - 17.489 ms","service":"event-planner-api","timestamp":"2026-08-22 12:35:04"}
{"level":"info","message":"GET /api/v1/tags 200 5141 - 4.955 ms","service":"event-planner-api","timestamp":"2026-08-22 12:35:04"}
{"level":"info","message":"GET /api/v1/auth/profile 200 280 - 3.130 ms","service":"event-planner-api","timestamp":"2026-08-22 12:35:04"}
{"level":"info","message":"GET /api/v1/events/metrics 200 141 - 12.226 ms","service":"event-planner-api","timestamp":"2026-08-22 12:35:04"}
{"level":"info","message":"GET /api/v1/events?page=1&limit=9&search=&timeframe=all&event_type=all&sort_by=date 200 10846 - 13.760 ms","service":"event-planner-api","timestamp":"2026-08-22 12:35:04"}
{"level":"info","message":"POST /api/v1/auth/logout 200 98 - 5.958 ms","service":"event-planner-api","timestamp":"2026-08-22 12:35:09"}
{"level":"info","message":"GET /api/v1/tags 200 5141 - 2.956 ms","service":"event-planner-api","timestamp":"2026-08-22 12:35:11"}
{"level":"info","message":"GET /api/v1/events/metrics 200 141 - 10.549 ms","service":"event-planner-api","timestamp":"2026-08-22 12:35:11"}
{"level":"info","message":"GET /api/v1/events?page=1&limit=9&search=&timeframe=all&event_type=all&sort_by=date 200 4677 - 10.276 ms","service":"event-planner-api","timestamp":"2026-08-22 12:35:11"}
{"level":"info","message":"GET /api/v1/auth/profile 401 112 - 0.308 ms","service":"event-planner-api","timestamp":"2026-08-22 12:35:11"}
{"level":"info","message":"GET /api/v1/tags 200 5141 - 4.755 ms","service":"event-planner-api","timestamp":"2026-08-22 12:35:11"}
{"level":"info","message":"GET /api/v1/auth/profile 401 112 - 0.377 ms","service":"event-planner-api","timestamp":"2026-08-22 12:35:11"}
{"level":"info","message":"GET /api/v1/events/metrics 200 141 - 15.144 ms","service":"event-planner-api","timestamp":"2026-08-22 12:35:11"}
{"level":"info","message":"GET /api/v1/events?page=1&limit=9&search=&timeframe=all&event_type=all&sort_by=date 200 4677 - 10.720 ms","service":"event-planner-api","timestamp":"2026-08-22 12:35:11"}
{"level":"info","message":"POST /api/v1/auth/refresh-token 401 98 - 0.248 ms","service":"event-planner-api","timestamp":"2026-08-22 12:35:11"}
{"code":"INVALID_CREDENTIALS","level":"error","message":"POST /api/v1/auth/login - Error: Invalid email or password.","service":"event-planner-api","stack":"Error: Invalid email or password.\n    at AuthService.login (/home/kritan/Documents/Personal Projects/lf_assessment/backend/src/services/auth.service.ts:69:26)\n    at processTicksAndRejections (node:internal/process/task_queues:104:5)\n    at login (/home/kritan/Documents/Personal Projects/lf_assessment/backend/src/controllers/auth.controller.ts:21:22)","statusCode":401,"timestamp":"2026-08-22 12:35:22"}
{"level":"info","message":"POST /api/v1/auth/login 401 463 - 17.044 ms","service":"event-planner-api","timestamp":"2026-08-22 12:35:22"}
{"code":"INVALID_CREDENTIALS","level":"error","message":"POST /api/v1/auth/login - Error: Invalid email or password.","service":"event-planner-api","stack":"Error: Invalid email or password.\n    at AuthService.login (/home/kritan/Documents/Personal Projects/lf_assessment/backend/src/services/auth.service.ts:69:26)\n    at processTicksAndRejections (node:internal/process/task_queues:104:5)\n    at login (/home/kritan/Documents/Personal Projects/lf_assessment/backend/src/controllers/auth.controller.ts:21:22)","statusCode":401,"timestamp":"2026-08-22 12:35:34"}
{"level":"info","message":"POST /api/v1/auth/login 401 463 - 3.220 ms","service":"event-planner-api","timestamp":"2026-08-22 12:35:34"}
{"code":"INVALID_CREDENTIALS","level":"error","message":"POST /api/v1/auth/login - Error: Invalid email or password.","service":"event-planner-api","stack":"Error: Invalid email or password.\n    at AuthService.login (/home/kritan/Documents/Personal Projects/lf_assessment/backend/src/services/auth.service.ts:69:26)\n    at processTicksAndRejections (node:internal/process/task_queues:104:5)\n    at login (/home/kritan/Documents/Personal Projects/lf_assessment/backend/src/controllers/auth.controller.ts:21:22)","statusCode":401,"timestamp":"2026-08-22 12:35:40"}
{"level":"info","message":"POST /api/v1/auth/login 401 463 - 2.789 ms","service":"event-planner-api","timestamp":"2026-08-22 12:35:40"}
{"level":"info","message":"POST /api/v1/auth/login 200 748 - 142.956 ms","service":"event-planner-api","timestamp":"2026-08-22 12:35:49"}
{"level":"info","message":"GET /api/v1/tags 200 5141 - 3.837 ms","service":"event-planner-api","timestamp":"2026-08-22 12:35:49"}
{"level":"info","message":"GET /api/v1/events/metrics 304 - - 12.304 ms","service":"event-planner-api","timestamp":"2026-08-22 12:35:49"}
{"level":"info","message":"GET /api/v1/tags 304 - - 6.071 ms","service":"event-planner-api","timestamp":"2026-08-22 12:35:49"}
{"level":"info","message":"GET /api/v1/events?page=1&limit=9&search=&timeframe=all&event_type=all&sort_by=date 200 10846 - 19.539 ms","service":"event-planner-api","timestamp":"2026-08-22 12:35:49"}
{"level":"info","message":"GET /api/v1/events/metrics 304 - - 6.358 ms","service":"event-planner-api","timestamp":"2026-08-22 12:35:49"}
{"level":"info","message":"GET /api/v1/events?page=1&limit=9&search=&timeframe=all&event_type=all&sort_by=date 304 - - 8.765 ms","service":"event-planner-api","timestamp":"2026-08-22 12:35:49"}
{"level":"info","message":"GET /api/v1/events?page=1&limit=9&search=&timeframe=all&event_type=all&tag=Birthday&sort_by=date 200 6329 - 9.585 ms","service":"event-planner-api","timestamp":"2026-08-22 12:35:59"}
{"level":"info","message":"GET /api/v1/events?page=1&limit=9&search=&timeframe=all&event_type=all&tag=Conference&sort_by=date 200 5731 - 10.282 ms","service":"event-planner-api","timestamp":"2026-08-22 12:36:02"}
{"level":"info","message":"GET /api/v1/tags?event_type=private 200 5141 - 5.309 ms","service":"event-planner-api","timestamp":"2026-08-22 12:36:05"}
{"level":"info","message":"GET /api/v1/events/metrics 304 - - 11.299 ms","service":"event-planner-api","timestamp":"2026-08-22 12:36:05"}
{"level":"info","message":"GET /api/v1/events?page=1&limit=9&search=&timeframe=all&event_type=private&tag=Conference&sort_by=date 200 4738 - 13.027 ms","service":"event-planner-api","timestamp":"2026-08-22 12:36:05"}
{"level":"info","message":"GET /api/v1/tags 304 - - 5.402 ms","service":"event-planner-api","timestamp":"2026-08-22 12:36:09"}
{"level":"info","message":"GET /api/v1/events/metrics 304 - - 11.092 ms","service":"event-planner-api","timestamp":"2026-08-22 12:36:09"}
{"level":"info","message":"GET /api/v1/events?page=1&limit=9&search=&timeframe=all&event_type=all&tag=Conference&sort_by=date 304 - - 14.469 ms","service":"event-planner-api","timestamp":"2026-08-22 12:36:09"}
{"level":"info","message":"GET /api/v1/events?page=1&limit=9&search=&timeframe=all&event_type=all&tag=Design&sort_by=date 200 5617 - 9.445 ms","service":"event-planner-api","timestamp":"2026-08-22 12:36:12"}
{"level":"info","message":"GET /api/v1/tags?event_type=public 304 - - 4.762 ms","service":"event-planner-api","timestamp":"2026-08-22 12:36:15"}
{"level":"info","message":"GET /api/v1/events/metrics 304 - - 10.727 ms","service":"event-planner-api","timestamp":"2026-08-22 12:36:15"}
{"level":"info","message":"GET /api/v1/events?page=1&limit=9&search=&timeframe=all&event_type=public&tag=Design&sort_by=date 304 - - 13.021 ms","service":"event-planner-api","timestamp":"2026-08-22 12:36:15"}
{"level":"info","message":"GET /api/v1/tags 304 - - 5.355 ms","service":"event-planner-api","timestamp":"2026-08-22 12:36:18"}
{"level":"info","message":"GET /api/v1/events/metrics 304 - - 10.574 ms","service":"event-planner-api","timestamp":"2026-08-22 12:36:18"}
{"level":"info","message":"GET /api/v1/events?page=1&limit=9&search=&timeframe=all&event_type=all&tag=Design&sort_by=date 304 - - 12.955 ms","service":"event-planner-api","timestamp":"2026-08-22 12:36:18"}
{"level":"info","message":"GET /api/v1/events?page=1&limit=9&search=&timeframe=all&event_type=all&tag=is+there+any+hope&sort_by=date 200 4738 - 9.272 ms","service":"event-planner-api","timestamp":"2026-08-22 12:36:23"}
{"level":"info","message":"GET /api/v1/events?page=1&limit=9&search=&timeframe=all&event_type=all&sort_by=date 304 - - 9.279 ms","service":"event-planner-api","timestamp":"2026-08-22 12:36:27"}
{"level":"info","message":"GET /api/v1/events?creator_id=7&limit=50 200 162 - 4.754 ms","service":"event-planner-api","timestamp":"2026-08-22 12:36:32"}
{"level":"info","message":"GET /api/v1/rsvps/my-rsvps 200 677 - 3.808 ms","service":"event-planner-api","timestamp":"2026-08-22 12:36:32"}
{"level":"info","message":"GET /api/v1/tags 304 - - 6.696 ms","service":"event-planner-api","timestamp":"2026-08-22 12:36:32"}
{"level":"info","message":"GET /api/v1/events?creator_id=7&limit=50 304 - - 7.310 ms","service":"event-planner-api","timestamp":"2026-08-22 12:36:32"}
{"level":"info","message":"GET /api/v1/rsvps/my-rsvps 304 - - 3.667 ms","service":"event-planner-api","timestamp":"2026-08-22 12:36:32"}
{"level":"info","message":"GET /api/v1/tags 304 - - 3.023 ms","service":"event-planner-api","timestamp":"2026-08-22 12:36:32"}
{"level":"info","message":"GET /api/v1/tags 304 - - 5.295 ms","service":"event-planner-api","timestamp":"2026-08-22 12:36:36"}
{"level":"info","message":"GET /api/v1/tags 304 - - 4.520 ms","service":"event-planner-api","timestamp":"2026-08-22 12:36:36"}
{"level":"info","message":"GET /api/v1/events/metrics 304 - - 15.965 ms","service":"event-planner-api","timestamp":"2026-08-22 12:36:36"}
{"level":"info","message":"GET /api/v1/events?page=1&limit=9&search=&timeframe=all&event_type=all&sort_by=date 304 - - 15.912 ms","service":"event-planner-api","timestamp":"2026-08-22 12:36:36"}
{"level":"info","message":"GET /api/v1/events/metrics 304 - - 8.386 ms","service":"event-planner-api","timestamp":"2026-08-22 12:36:36"}
{"level":"info","message":"GET /api/v1/events?page=1&limit=9&search=&timeframe=all&event_type=all&sort_by=date 304 - - 11.005 ms","service":"event-planner-api","timestamp":"2026-08-22 12:36:36"}
{"level":"info","message":"GET /api/v1/tags 304 - - 3.700 ms","service":"event-planner-api","timestamp":"2026-08-22 12:39:49"}
{"level":"info","message":"GET /api/v1/tags 304 - - 6.091 ms","service":"event-planner-api","timestamp":"2026-08-22 12:39:49"}
{"level":"info","message":"GET /api/v1/events?page=1&limit=9&search=&timeframe=all&event_type=all&sort_by=date 304 - - 14.801 ms","service":"event-planner-api","timestamp":"2026-08-22 12:39:49"}
{"level":"info","message":"GET /api/v1/events/metrics 304 - - 18.229 ms","service":"event-planner-api","timestamp":"2026-08-22 12:39:49"}
{"level":"info","message":"GET /api/v1/events?page=1&limit=9&search=&timeframe=all&event_type=all&sort_by=date 304 - - 11.159 ms","service":"event-planner-api","timestamp":"2026-08-22 12:39:49"}
{"level":"info","message":"GET /api/v1/events/metrics 304 - - 7.328 ms","service":"event-planner-api","timestamp":"2026-08-22 12:39:49"}
{"level":"info","message":"GET /api/v1/tags 304 - - 5.312 ms","service":"event-planner-api","timestamp":"2026-08-22 12:40:03"}
{"level":"info","message":"GET /api/v1/events/metrics 304 - - 8.289 ms","service":"event-planner-api","timestamp":"2026-08-22 12:40:03"}
{"level":"info","message":"GET /api/v1/events?page=1&limit=9&search=&timeframe=all&event_type=all&sort_by=date 304 - - 12.033 ms","service":"event-planner-api","timestamp":"2026-08-22 12:40:03"}
{"level":"info","message":"GET /api/v1/tags 304 - - 3.883 ms","service":"event-planner-api","timestamp":"2026-08-22 12:40:18"}
{"level":"info","message":"GET /api/v1/events/metrics 304 - - 10.377 ms","service":"event-planner-api","timestamp":"2026-08-22 12:40:18"}
{"level":"info","message":"GET /api/v1/events?page=1&limit=9&search=&timeframe=all&event_type=all&sort_by=date 304 - - 11.394 ms","service":"event-planner-api","timestamp":"2026-08-22 12:40:18"}
{"code":"FORBIDDEN","level":"error","message":"PUT /api/v1/events/7 - Error: Forbidden: Only the event creator can edit this event.","service":"event-planner-api","stack":"Error: Forbidden: Only the event creator can edit this event.\n    at EventService.updateEvent (/home/kritan/Documents/Personal Projects/lf_assessment/backend/src/services/event.service.ts:438:26)\n    at processTicksAndRejections (node:internal/process/task_queues:104:5)\n    at updateEvent (/home/kritan/Documents/Personal Projects/lf_assessment/backend/src/controllers/event.controller.ts:42:21)","statusCode":403,"timestamp":"2026-08-22 12:42:05"}
{"code":"EMAIL_EXISTS","level":"error","message":"POST /api/v1/auth/register - Error: An account with this email address already exists.","service":"event-planner-api","stack":"Error: An account with this email address already exists.\n    at AuthService.register (/home/kritan/Documents/Personal Projects/lf_assessment/backend/src/services/auth.service.ts:16:26)\n    at processTicksAndRejections (node:internal/process/task_queues:104:5)\n    at register (/home/kritan/Documents/Personal Projects/lf_assessment/backend/src/controllers/auth.controller.ts:9:22)","statusCode":409,"timestamp":"2026-08-22 12:42:05"}
{"code":"INVALID_CREDENTIALS","level":"error","message":"POST /api/v1/auth/login - Error: Invalid email or password.","service":"event-planner-api","stack":"Error: Invalid email or password.\n    at AuthService.login (/home/kritan/Documents/Personal Projects/lf_assessment/backend/src/services/auth.service.ts:77:26)\n    at login (/home/kritan/Documents/Personal Projects/lf_assessment/backend/src/controllers/auth.controller.ts:21:22)","statusCode":401,"timestamp":"2026-08-22 12:42:06"}
{"code":"TOKEN_REUSE_DETECTED","level":"error","message":"POST /api/v1/auth/refresh-token - Error: Suspicious activity detected: Refresh token was already used. All sessions revoked.","service":"event-planner-api","stack":"Error: Suspicious activity detected: Refresh token was already used. All sessions revoked.\n    at AuthService.refreshAccessToken (/home/kritan/Documents/Personal Projects/lf_assessment/backend/src/services/auth.service.ts:152:28)\n    at processTicksAndRejections (node:internal/process/task_queues:104:5)\n    at refreshToken (/home/kritan/Documents/Personal Projects/lf_assessment/backend/src/controllers/auth.controller.ts:38:22)","statusCode":401,"timestamp":"2026-08-22 12:42:06"}
{"level":"info","message":"GET /api/v1/events/1 200 1579 - 9.702 ms","service":"event-planner-api","timestamp":"2026-08-22 12:42:59"}
{"level":"info","message":"GET /api/v1/events/1 304 - - 8.873 ms","service":"event-planner-api","timestamp":"2026-08-22 12:42:59"}
{"level":"info","message":"GET /api/v1/tags 304 - - 4.387 ms","service":"event-planner-api","timestamp":"2026-08-22 12:43:00"}
{"level":"info","message":"GET /api/v1/events/metrics 304 - - 13.991 ms","service":"event-planner-api","timestamp":"2026-08-22 12:43:00"}
{"level":"info","message":"GET /api/v1/tags 304 - - 7.880 ms","service":"event-planner-api","timestamp":"2026-08-22 12:43:00"}
{"level":"info","message":"GET /api/v1/events?page=1&limit=9&search=&timeframe=all&event_type=all&sort_by=date 304 - - 25.801 ms","service":"event-planner-api","timestamp":"2026-08-22 12:43:00"}
{"level":"info","message":"GET /api/v1/events/metrics 304 - - 19.229 ms","service":"event-planner-api","timestamp":"2026-08-22 12:43:00"}
{"level":"info","message":"GET /api/v1/events?page=1&limit=9&search=&timeframe=all&event_type=all&sort_by=date 304 - - 13.173 ms","service":"event-planner-api","timestamp":"2026-08-22 12:43:00"}
{"level":"info","message":"GET /api/v1/events/1 304 - - 7.470 ms","service":"event-planner-api","timestamp":"2026-08-22 12:43:34"}
{"level":"info","message":"GET /api/v1/events/1 304 - - 8.756 ms","service":"event-planner-api","timestamp":"2026-08-22 12:43:34"}
{"level":"info","message":"GET /api/v1/tags 304 - - 4.261 ms","service":"event-planner-api","timestamp":"2026-08-22 12:43:37"}
{"level":"info","message":"GET /api/v1/tags 304 - - 5.928 ms","service":"event-planner-api","timestamp":"2026-08-22 12:43:37"}
{"level":"info","message":"GET /api/v1/events/metrics 304 - - 17.150 ms","service":"event-planner-api","timestamp":"2026-08-22 12:43:37"}
{"level":"info","message":"GET /api/v1/events?page=1&limit=9&search=&timeframe=all&event_type=all&sort_by=date 304 - - 18.817 ms","service":"event-planner-api","timestamp":"2026-08-22 12:43:37"}
{"level":"info","message":"GET /api/v1/events/metrics 304 - - 9.805 ms","service":"event-planner-api","timestamp":"2026-08-22 12:43:37"}
{"level":"info","message":"GET /api/v1/events?page=1&limit=9&search=&timeframe=all&event_type=all&sort_by=date 304 - - 9.602 ms","service":"event-planner-api","timestamp":"2026-08-22 12:43:37"}
{"level":"info","message":"GET /api/v1/events?page=1&limit=9&search=&timeframe=all&event_type=all&tag=Conference&sort_by=date 200 1153 - 6.898 ms","service":"event-planner-api","timestamp":"2026-08-22 12:57:26"}
{"level":"info","message":"GET /api/v1/events/1 304 - - 5.259 ms","service":"event-planner-api","timestamp":"2026-08-22 12:57:31"}
{"level":"info","message":"GET /api/v1/events/1 304 - - 5.880 ms","service":"event-planner-api","timestamp":"2026-08-22 12:57:31"}
{"level":"info","message":"GET /api/v1/tags 200 5141 - 4.670 ms","service":"event-planner-api","timestamp":"2026-08-22 12:57:32"}
{"level":"info","message":"GET /api/v1/events?page=1&limit=9&search=&timeframe=all&event_type=all&sort_by=date 200 4677 - 14.008 ms","service":"event-planner-api","timestamp":"2026-08-22 12:57:32"}
{"level":"info","message":"GET /api/v1/events/metrics 304 - - 18.478 ms","service":"event-planner-api","timestamp":"2026-08-22 12:57:32"}
{"level":"info","message":"GET /api/v1/tags 304 - - 5.396 ms","service":"event-planner-api","timestamp":"2026-08-22 12:57:32"}
{"level":"info","message":"GET /api/v1/events?page=1&limit=9&search=&timeframe=all&event_type=all&sort_by=date 304 - - 17.699 ms","service":"event-planner-api","timestamp":"2026-08-22 12:57:32"}
{"level":"info","message":"GET /api/v1/events/metrics 304 - - 10.370 ms","service":"event-planner-api","timestamp":"2026-08-22 12:57:32"}
{"level":"info","message":"Starting Event Planning API server in development mode...","service":"event-planner-api","timestamp":"2026-08-23 09:32:23"}
{"level":"info","message":"✅ Database connected successfully (mysql2)","service":"event-planner-api","timestamp":"2026-08-23 09:32:23"}
{"level":"info","message":"🚀 Server running on http://localhost:5000","service":"event-planner-api","timestamp":"2026-08-23 09:32:23"}
{"level":"info","message":"📚 Swagger API Docs available at http://localhost:5000/api-docs","service":"event-planner-api","timestamp":"2026-08-23 09:32:23"}
{"level":"info","message":"⚡ API endpoints live at http://localhost:5000/api/v1","service":"event-planner-api","timestamp":"2026-08-23 09:32:23"}
{"level":"info","message":"GET /api/v1/auth/profile 401 112 - 4.084 ms","service":"event-planner-api","timestamp":"2026-08-23 09:32:31"}
{"level":"info","message":"GET /api/v1/auth/profile 401 112 - 0.929 ms","service":"event-planner-api","timestamp":"2026-08-23 09:32:31"}
{"level":"info","message":"GET /api/v1/tags 304 - - 68.144 ms","service":"event-planner-api","timestamp":"2026-08-23 09:32:31"}
{"level":"info","message":"GET /api/v1/events/metrics 304 - - 71.221 ms","service":"event-planner-api","timestamp":"2026-08-23 09:32:31"}
{"level":"info","message":"GET /api/v1/events?page=1&limit=9&search=&timeframe=all&event_type=all&sort_by=date 304 - - 82.318 ms","service":"event-planner-api","timestamp":"2026-08-23 09:32:31"}
{"level":"info","message":"GET /api/v1/tags 304 - - 12.289 ms","service":"event-planner-api","timestamp":"2026-08-23 09:32:31"}
{"level":"info","message":"GET /api/v1/events/metrics 304 - - 20.663 ms","service":"event-planner-api","timestamp":"2026-08-23 09:32:31"}
{"level":"info","message":"GET /api/v1/events?page=1&limit=9&search=&timeframe=all&event_type=all&sort_by=date 304 - - 19.001 ms","service":"event-planner-api","timestamp":"2026-08-23 09:32:31"}
{"level":"info","message":"POST /api/v1/auth/refresh-token 200 734 - 43.560 ms","service":"event-planner-api","timestamp":"2026-08-23 09:32:31"}
{"level":"info","message":"GET /api/v1/auth/profile 200 277 - 3.379 ms","service":"event-planner-api","timestamp":"2026-08-23 09:32:31"}
{"level":"info","message":"GET /api/v1/auth/profile 304 - - 2.478 ms","service":"event-planner-api","timestamp":"2026-08-23 09:32:31"}
{"level":"info","message":"GET /api/v1/tags 200 5141 - 5.890 ms","service":"event-planner-api","timestamp":"2026-08-23 09:33:57"}
{"level":"info","message":"GET /api/v1/tags 304 - - 8.891 ms","service":"event-planner-api","timestamp":"2026-08-23 09:33:57"}
{"level":"info","message":"GET /api/v1/events/metrics 304 - - 28.815 ms","service":"event-planner-api","timestamp":"2026-08-23 09:33:57"}
{"level":"info","message":"GET /api/v1/events?page=1&limit=9&search=&timeframe=all&event_type=all&sort_by=date 200 10846 - 28.885 ms","service":"event-planner-api","timestamp":"2026-08-23 09:33:57"}
{"level":"info","message":"GET /api/v1/events/metrics 304 - - 13.393 ms","service":"event-planner-api","timestamp":"2026-08-23 09:33:57"}
{"level":"info","message":"GET /api/v1/events?page=1&limit=9&search=&timeframe=all&event_type=all&sort_by=date 304 - - 15.809 ms","service":"event-planner-api","timestamp":"2026-08-23 09:33:57"}
{"level":"info","message":"GET /api/v1/tags 304 - - 6.176 ms","service":"event-planner-api","timestamp":"2026-08-23 09:33:57"}
{"level":"info","message":"GET /api/v1/events/metrics 304 - - 11.872 ms","service":"event-planner-api","timestamp":"2026-08-23 09:33:57"}
{"level":"info","message":"GET /api/v1/tags 304 - - 5.872 ms","service":"event-planner-api","timestamp":"2026-08-23 09:33:57"}
{"level":"info","message":"GET /api/v1/events?page=1&limit=9&search=&timeframe=all&event_type=all&sort_by=date 304 - - 18.951 ms","service":"event-planner-api","timestamp":"2026-08-23 09:33:57"}
{"level":"info","message":"GET /api/v1/events/metrics 304 - - 10.171 ms","service":"event-planner-api","timestamp":"2026-08-23 09:33:57"}
{"level":"info","message":"GET /api/v1/events?page=1&limit=9&search=&timeframe=all&event_type=all&sort_by=date 304 - - 10.577 ms","service":"event-planner-api","timestamp":"2026-08-23 09:33:58"}
{"level":"info","message":"GET /api/v1/tags 304 - - 4.424 ms","service":"event-planner-api","timestamp":"2026-08-23 09:34:45"}
{"level":"info","message":"GET /api/v1/events/metrics 304 - - 16.461 ms","service":"event-planner-api","timestamp":"2026-08-23 09:34:45"}
{"level":"info","message":"GET /api/v1/events?page=1&limit=9&search=&timeframe=all&event_type=all&sort_by=date 304 - - 15.243 ms","service":"event-planner-api","timestamp":"2026-08-23 09:34:45"}
{"level":"info","message":"GET /api/v1/tags 304 - - 3.586 ms","service":"event-planner-api","timestamp":"2026-08-23 09:34:45"}
{"level":"info","message":"GET /api/v1/events/metrics 304 - - 12.794 ms","service":"event-planner-api","timestamp":"2026-08-23 09:34:45"}
{"level":"info","message":"GET /api/v1/events?page=1&limit=9&search=&timeframe=all&event_type=all&sort_by=date 304 - - 11.705 ms","service":"event-planner-api","timestamp":"2026-08-23 09:34:45"}
{"level":"info","message":"GET /api/events 404 138 - 0.459 ms","service":"event-planner-api","timestamp":"2026-08-23 09:35:28"}
{"level":"info","message":"GET /api/v1/events 200 4677 - 7.069 ms","service":"event-planner-api","timestamp":"2026-08-23 09:35:35"}
{"level":"info","message":"POST /api/v1/auth/logout 200 98 - 6.472 ms","service":"event-planner-api","timestamp":"2026-08-23 09:37:33"}
{"level":"info","message":"GET /api/v1/tags 200 5141 - 7.216 ms","service":"event-planner-api","timestamp":"2026-08-23 09:37:35"}
{"level":"info","message":"GET /api/v1/events/metrics 200 141 - 17.984 ms","service":"event-planner-api","timestamp":"2026-08-23 09:37:35"}
{"level":"info","message":"GET /api/v1/auth/profile 401 112 - 0.424 ms","service":"event-planner-api","timestamp":"2026-08-23 09:37:35"}
{"level":"info","message":"GET /api/v1/events?page=1&limit=9&search=&timeframe=all&event_type=all&sort_by=date 200 4677 - 21.053 ms","service":"event-planner-api","timestamp":"2026-08-23 09:37:35"}
{"level":"info","message":"GET /api/v1/tags 200 5141 - 7.232 ms","service":"event-planner-api","timestamp":"2026-08-23 09:37:35"}
{"level":"info","message":"GET /api/v1/auth/profile 401 112 - 0.396 ms","service":"event-planner-api","timestamp":"2026-08-23 09:37:35"}
{"level":"info","message":"GET /api/v1/events/metrics 200 141 - 14.295 ms","service":"event-planner-api","timestamp":"2026-08-23 09:37:35"}
{"level":"info","message":"GET /api/v1/events?page=1&limit=9&search=&timeframe=all&event_type=all&sort_by=date 200 4677 - 12.222 ms","service":"event-planner-api","timestamp":"2026-08-23 09:37:35"}
{"level":"info","message":"POST /api/v1/auth/refresh-token 401 98 - 0.340 ms","service":"event-planner-api","timestamp":"2026-08-23 09:37:35"}
{"level":"info","message":"Gracefully shutting down server...","service":"event-planner-api","timestamp":"2026-08-23 09:40:43"}
{"level":"info","message":"Starting Event Planning API server in development mode...","service":"event-planner-api","timestamp":"2026-08-23 09:40:44"}
{"level":"info","message":"✅ Database connected successfully (mysql2)","service":"event-planner-api","timestamp":"2026-08-23 09:40:44"}
{"level":"info","message":"🚀 Server running on http://localhost:5000","service":"event-planner-api","timestamp":"2026-08-23 09:40:44"}
{"level":"info","message":"📚 Swagger API Docs available at http://localhost:5000/api-docs","service":"event-planner-api","timestamp":"2026-08-23 09:40:44"}
{"level":"info","message":"⚡ API endpoints live at http://localhost:5000/api/v1","service":"event-planner-api","timestamp":"2026-08-23 09:40:44"}
{"level":"info","message":"Gracefully shutting down server...","service":"event-planner-api","timestamp":"2026-08-23 09:40:53"}
{"level":"info","message":"Starting Event Planning API server in development mode...","service":"event-planner-api","timestamp":"2026-08-23 09:40:54"}
{"level":"info","message":"✅ Database connected successfully (mysql2)","service":"event-planner-api","timestamp":"2026-08-23 09:40:54"}
{"level":"info","message":"🚀 Server running on http://localhost:5000","service":"event-planner-api","timestamp":"2026-08-23 09:40:54"}
{"level":"info","message":"📚 Swagger API Docs available at http://localhost:5000/api-docs","service":"event-planner-api","timestamp":"2026-08-23 09:40:54"}
{"level":"info","message":"⚡ API endpoints live at http://localhost:5000/api/v1","service":"event-planner-api","timestamp":"2026-08-23 09:40:54"}
{"level":"info","message":"Gracefully shutting down server...","service":"event-planner-api","timestamp":"2026-08-23 09:41:01"}
{"level":"info","message":"Starting Event Planning API server in development mode...","service":"event-planner-api","timestamp":"2026-08-23 09:41:02"}
{"level":"info","message":"✅ Database connected successfully (mysql2)","service":"event-planner-api","timestamp":"2026-08-23 09:41:02"}
{"level":"info","message":"🚀 Server running on http://localhost:5000","service":"event-planner-api","timestamp":"2026-08-23 09:41:02"}
{"level":"info","message":"📚 Swagger API Docs available at http://localhost:5000/api-docs","service":"event-planner-api","timestamp":"2026-08-23 09:41:02"}
{"level":"info","message":"⚡ API endpoints live at http://localhost:5000/api/v1","service":"event-planner-api","timestamp":"2026-08-23 09:41:02"}
{"level":"info","message":"Gracefully shutting down server...","service":"event-planner-api","timestamp":"2026-08-23 09:41:08"}
{"level":"info","message":"Starting Event Planning API server in development mode...","service":"event-planner-api","timestamp":"2026-08-23 09:41:09"}
{"level":"info","message":"✅ Database connected successfully (mysql2)","service":"event-planner-api","timestamp":"2026-08-23 09:41:09"}
{"level":"info","message":"🚀 Server running on http://localhost:5000","service":"event-planner-api","timestamp":"2026-08-23 09:41:09"}
{"level":"info","message":"📚 Swagger API Docs available at http://localhost:5000/api-docs","service":"event-planner-api","timestamp":"2026-08-23 09:41:09"}
{"level":"info","message":"⚡ API endpoints live at http://localhost:5000/api/v1","service":"event-planner-api","timestamp":"2026-08-23 09:41:09"}
{"level":"info","message":"Gracefully shutting down server...","service":"event-planner-api","timestamp":"2026-08-23 09:41:15"}
{"level":"info","message":"Starting Event Planning API server in development mode...","service":"event-planner-api","timestamp":"2026-08-23 09:41:16"}
{"level":"info","message":"✅ Database connected successfully (mysql2)","service":"event-planner-api","timestamp":"2026-08-23 09:41:16"}
{"level":"info","message":"🚀 Server running on http://localhost:5000","service":"event-planner-api","timestamp":"2026-08-23 09:41:16"}
{"level":"info","message":"📚 Swagger API Docs available at http://localhost:5000/api-docs","service":"event-planner-api","timestamp":"2026-08-23 09:41:16"}
{"level":"info","message":"⚡ API endpoints live at http://localhost:5000/api/v1","service":"event-planner-api","timestamp":"2026-08-23 09:41:16"}
{"level":"info","message":"GET /api/v1/tags 200 5141 - 21.086 ms","service":"event-planner-api","timestamp":"2026-08-23 09:41:23"}
{"level":"info","message":"GET /api/v1/auth/profile 401 112 - 0.664 ms","service":"event-planner-api","timestamp":"2026-08-23 09:41:23"}
{"level":"info","message":"GET /api/v1/tags 304 - - 7.214 ms","service":"event-planner-api","timestamp":"2026-08-23 09:41:23"}
{"level":"info","message":"GET /api/v1/auth/profile 401 112 - 0.403 ms","service":"event-planner-api","timestamp":"2026-08-23 09:41:23"}
{"level":"info","message":"GET /api/v1/events?page=1&limit=9&search=&timeframe=all&event_type=all&sort_by=date 200 10845 - 32.615 ms","service":"event-planner-api","timestamp":"2026-08-23 09:41:23"}
{"level":"info","message":"GET /api/v1/events/metrics 304 - - 58.215 ms","service":"event-planner-api","timestamp":"2026-08-23 09:41:23"}
{"level":"info","message":"GET /api/v1/events?page=1&limit=9&search=&timeframe=all&event_type=all&sort_by=date 304 - - 9.699 ms","service":"event-planner-api","timestamp":"2026-08-23 09:41:23"}
{"level":"info","message":"GET /api/v1/events/metrics 304 - - 8.476 ms","service":"event-planner-api","timestamp":"2026-08-23 09:41:23"}
{"level":"info","message":"GET /api/v1/tags 304 - - 4.321 ms","service":"event-planner-api","timestamp":"2026-08-23 09:41:23"}
{"level":"info","message":"GET /api/v1/events/metrics 304 - - 14.307 ms","service":"event-planner-api","timestamp":"2026-08-23 09:41:23"}
{"level":"info","message":"GET /api/v1/events?page=1&limit=9&search=&timeframe=all&event_type=all&sort_by=date 304 - - 12.652 ms","service":"event-planner-api","timestamp":"2026-08-23 09:41:23"}
{"level":"info","message":"GET /api/v1/auth/profile 401 112 - 0.485 ms","service":"event-planner-api","timestamp":"2026-08-23 09:41:23"}
{"level":"info","message":"POST /api/v1/auth/refresh-token 401 98 - 0.858 ms","service":"event-planner-api","timestamp":"2026-08-23 09:41:23"}
{"level":"info","message":"GET /api/v1/tags 304 - - 6.078 ms","service":"event-planner-api","timestamp":"2026-08-23 09:41:23"}
{"level":"info","message":"GET /api/v1/auth/profile 401 112 - 0.373 ms","service":"event-planner-api","timestamp":"2026-08-23 09:41:23"}
{"level":"info","message":"GET /api/v1/events/metrics 304 - - 15.869 ms","service":"event-planner-api","timestamp":"2026-08-23 09:41:23"}
{"level":"info","message":"GET /api/v1/events?page=1&limit=9&search=&timeframe=all&event_type=all&sort_by=date 304 - - 18.759 ms","service":"event-planner-api","timestamp":"2026-08-23 09:41:23"}
{"level":"info","message":"POST /api/v1/auth/refresh-token 401 98 - 0.308 ms","service":"event-planner-api","timestamp":"2026-08-23 09:41:23"}
{"level":"info","message":"GET /api/v1/tags 304 - - 5.946 ms","service":"event-planner-api","timestamp":"2026-08-23 09:41:30"}
{"level":"info","message":"GET /api/v1/events/metrics 304 - - 11.548 ms","service":"event-planner-api","timestamp":"2026-08-23 09:41:30"}
{"level":"info","message":"GET /api/v1/tags 304 - - 4.331 ms","service":"event-planner-api","timestamp":"2026-08-23 09:41:30"}
{"level":"info","message":"GET /api/v1/events?page=1&limit=9&search=&timeframe=all&event_type=all&sort_by=date 304 - - 14.790 ms","service":"event-planner-api","timestamp":"2026-08-23 09:41:30"}
{"level":"info","message":"GET /api/v1/events/metrics 304 - - 9.022 ms","service":"event-planner-api","timestamp":"2026-08-23 09:41:30"}
{"level":"info","message":"GET /api/v1/events?page=1&limit=9&search=&timeframe=all&event_type=all&sort_by=date 304 - - 9.650 ms","service":"event-planner-api","timestamp":"2026-08-23 09:41:30"}
{"level":"info","message":"GET /api/v1/tags 304 - - 3.643 ms","service":"event-planner-api","timestamp":"2026-08-23 09:41:30"}
{"level":"info","message":"GET /api/v1/tags 304 - - 6.010 ms","service":"event-planner-api","timestamp":"2026-08-23 09:41:30"}
{"level":"info","message":"GET /api/v1/events/metrics 304 - - 18.055 ms","service":"event-planner-api","timestamp":"2026-08-23 09:41:30"}
{"level":"info","message":"GET /api/v1/events?page=1&limit=9&search=&timeframe=all&event_type=all&sort_by=date 304 - - 16.815 ms","service":"event-planner-api","timestamp":"2026-08-23 09:41:30"}
{"level":"info","message":"GET /api/v1/events/metrics 304 - - 8.841 ms","service":"event-planner-api","timestamp":"2026-08-23 09:41:30"}
{"level":"info","message":"GET /api/v1/events?page=1&limit=9&search=&timeframe=all&event_type=all&sort_by=date 304 - - 8.322 ms","service":"event-planner-api","timestamp":"2026-08-23 09:41:31"}
{"level":"info","message":"GET /api/v1/events 200 10845 - 8.072 ms","service":"event-planner-api","timestamp":"2026-08-23 09:42:07"}
{"level":"info","message":"GET /api/v1/events/3 200 940 - 6.935 ms","service":"event-planner-api","timestamp":"2026-08-23 09:42:24"}
{"code":"FORBIDDEN","level":"error","message":"PUT /api/v1/events/7 - Error: Forbidden: Only the event creator can edit this event.","service":"event-planner-api","stack":"Error: Forbidden: Only the event creator can edit this event.\n    at EventService.updateEvent (/home/kritan/Documents/Personal Projects/lf_assessment/backend/src/services/event.service.ts:429:26)\n    at processTicksAndRejections (node:internal/process/task_queues:104:5)\n    at updateEvent (/home/kritan/Documents/Personal Projects/lf_assessment/backend/src/controllers/event.controller.ts:42:21)","statusCode":403,"timestamp":"2026-08-23 09:42:36"}
{"code":"EMAIL_EXISTS","level":"error","message":"POST /api/v1/auth/register - Error: An account with this email address already exists.","service":"event-planner-api","stack":"Error: An account with this email address already exists.\n    at AuthService.register (/home/kritan/Documents/Personal Projects/lf_assessment/backend/src/services/auth.service.ts:16:26)\n    at processTicksAndRejections (node:internal/process/task_queues:104:5)\n    at register (/home/kritan/Documents/Personal Projects/lf_assessment/backend/src/controllers/auth.controller.ts:9:22)","statusCode":409,"timestamp":"2026-08-23 09:42:37"}
{"code":"INVALID_CREDENTIALS","level":"error","message":"POST /api/v1/auth/login - Error: Invalid email or password.","service":"event-planner-api","stack":"Error: Invalid email or password.\n    at AuthService.login (/home/kritan/Documents/Personal Projects/lf_assessment/backend/src/services/auth.service.ts:77:26)\n    at login (/home/kritan/Documents/Personal Projects/lf_assessment/backend/src/controllers/auth.controller.ts:21:22)","statusCode":401,"timestamp":"2026-08-23 09:42:37"}
{"code":"TOKEN_REUSE_DETECTED","level":"error","message":"POST /api/v1/auth/refresh-token - Error: Suspicious activity detected: Refresh token was already used. All sessions revoked.","service":"event-planner-api","stack":"Error: Suspicious activity detected: Refresh token was already used. All sessions revoked.\n    at AuthService.refreshAccessToken (/home/kritan/Documents/Personal Projects/lf_assessment/backend/src/services/auth.service.ts:152:28)\n    at processTicksAndRejections (node:internal/process/task_queues:104:5)\n    at refreshToken (/home/kritan/Documents/Personal Projects/lf_assessment/backend/src/controllers/auth.controller.ts:38:22)","statusCode":401,"timestamp":"2026-08-23 09:42:37"}
{"level":"info","message":"GET /api/v1/events/7 200 864 - 6.817 ms","service":"event-planner-api","timestamp":"2026-08-23 09:43:14"}
{"level":"info","message":"GET /api/v1/events/7 304 - - 4.371 ms","service":"event-planner-api","timestamp":"2026-08-23 09:43:14"}
{"level":"info","message":"GET /api/v1/events/7 304 - - 4.768 ms","service":"event-planner-api","timestamp":"2026-08-23 09:43:32"}
{"level":"info","message":"GET /api/v1/events/7 304 - - 5.783 ms","service":"event-planner-api","timestamp":"2026-08-23 09:43:32"}
{"level":"info","message":"POST /api/v1/auth/login 200 748 - 153.750 ms","service":"event-planner-api","timestamp":"2026-08-23 09:43:35"}
{"level":"info","message":"GET /api/v1/tags 304 - - 7.798 ms","service":"event-planner-api","timestamp":"2026-08-23 09:43:36"}
{"level":"info","message":"GET /api/v1/tags 304 - - 4.773 ms","service":"event-planner-api","timestamp":"2026-08-23 09:43:36"}
{"level":"info","message":"GET /api/v1/events?page=1&limit=9&search=&timeframe=all&event_type=all&sort_by=date 200 10846 - 19.624 ms","service":"event-planner-api","timestamp":"2026-08-23 09:43:36"}
{"level":"info","message":"GET /api/v1/events/metrics 304 - - 21.990 ms","service":"event-planner-api","timestamp":"2026-08-23 09:43:36"}
{"level":"info","message":"GET /api/v1/events?page=1&limit=9&search=&timeframe=all&event_type=all&sort_by=date 304 - - 10.522 ms","service":"event-planner-api","timestamp":"2026-08-23 09:43:36"}
{"level":"info","message":"GET /api/v1/events/metrics 304 - - 9.040 ms","service":"event-planner-api","timestamp":"2026-08-23 09:43:36"}
{"level":"info","message":"POST /api/v1/auth/logout 200 98 - 6.965 ms","service":"event-planner-api","timestamp":"2026-08-23 09:43:43"}
{"level":"info","message":"GET /api/v1/tags 304 - - 4.828 ms","service":"event-planner-api","timestamp":"2026-08-23 09:43:43"}
{"level":"info","message":"GET /api/v1/events/metrics 304 - - 10.463 ms","service":"event-planner-api","timestamp":"2026-08-23 09:43:43"}
{"level":"info","message":"GET /api/v1/events?page=1&limit=9&search=&timeframe=all&event_type=all&sort_by=date 200 10845 - 9.410 ms","service":"event-planner-api","timestamp":"2026-08-23 09:43:43"}
{"level":"info","message":"GET /api/v1/events/7 304 - - 6.122 ms","service":"event-planner-api","timestamp":"2026-08-23 09:44:56"}
{"level":"info","message":"GET /api/v1/events/7 304 - - 4.841 ms","service":"event-planner-api","timestamp":"2026-08-23 09:44:56"}
{"level":"info","message":"GET /api/v1/events/7 304 - - 6.717 ms","service":"event-planner-api","timestamp":"2026-08-23 09:58:18"}
{"level":"info","message":"GET /api/v1/events/7 304 - - 7.552 ms","service":"event-planner-api","timestamp":"2026-08-23 09:58:18"}
{"level":"info","message":"GET /api/v1/events/7 304 - - 4.887 ms","service":"event-planner-api","timestamp":"2026-08-23 09:58:35"}
{"level":"info","message":"GET /api/v1/events/7 304 - - 5.490 ms","service":"event-planner-api","timestamp":"2026-08-23 09:58:51"}
{"code":"FORBIDDEN","level":"error","message":"PUT /api/v1/events/7 - Error: Forbidden: Only the event creator can edit this event.","service":"event-planner-api","stack":"Error: Forbidden: Only the event creator can edit this event.\n    at EventService.updateEvent (/home/kritan/Documents/Personal Projects/lf_assessment/backend/src/services/event.service.ts:429:26)\n    at processTicksAndRejections (node:internal/process/task_queues:104:5)\n    at updateEvent (/home/kritan/Documents/Personal Projects/lf_assessment/backend/src/controllers/event.controller.ts:42:21)","statusCode":403,"timestamp":"2026-08-23 09:59:57"}
{"code":"EMAIL_EXISTS","level":"error","message":"POST /api/v1/auth/register - Error: An account with this email address already exists.","service":"event-planner-api","stack":"Error: An account with this email address already exists.\n    at AuthService.register (/home/kritan/Documents/Personal Projects/lf_assessment/backend/src/services/auth.service.ts:16:26)\n    at processTicksAndRejections (node:internal/process/task_queues:104:5)\n    at register (/home/kritan/Documents/Personal Projects/lf_assessment/backend/src/controllers/auth.controller.ts:9:22)","statusCode":409,"timestamp":"2026-08-23 09:59:58"}
{"code":"INVALID_CREDENTIALS","level":"error","message":"POST /api/v1/auth/login - Error: Invalid email or password.","service":"event-planner-api","stack":"Error: Invalid email or password.\n    at AuthService.login (/home/kritan/Documents/Personal Projects/lf_assessment/backend/src/services/auth.service.ts:77:26)\n    at login (/home/kritan/Documents/Personal Projects/lf_assessment/backend/src/controllers/auth.controller.ts:21:22)","statusCode":401,"timestamp":"2026-08-23 09:59:58"}
{"code":"TOKEN_REUSE_DETECTED","level":"error","message":"POST /api/v1/auth/refresh-token - Error: Suspicious activity detected: Refresh token was already used. All sessions revoked.","service":"event-planner-api","stack":"Error: Suspicious activity detected: Refresh token was already used. All sessions revoked.\n    at AuthService.refreshAccessToken (/home/kritan/Documents/Personal Projects/lf_assessment/backend/src/services/auth.service.ts:152:28)\n    at processTicksAndRejections (node:internal/process/task_queues:104:5)\n    at refreshToken (/home/kritan/Documents/Personal Projects/lf_assessment/backend/src/controllers/auth.controller.ts:38:22)","statusCode":401,"timestamp":"2026-08-23 09:59:58"}
{"level":"info","message":"GET /api/v1/events/7 200 864 - 4.407 ms","service":"event-planner-api","timestamp":"2026-08-23 10:00:24"}
{"level":"info","message":"GET /api/v1/auth/profile 401 112 - 0.379 ms","service":"event-planner-api","timestamp":"2026-08-23 10:00:24"}
{"level":"info","message":"GET /api/v1/auth/profile 401 112 - 0.284 ms","service":"event-planner-api","timestamp":"2026-08-23 10:00:24"}
{"level":"info","message":"GET /api/v1/events/7 200 864 - 7.597 ms","service":"event-planner-api","timestamp":"2026-08-23 10:00:24"}
{"level":"info","message":"POST /api/v1/auth/refresh-token 401 98 - 0.523 ms","service":"event-planner-api","timestamp":"2026-08-23 10:00:24"}
{"level":"info","message":"POST /api/v1/auth/login 200 748 - 133.968 ms","service":"event-planner-api","timestamp":"2026-08-23 10:00:29"}
{"level":"info","message":"GET /api/v1/events/7 200 1464 - 8.929 ms","service":"event-planner-api","timestamp":"2026-08-23 10:00:29"}
{"level":"info","message":"GET /api/v1/events/7 304 - - 9.115 ms","service":"event-planner-api","timestamp":"2026-08-23 10:00:29"}
{"level":"info","message":"POST /api/v1/auth/logout 200 98 - 5.477 ms","service":"event-planner-api","timestamp":"2026-08-23 10:00:34"}
{"level":"info","message":"GET /api/v1/tags 304 - - 4.099 ms","service":"event-planner-api","timestamp":"2026-08-23 10:00:34"}
{"level":"info","message":"GET /api/v1/events/metrics 304 - - 14.818 ms","service":"event-planner-api","timestamp":"2026-08-23 10:00:34"}
{"level":"info","message":"GET /api/v1/tags 304 - - 7.382 ms","service":"event-planner-api","timestamp":"2026-08-23 10:00:34"}
{"level":"info","message":"GET /api/v1/events?page=1&limit=9&search=&timeframe=all&event_type=all&sort_by=date 200 10844 - 17.838 ms","service":"event-planner-api","timestamp":"2026-08-23 10:00:34"}
{"level":"info","message":"GET /api/v1/events/metrics 304 - - 17.331 ms","service":"event-planner-api","timestamp":"2026-08-23 10:00:34"}
{"level":"info","message":"GET /api/v1/events?page=1&limit=9&search=&timeframe=all&event_type=all&sort_by=date 304 - - 10.309 ms","service":"event-planner-api","timestamp":"2026-08-23 10:00:34"}
{"level":"info","message":"GET /api/v1/events/7 200 864 - 5.178 ms","service":"event-planner-api","timestamp":"2026-08-23 10:00:39"}
{"level":"info","message":"GET /api/v1/events/7 304 - - 5.452 ms","service":"event-planner-api","timestamp":"2026-08-23 10:00:39"}
{"level":"info","message":"POST /api/v1/auth/login 200 748 - 135.644 ms","service":"event-planner-api","timestamp":"2026-08-23 10:00:47"}
{"level":"info","message":"GET /api/v1/tags 304 - - 5.014 ms","service":"event-planner-api","timestamp":"2026-08-23 10:00:47"}
{"level":"info","message":"GET /api/v1/tags 304 - - 4.857 ms","service":"event-planner-api","timestamp":"2026-08-23 10:00:47"}
{"level":"info","message":"GET /api/v1/events/metrics 304 - - 13.644 ms","service":"event-planner-api","timestamp":"2026-08-23 10:00:47"}
{"level":"info","message":"GET /api/v1/events?page=1&limit=9&search=&timeframe=all&event_type=all&sort_by=date 200 10845 - 15.059 ms","service":"event-planner-api","timestamp":"2026-08-23 10:00:47"}
{"level":"info","message":"GET /api/v1/events/metrics 304 - - 8.274 ms","service":"event-planner-api","timestamp":"2026-08-23 10:00:47"}
{"level":"info","message":"GET /api/v1/events?page=1&limit=9&search=&timeframe=all&event_type=all&sort_by=date 304 - - 8.426 ms","service":"event-planner-api","timestamp":"2026-08-23 10:00:47"}
{"level":"info","message":"GET /api/v1/tags 304 - - 3.621 ms","service":"event-planner-api","timestamp":"2026-08-23 10:00:58"}
{"level":"info","message":"GET /api/v1/tags 304 - - 2.967 ms","service":"event-planner-api","timestamp":"2026-08-23 10:00:58"}
{"level":"info","message":"POST /api/v1/events 201 930 - 26.243 ms","service":"event-planner-api","timestamp":"2026-08-23 10:01:30"}
{"level":"info","message":"GET /api/v1/tags 200 5141 - 5.281 ms","service":"event-planner-api","timestamp":"2026-08-23 10:01:31"}
{"level":"info","message":"GET /api/v1/auth/profile 200 277 - 7.954 ms","service":"event-planner-api","timestamp":"2026-08-23 10:01:31"}
{"level":"info","message":"GET /api/v1/events/metrics 200 142 - 21.813 ms","service":"event-planner-api","timestamp":"2026-08-23 10:01:31"}
{"level":"info","message":"GET /api/v1/tags 304 - - 10.825 ms","service":"event-planner-api","timestamp":"2026-08-23 10:01:31"}
{"level":"info","message":"GET /api/v1/events?page=1&limit=9&search=&timeframe=all&event_type=all&sort_by=date 200 11524 - 26.889 ms","service":"event-planner-api","timestamp":"2026-08-23 10:01:31"}
{"level":"info","message":"GET /api/v1/auth/profile 304 - - 5.172 ms","service":"event-planner-api","timestamp":"2026-08-23 10:01:31"}
{"level":"info","message":"GET /api/v1/events/metrics 304 - - 11.556 ms","service":"event-planner-api","timestamp":"2026-08-23 10:01:31"}
{"level":"info","message":"GET /api/v1/events?page=1&limit=9&search=&timeframe=all&event_type=all&sort_by=date 304 - - 12.574 ms","service":"event-planner-api","timestamp":"2026-08-23 10:01:31"}
{"level":"info","message":"GET /api/v1/tags 304 - - 5.852 ms","service":"event-planner-api","timestamp":"2026-08-23 10:01:31"}
{"level":"info","message":"GET /api/v1/events/metrics 304 - - 12.771 ms","service":"event-planner-api","timestamp":"2026-08-23 10:01:31"}
{"level":"info","message":"GET /api/v1/events?page=1&limit=9&search=&timeframe=all&event_type=all&sort_by=date 304 - - 13.792 ms","service":"event-planner-api","timestamp":"2026-08-23 10:01:31"}
{"level":"info","message":"GET /api/v1/tags 304 - - 3.174 ms","service":"event-planner-api","timestamp":"2026-08-23 10:01:32"}
{"level":"info","message":"GET /api/v1/tags 304 - - 4.267 ms","service":"event-planner-api","timestamp":"2026-08-23 10:01:32"}
{"level":"info","message":"POST /api/v1/events 201 963 - 17.255 ms","service":"event-planner-api","timestamp":"2026-08-23 10:01:58"}
{"level":"info","message":"GET /api/v1/tags 200 5141 - 4.505 ms","service":"event-planner-api","timestamp":"2026-08-23 10:01:58"}
{"level":"info","message":"GET /api/v1/events/metrics 200 143 - 12.267 ms","service":"event-planner-api","timestamp":"2026-08-23 10:01:58"}
{"level":"info","message":"GET /api/v1/auth/profile 304 - - 3.541 ms","service":"event-planner-api","timestamp":"2026-08-23 10:01:58"}
{"level":"info","message":"GET /api/v1/events?page=1&limit=9&search=&timeframe=all&event_type=all&sort_by=date 200 11357 - 18.459 ms","service":"event-planner-api","timestamp":"2026-08-23 10:01:58"}
{"level":"info","message":"GET /api/v1/tags 304 - - 4.989 ms","service":"event-planner-api","timestamp":"2026-08-23 10:01:58"}
{"level":"info","message":"GET /api/v1/auth/profile 304 - - 5.774 ms","service":"event-planner-api","timestamp":"2026-08-23 10:01:58"}
{"level":"info","message":"GET /api/v1/events/metrics 304 - - 13.279 ms","service":"event-planner-api","timestamp":"2026-08-23 10:01:58"}
{"level":"info","message":"GET /api/v1/events?page=1&limit=9&search=&timeframe=all&event_type=all&sort_by=date 304 - - 10.825 ms","service":"event-planner-api","timestamp":"2026-08-23 10:01:58"}
{"level":"info","message":"GET /api/v1/tags 304 - - 5.239 ms","service":"event-planner-api","timestamp":"2026-08-23 10:01:59"}
{"level":"info","message":"GET /api/v1/events/metrics 304 - - 10.027 ms","service":"event-planner-api","timestamp":"2026-08-23 10:01:59"}
{"level":"info","message":"GET /api/v1/events?page=1&limit=9&search=&timeframe=all&event_type=all&sort_by=date 304 - - 12.253 ms","service":"event-planner-api","timestamp":"2026-08-23 10:01:59"}
{"level":"info","message":"GET /api/v1/events?page=2&limit=9&search=&timeframe=all&event_type=all&sort_by=date 200 1039 - 7.727 ms","service":"event-planner-api","timestamp":"2026-08-23 10:02:04"}
{"level":"info","message":"GET /api/v1/events?page=1&limit=9&search=&timeframe=all&event_type=all&sort_by=date 304 - - 10.627 ms","service":"event-planner-api","timestamp":"2026-08-23 10:02:06"}
{"level":"info","message":"POST /api/v1/auth/logout 200 98 - 5.918 ms","service":"event-planner-api","timestamp":"2026-08-23 10:02:17"}
{"level":"info","message":"GET /api/v1/tags 304 - - 5.044 ms","service":"event-planner-api","timestamp":"2026-08-23 10:02:17"}
{"level":"info","message":"GET /api/v1/events/metrics 304 - - 10.140 ms","service":"event-planner-api","timestamp":"2026-08-23 10:02:17"}
{"level":"info","message":"GET /api/v1/events?page=1&limit=9&search=&timeframe=all&event_type=all&sort_by=date 200 11356 - 12.492 ms","service":"event-planner-api","timestamp":"2026-08-23 10:02:17"}
{"level":"info","message":"GET /api/v1/events/11 200 973 - 5.622 ms","service":"event-planner-api","timestamp":"2026-08-23 10:02:21"}
{"level":"info","message":"GET /api/v1/events/11 304 - - 8.334 ms","service":"event-planner-api","timestamp":"2026-08-23 10:02:21"}
{"level":"info","message":"POST /api/v1/auth/login 200 748 - 131.967 ms","service":"event-planner-api","timestamp":"2026-08-23 10:02:35"}
{"level":"info","message":"GET /api/v1/tags 304 - - 3.818 ms","service":"event-planner-api","timestamp":"2026-08-23 10:02:35"}
{"level":"info","message":"GET /api/v1/tags 304 - - 2.913 ms","service":"event-planner-api","timestamp":"2026-08-23 10:02:35"}
{"level":"info","message":"GET /api/v1/events/metrics 304 - - 11.319 ms","service":"event-planner-api","timestamp":"2026-08-23 10:02:35"}
{"level":"info","message":"GET /api/v1/events?page=1&limit=9&search=&timeframe=all&event_type=all&sort_by=date 200 11357 - 12.208 ms","service":"event-planner-api","timestamp":"2026-08-23 10:02:35"}
{"level":"info","message":"GET /api/v1/events/metrics 304 - - 8.805 ms","service":"event-planner-api","timestamp":"2026-08-23 10:02:35"}
{"level":"info","message":"GET /api/v1/events?page=1&limit=9&search=&timeframe=all&event_type=all&sort_by=date 304 - - 9.386 ms","service":"event-planner-api","timestamp":"2026-08-23 10:02:35"}
{"level":"info","message":"GET /api/v1/tags 304 - - 2.751 ms","service":"event-planner-api","timestamp":"2026-08-23 10:02:37"}
{"level":"info","message":"GET /api/v1/tags 304 - - 2.916 ms","service":"event-planner-api","timestamp":"2026-08-23 10:02:37"}
{"level":"info","message":"GET /api/v1/events/11 200 973 - 6.256 ms","service":"event-planner-api","timestamp":"2026-08-23 10:02:57"}
{"level":"info","message":"GET /api/v1/events/11 304 - - 7.764 ms","service":"event-planner-api","timestamp":"2026-08-23 10:02:57"}
{"level":"info","message":"Starting Event Planning API server in development mode...","service":"event-planner-api","timestamp":"2026-08-23 10:11:19"}
{"level":"info","message":"✅ Database connected successfully (mysql2)","service":"event-planner-api","timestamp":"2026-08-23 10:11:19"}
{"level":"info","message":"🚀 Server running on http://localhost:5000","service":"event-planner-api","timestamp":"2026-08-23 10:11:19"}
{"level":"info","message":"📚 Swagger API Docs available at http://localhost:5000/api-docs","service":"event-planner-api","timestamp":"2026-08-23 10:11:19"}
{"level":"info","message":"⚡ API endpoints live at http://localhost:5000/api/v1","service":"event-planner-api","timestamp":"2026-08-23 10:11:19"}
{"level":"info","message":"Gracefully shutting down server...","service":"event-planner-api","timestamp":"2026-08-23 10:11:28"}
{"level":"info","message":"Starting Event Planning API server in development mode...","service":"event-planner-api","timestamp":"2026-08-23 10:11:29"}
{"level":"info","message":"✅ Database connected successfully (mysql2)","service":"event-planner-api","timestamp":"2026-08-23 10:11:29"}
{"level":"info","message":"🚀 Server running on http://localhost:5000","service":"event-planner-api","timestamp":"2026-08-23 10:11:29"}
{"level":"info","message":"📚 Swagger API Docs available at http://localhost:5000/api-docs","service":"event-planner-api","timestamp":"2026-08-23 10:11:29"}
{"level":"info","message":"⚡ API endpoints live at http://localhost:5000/api/v1","service":"event-planner-api","timestamp":"2026-08-23 10:11:29"}
{"level":"info","message":"Gracefully shutting down server...","service":"event-planner-api","timestamp":"2026-08-23 10:11:36"}
{"level":"info","message":"Starting Event Planning API server in development mode...","service":"event-planner-api","timestamp":"2026-08-23 10:11:37"}
{"level":"info","message":"✅ Database connected successfully (mysql2)","service":"event-planner-api","timestamp":"2026-08-23 10:11:37"}
{"level":"info","message":"🚀 Server running on http://localhost:5000","service":"event-planner-api","timestamp":"2026-08-23 10:11:37"}
{"level":"info","message":"📚 Swagger API Docs available at http://localhost:5000/api-docs","service":"event-planner-api","timestamp":"2026-08-23 10:11:37"}
{"level":"info","message":"⚡ API endpoints live at http://localhost:5000/api/v1","service":"event-planner-api","timestamp":"2026-08-23 10:11:37"}
{"level":"info","message":"GET /api/v1/tags 200 5141 - 21.642 ms","service":"event-planner-api","timestamp":"2026-08-23 10:12:11"}
{"level":"info","message":"GET /api/v1/events?page=1&limit=9&search=&timeframe=all&event_type=all&sort_by=date 200 5389 - 38.679 ms","service":"event-planner-api","timestamp":"2026-08-23 10:12:11"}
{"level":"info","message":"GET /api/v1/events/metrics 304 - - 47.792 ms","service":"event-planner-api","timestamp":"2026-08-23 10:12:11"}
{"level":"info","message":"GET /api/v1/tags 304 - - 6.040 ms","service":"event-planner-api","timestamp":"2026-08-23 10:12:12"}
{"level":"info","message":"GET /api/v1/events?page=1&limit=9&search=&timeframe=all&event_type=all&sort_by=date 304 - - 14.099 ms","service":"event-planner-api","timestamp":"2026-08-23 10:12:12"}
{"level":"info","message":"GET /api/v1/events/metrics 304 - - 19.081 ms","service":"event-planner-api","timestamp":"2026-08-23 10:12:12"}
{"level":"info","message":"GET /api/v1/tags 304 - - 5.524 ms","service":"event-planner-api","timestamp":"2026-08-23 10:12:41"}
{"level":"info","message":"GET /api/v1/events/metrics 304 - - 11.173 ms","service":"event-planner-api","timestamp":"2026-08-23 10:12:41"}
{"level":"info","message":"GET /api/v1/events?page=1&limit=9&search=&timeframe=all&event_type=all&sort_by=date 304 - - 11.408 ms","service":"event-planner-api","timestamp":"2026-08-23 10:12:41"}
{"level":"info","message":"GET /api/v1/tags 304 - - 4.778 ms","service":"event-planner-api","timestamp":"2026-08-23 10:12:41"}
{"level":"info","message":"GET /api/v1/events?page=1&limit=9&search=&timeframe=all&event_type=all&sort_by=date 304 - - 10.939 ms","service":"event-planner-api","timestamp":"2026-08-23 10:12:41"}
{"level":"info","message":"GET /api/v1/events/metrics 304 - - 13.006 ms","service":"event-planner-api","timestamp":"2026-08-23 10:12:41"}
{"level":"info","message":"GET /api/v1/tags 304 - - 3.180 ms","service":"event-planner-api","timestamp":"2026-08-23 10:12:48"}
{"level":"info","message":"GET /api/v1/events?page=1&limit=9&search=&timeframe=all&event_type=all&sort_by=date 304 - - 10.916 ms","service":"event-planner-api","timestamp":"2026-08-23 10:12:48"}
{"level":"info","message":"GET /api/v1/events/metrics 304 - - 14.874 ms","service":"event-planner-api","timestamp":"2026-08-23 10:12:48"}
{"level":"info","message":"GET /api/v1/tags 304 - - 4.579 ms","service":"event-planner-api","timestamp":"2026-08-23 10:12:48"}
{"level":"info","message":"GET /api/v1/events?page=1&limit=9&search=&timeframe=all&event_type=all&sort_by=date 304 - - 10.540 ms","service":"event-planner-api","timestamp":"2026-08-23 10:12:48"}
{"level":"info","message":"GET /api/v1/events/metrics 304 - - 12.902 ms","service":"event-planner-api","timestamp":"2026-08-23 10:12:48"}
{"level":"info","message":"Gracefully shutting down server...","service":"event-planner-api","timestamp":"2026-08-23 10:13:54"}
{"level":"info","message":"Starting Event Planning API server in development mode...","service":"event-planner-api","timestamp":"2026-08-23 10:13:54"}
{"level":"info","message":"✅ Database connected successfully (mysql2)","service":"event-planner-api","timestamp":"2026-08-23 10:13:55"}
{"level":"info","message":"🚀 Server running on http://localhost:5000","service":"event-planner-api","timestamp":"2026-08-23 10:13:55"}
{"level":"info","message":"📚 Swagger API Docs available at http://localhost:5000/api-docs","service":"event-planner-api","timestamp":"2026-08-23 10:13:55"}
{"level":"info","message":"⚡ API endpoints live at http://localhost:5000/api/v1","service":"event-planner-api","timestamp":"2026-08-23 10:13:55"}
{"code":"FORBIDDEN","level":"error","message":"PUT /api/v1/events/7 - Error: Forbidden: Only the event creator can edit this event.","service":"event-planner-api","stack":"Error: Forbidden: Only the event creator can edit this event.\n    at EventService.updateEvent (/home/kritan/Documents/Personal Projects/lf_assessment/backend/src/services/event.service.ts:437:26)\n    at processTicksAndRejections (node:internal/process/task_queues:104:5)\n    at updateEvent (/home/kritan/Documents/Personal Projects/lf_assessment/backend/src/controllers/event.controller.ts:42:21)","statusCode":403,"timestamp":"2026-08-23 10:14:11"}
{"code":"EMAIL_EXISTS","level":"error","message":"POST /api/v1/auth/register - Error: An account with this email address already exists.","service":"event-planner-api","stack":"Error: An account with this email address already exists.\n    at AuthService.register (/home/kritan/Documents/Personal Projects/lf_assessment/backend/src/services/auth.service.ts:16:26)\n    at processTicksAndRejections (node:internal/process/task_queues:104:5)\n    at register (/home/kritan/Documents/Personal Projects/lf_assessment/backend/src/controllers/auth.controller.ts:9:22)","statusCode":409,"timestamp":"2026-08-23 10:14:13"}
{"code":"INVALID_CREDENTIALS","level":"error","message":"POST /api/v1/auth/login - Error: Invalid email or password.","service":"event-planner-api","stack":"Error: Invalid email or password.\n    at AuthService.login (/home/kritan/Documents/Personal Projects/lf_assessment/backend/src/services/auth.service.ts:77:26)\n    at login (/home/kritan/Documents/Personal Projects/lf_assessment/backend/src/controllers/auth.controller.ts:21:22)","statusCode":401,"timestamp":"2026-08-23 10:14:13"}
{"code":"TOKEN_REUSE_DETECTED","level":"error","message":"POST /api/v1/auth/refresh-token - Error: Suspicious activity detected: Refresh token was already used. All sessions revoked.","service":"event-planner-api","stack":"Error: Suspicious activity detected: Refresh token was already used. All sessions revoked.\n    at AuthService.refreshAccessToken (/home/kritan/Documents/Personal Projects/lf_assessment/backend/src/services/auth.service.ts:152:28)\n    at processTicksAndRejections (node:internal/process/task_queues:104:5)\n    at refreshToken (/home/kritan/Documents/Personal Projects/lf_assessment/backend/src/controllers/auth.controller.ts:38:22)","statusCode":401,"timestamp":"2026-08-23 10:14:13"}
{"level":"info","message":"POST /api/v1/auth/login 200 748 - 157.882 ms","service":"event-planner-api","timestamp":"2026-08-23 10:14:51"}
{"level":"info","message":"GET /api/v1/tags 200 5141 - 8.898 ms","service":"event-planner-api","timestamp":"2026-08-23 10:14:51"}
{"level":"info","message":"GET /api/v1/tags 304 - - 5.112 ms","service":"event-planner-api","timestamp":"2026-08-23 10:14:51"}
{"level":"info","message":"GET /api/v1/tags 304 - - 6.716 ms","service":"event-planner-api","timestamp":"2026-08-23 10:14:53"}
{"level":"info","message":"GET /api/v1/tags 304 - - 7.595 ms","service":"event-planner-api","timestamp":"2026-08-23 10:14:54"}
{"level":"info","message":"GET /api/v1/events?page=1&limit=9&search=&timeframe=all&event_type=all&sort_by=date 200 11357 - 29.965 ms","service":"event-planner-api","timestamp":"2026-08-23 10:14:54"}
{"level":"info","message":"GET /api/v1/events/metrics 304 - - 39.175 ms","service":"event-planner-api","timestamp":"2026-08-23 10:14:54"}
{"level":"info","message":"GET /api/v1/events?page=1&limit=9&search=&timeframe=all&event_type=all&sort_by=date 304 - - 12.389 ms","service":"event-planner-api","timestamp":"2026-08-23 10:14:54"}
{"level":"info","message":"GET /api/v1/events/metrics 304 - - 10.202 ms","service":"event-planner-api","timestamp":"2026-08-23 10:14:54"}
{"level":"info","message":"GET /api/v1/tags 304 - - 4.213 ms","service":"event-planner-api","timestamp":"2026-08-23 10:14:56"}
{"level":"info","message":"GET /api/v1/tags 304 - - 3.655 ms","service":"event-planner-api","timestamp":"2026-08-23 10:14:56"}
{"level":"info","message":"POST /api/v1/events 201 907 - 27.311 ms","service":"event-planner-api","timestamp":"2026-08-23 10:15:21"}
{"level":"info","message":"GET /api/v1/tags 200 5141 - 7.008 ms","service":"event-planner-api","timestamp":"2026-08-23 10:15:22"}
{"level":"info","message":"GET /api/v1/events/metrics 200 143 - 22.030 ms","service":"event-planner-api","timestamp":"2026-08-23 10:15:22"}
{"level":"info","message":"GET /api/v1/auth/profile 304 - - 14.818 ms","service":"event-planner-api","timestamp":"2026-08-23 10:15:22"}
{"level":"info","message":"GET /api/v1/tags 304 - - 14.159 ms","service":"event-planner-api","timestamp":"2026-08-23 10:15:22"}
{"level":"info","message":"GET /api/v1/events?page=1&limit=9&search=&timeframe=all&event_type=all&sort_by=date 200 11201 - 31.928 ms","service":"event-planner-api","timestamp":"2026-08-23 10:15:22"}
{"level":"info","message":"GET /api/v1/auth/profile 304 - - 7.638 ms","service":"event-planner-api","timestamp":"2026-08-23 10:15:22"}
{"level":"info","message":"GET /api/v1/events/metrics 304 - - 17.894 ms","service":"event-planner-api","timestamp":"2026-08-23 10:15:22"}
{"level":"info","message":"GET /api/v1/events?page=1&limit=9&search=&timeframe=all&event_type=all&sort_by=date 304 - - 11.010 ms","service":"event-planner-api","timestamp":"2026-08-23 10:15:22"}
{"level":"info","message":"GET /api/v1/tags 304 - - 5.478 ms","service":"event-planner-api","timestamp":"2026-08-23 10:15:22"}
{"level":"info","message":"GET /api/v1/events/metrics 304 - - 12.530 ms","service":"event-planner-api","timestamp":"2026-08-23 10:15:22"}
{"level":"info","message":"GET /api/v1/events?page=1&limit=9&search=&timeframe=all&event_type=all&sort_by=date 304 - - 15.089 ms","service":"event-planner-api","timestamp":"2026-08-23 10:15:22"}
{"level":"info","message":"POST /api/v1/auth/logout 200 98 - 7.407 ms","service":"event-planner-api","timestamp":"2026-08-23 10:15:29"}
{"level":"info","message":"GET /api/v1/tags 200 5141 - 4.464 ms","service":"event-planner-api","timestamp":"2026-08-23 10:15:29"}
{"level":"info","message":"GET /api/v1/events/metrics 304 - - 12.923 ms","service":"event-planner-api","timestamp":"2026-08-23 10:15:29"}
{"level":"info","message":"GET /api/v1/events?page=1&limit=9&search=&timeframe=all&event_type=all&sort_by=date 200 5389 - 11.278 ms","service":"event-planner-api","timestamp":"2026-08-23 10:15:29"}
{"level":"info","message":"Gracefully shutting down server...","service":"event-planner-api","timestamp":"2026-08-23 10:21:35"}
{"level":"info","message":"Starting Event Planning API server in development mode...","service":"event-planner-api","timestamp":"2026-08-23 10:21:35"}
{"level":"info","message":"✅ Database connected successfully (mysql2)","service":"event-planner-api","timestamp":"2026-08-23 10:21:35"}
{"level":"info","message":"🚀 Server running on http://localhost:5000","service":"event-planner-api","timestamp":"2026-08-23 10:21:35"}
{"level":"info","message":"📚 Swagger API Docs available at http://localhost:5000/api-docs","service":"event-planner-api","timestamp":"2026-08-23 10:21:35"}
{"level":"info","message":"⚡ API endpoints live at http://localhost:5000/api/v1","service":"event-planner-api","timestamp":"2026-08-23 10:21:35"}
{"level":"info","message":"Gracefully shutting down server...","service":"event-planner-api","timestamp":"2026-08-23 10:22:06"}
{"level":"info","message":"Starting Event Planning API server in development mode...","service":"event-planner-api","timestamp":"2026-08-23 10:22:06"}
{"level":"info","message":"✅ Database connected successfully (mysql2)","service":"event-planner-api","timestamp":"2026-08-23 10:22:06"}
{"level":"info","message":"🚀 Server running on http://localhost:5000","service":"event-planner-api","timestamp":"2026-08-23 10:22:06"}
{"level":"info","message":"📚 Swagger API Docs available at http://localhost:5000/api-docs","service":"event-planner-api","timestamp":"2026-08-23 10:22:06"}
{"level":"info","message":"⚡ API endpoints live at http://localhost:5000/api/v1","service":"event-planner-api","timestamp":"2026-08-23 10:22:06"}
{"level":"info","message":"Gracefully shutting down server...","service":"event-planner-api","timestamp":"2026-08-23 10:22:14"}
{"level":"info","message":"Starting Event Planning API server in development mode...","service":"event-planner-api","timestamp":"2026-08-23 10:22:14"}
{"level":"info","message":"✅ Database connected successfully (mysql2)","service":"event-planner-api","timestamp":"2026-08-23 10:22:14"}
{"level":"info","message":"🚀 Server running on http://localhost:5000","service":"event-planner-api","timestamp":"2026-08-23 10:22:14"}
{"level":"info","message":"📚 Swagger API Docs available at http://localhost:5000/api-docs","service":"event-planner-api","timestamp":"2026-08-23 10:22:14"}
{"level":"info","message":"⚡ API endpoints live at http://localhost:5000/api/v1","service":"event-planner-api","timestamp":"2026-08-23 10:22:14"}
{"code":"ER_BAD_FIELD_ERROR","errno":1054,"level":"error","message":"GET /api/v1/tags - Error: select `tags`.`id`, `tags`.`name`, `tags`.`color_hex`, count(`filtered_events`.`event_id`) as `event_count` from `tags` left join (select `event_tags`.`tag_id`, `events`.`id` as `event_id` from `event_tags` inner join `events` on `event_tags`.`event_id` = `events`.`id` where (`events`.`is_true_private` = false or `events`.`is_true_private` is null)) as `filtered_events` on `tags`.`id` = `filtered_events`.`tag_id` group by `tags`.`id`, `tags`.`name`, `tags`.`color_hex` order by `tags`.`name` asc - Unknown column 'events.is_true_private' in 'where clause'","service":"event-planner-api","sql":"select `tags`.`id`, `tags`.`name`, `tags`.`color_hex`, count(`filtered_events`.`event_id`) as `event_count` from `tags` left join (select `event_tags`.`tag_id`, `events`.`id` as `event_id` from `event_tags` inner join `events` on `event_tags`.`event_id` = `events`.`id` where (`events`.`is_true_private` = false or `events`.`is_true_private` is null)) as `filtered_events` on `tags`.`id` = `filtered_events`.`tag_id` group by `tags`.`id`, `tags`.`name`, `tags`.`color_hex` order by `tags`.`name` asc","sqlMessage":"Unknown column 'events.is_true_private' in 'where clause'","sqlState":"42S22","stack":"Error: select `tags`.`id`, `tags`.`name`, `tags`.`color_hex`, count(`filtered_events`.`event_id`) as `event_count` from `tags` left join (select `event_tags`.`tag_id`, `events`.`id` as `event_id` from `event_tags` inner join `events` on `event_tags`.`event_id` = `events`.`id` where (`events`.`is_true_private` = false or `events`.`is_true_private` is null)) as `filtered_events` on `tags`.`id` = `filtered_events`.`tag_id` group by `tags`.`id`, `tags`.`name`, `tags`.`color_hex` order by `tags`.`name` asc - Unknown column 'events.is_true_private' in 'where clause'\n    at Packet.asError (/home/kritan/Documents/Personal Projects/lf_assessment/backend/node_modules/mysql2/lib/packets/packet.js:833:17)\n    at Query.execute (/home/kritan/Documents/Personal Projects/lf_assessment/backend/node_modules/mysql2/lib/commands/command.js:29:26)\n    at Connection.handlePacket (/home/kritan/Documents/Personal Projects/lf_assessment/backend/node_modules/mysql2/lib/base/connection.js:555:34)\n    at PacketParser.onPacket (/home/kritan/Documents/Personal Projects/lf_assessment/backend/node_modules/mysql2/lib/base/connection.js:104:12)\n    at PacketParser.executeStart (/home/kritan/Documents/Personal Projects/lf_assessment/backend/node_modules/mysql2/lib/packet_parser.js:75:16)\n    at Socket.<anonymous> (/home/kritan/Documents/Personal Projects/lf_assessment/backend/node_modules/mysql2/lib/base/connection.js:112:25)\n    at Socket.emit (node:events:509:28)\n    at addChunk (node:internal/streams/readable:563:12)\n    at readableAddChunkPushByteMode (node:internal/streams/readable:514:3)\n    at Socket.Readable.push (node:internal/streams/readable:394:5)","timestamp":"2026-08-23 10:22:26"}
{"level":"info","message":"GET /api/v1/tags 500 2302 - 24.047 ms","service":"event-planner-api","timestamp":"2026-08-23 10:22:26"}
{"level":"info","message":"GET /api/v1/auth/profile 401 112 - 0.673 ms","service":"event-planner-api","timestamp":"2026-08-23 10:22:26"}
{"code":"ER_BAD_FIELD_ERROR","errno":1054,"level":"error","message":"GET /api/v1/events?page=1&limit=9&search=&timeframe=all&event_type=all&sort_by=date - Error: select count(*) as `count` from (select `events`.`id` from `events` left join `users` on `events`.`creator_id` = `users`.`id` where (`events`.`is_true_private` = false or `events`.`is_true_private` is null)) as `filtered_events` limit 1 - Unknown column 'events.is_true_private' in 'where clause'","service":"event-planner-api","sql":"select count(*) as `count` from (select `events`.`id` from `events` left join `users` on `events`.`creator_id` = `users`.`id` where (`events`.`is_true_private` = false or `events`.`is_true_private` is null)) as `filtered_events` limit 1","sqlMessage":"Unknown column 'events.is_true_private' in 'where clause'","sqlState":"42S22","stack":"Error: select count(*) as `count` from (select `events`.`id` from `events` left join `users` on `events`.`creator_id` = `users`.`id` where (`events`.`is_true_private` = false or `events`.`is_true_private` is null)) as `filtered_events` limit 1 - Unknown column 'events.is_true_private' in 'where clause'\n    at Packet.asError (/home/kritan/Documents/Personal Projects/lf_assessment/backend/node_modules/mysql2/lib/packets/packet.js:833:17)\n    at Query.execute (/home/kritan/Documents/Personal Projects/lf_assessment/backend/node_modules/mysql2/lib/commands/command.js:29:26)\n    at Connection.handlePacket (/home/kritan/Documents/Personal Projects/lf_assessment/backend/node_modules/mysql2/lib/base/connection.js:555:34)\n    at PacketParser.onPacket (/home/kritan/Documents/Personal Projects/lf_assessment/backend/node_modules/mysql2/lib/base/connection.js:104:12)\n    at PacketParser.executeStart (/home/kritan/Documents/Personal Projects/lf_assessment/backend/node_modules/mysql2/lib/packet_parser.js:75:16)\n    at Socket.<anonymous> (/home/kritan/Documents/Personal Projects/lf_assessment/backend/node_modules/mysql2/lib/base/connection.js:112:25)\n    at Socket.emit (node:events:509:28)\n    at addChunk (node:internal/streams/readable:563:12)\n    at readableAddChunkPushByteMode (node:internal/streams/readable:514:3)\n    at Socket.Readable.push (node:internal/streams/readable:394:5)","timestamp":"2026-08-23 10:22:26"}
{"level":"info","message":"GET /api/v1/events?page=1&limit=9&search=&timeframe=all&event_type=all&sort_by=date 500 1776 - 13.179 ms","service":"event-planner-api","timestamp":"2026-08-23 10:22:26"}
{"code":"ER_BAD_FIELD_ERROR","errno":1054,"level":"error","message":"GET /api/v1/tags - Error: select `tags`.`id`, `tags`.`name`, `tags`.`color_hex`, count(`filtered_events`.`event_id`) as `event_count` from `tags` left join (select `event_tags`.`tag_id`, `events`.`id` as `event_id` from `event_tags` inner join `events` on `event_tags`.`event_id` = `events`.`id` where (`events`.`is_true_private` = false or `events`.`is_true_private` is null)) as `filtered_events` on `tags`.`id` = `filtered_events`.`tag_id` group by `tags`.`id`, `tags`.`name`, `tags`.`color_hex` order by `tags`.`name` asc - Unknown column 'events.is_true_private' in 'where clause'","service":"event-planner-api","sql":"select `tags`.`id`, `tags`.`name`, `tags`.`color_hex`, count(`filtered_events`.`event_id`) as `event_count` from `tags` left join (select `event_tags`.`tag_id`, `events`.`id` as `event_id` from `event_tags` inner join `events` on `event_tags`.`event_id` = `events`.`id` where (`events`.`is_true_private` = false or `events`.`is_true_private` is null)) as `filtered_events` on `tags`.`id` = `filtered_events`.`tag_id` group by `tags`.`id`, `tags`.`name`, `tags`.`color_hex` order by `tags`.`name` asc","sqlMessage":"Unknown column 'events.is_true_private' in 'where clause'","sqlState":"42S22","stack":"Error: select `tags`.`id`, `tags`.`name`, `tags`.`color_hex`, count(`filtered_events`.`event_id`) as `event_count` from `tags` left join (select `event_tags`.`tag_id`, `events`.`id` as `event_id` from `event_tags` inner join `events` on `event_tags`.`event_id` = `events`.`id` where (`events`.`is_true_private` = false or `events`.`is_true_private` is null)) as `filtered_events` on `tags`.`id` = `filtered_events`.`tag_id` group by `tags`.`id`, `tags`.`name`, `tags`.`color_hex` order by `tags`.`name` asc - Unknown column 'events.is_true_private' in 'where clause'\n    at Packet.asError (/home/kritan/Documents/Personal Projects/lf_assessment/backend/node_modules/mysql2/lib/packets/packet.js:833:17)\n    at Query.execute (/home/kritan/Documents/Personal Projects/lf_assessment/backend/node_modules/mysql2/lib/commands/command.js:29:26)\n    at Connection.handlePacket (/home/kritan/Documents/Personal Projects/lf_assessment/backend/node_modules/mysql2/lib/base/connection.js:555:34)\n    at PacketParser.onPacket (/home/kritan/Documents/Personal Projects/lf_assessment/backend/node_modules/mysql2/lib/base/connection.js:104:12)\n    at PacketParser.executeStart (/home/kritan/Documents/Personal Projects/lf_assessment/backend/node_modules/mysql2/lib/packet_parser.js:75:16)\n    at Socket.<anonymous> (/home/kritan/Documents/Personal Projects/lf_assessment/backend/node_modules/mysql2/lib/base/connection.js:112:25)\n    at Socket.emit (node:events:509:28)\n    at addChunk (node:internal/streams/readable:563:12)\n    at readableAddChunkPushByteMode (node:internal/streams/readable:514:3)\n    at Socket.Readable.push (node:internal/streams/readable:394:5)","timestamp":"2026-08-23 10:22:26"}
{"level":"info","message":"GET /api/v1/tags 500 2302 - 5.249 ms","service":"event-planner-api","timestamp":"2026-08-23 10:22:26"}
{"level":"info","message":"GET /api/v1/auth/profile 401 112 - 0.520 ms","service":"event-planner-api","timestamp":"2026-08-23 10:22:26"}
{"code":"ER_BAD_FIELD_ERROR","errno":1054,"level":"error","message":"GET /api/v1/events?page=1&limit=9&search=&timeframe=all&event_type=all&sort_by=date - Error: select count(*) as `count` from (select `events`.`id` from `events` left join `users` on `events`.`creator_id` = `users`.`id` where (`events`.`is_true_private` = false or `events`.`is_true_private` is null)) as `filtered_events` limit 1 - Unknown column 'events.is_true_private' in 'where clause'","service":"event-planner-api","sql":"select count(*) as `count` from (select `events`.`id` from `events` left join `users` on `events`.`creator_id` = `users`.`id` where (`events`.`is_true_private` = false or `events`.`is_true_private` is null)) as `filtered_events` limit 1","sqlMessage":"Unknown column 'events.is_true_private' in 'where clause'","sqlState":"42S22","stack":"Error: select count(*) as `count` from (select `events`.`id` from `events` left join `users` on `events`.`creator_id` = `users`.`id` where (`events`.`is_true_private` = false or `events`.`is_true_private` is null)) as `filtered_events` limit 1 - Unknown column 'events.is_true_private' in 'where clause'\n    at Packet.asError (/home/kritan/Documents/Personal Projects/lf_assessment/backend/node_modules/mysql2/lib/packets/packet.js:833:17)\n    at Query.execute (/home/kritan/Documents/Personal Projects/lf_assessment/backend/node_modules/mysql2/lib/commands/command.js:29:26)\n    at Connection.handlePacket (/home/kritan/Documents/Personal Projects/lf_assessment/backend/node_modules/mysql2/lib/base/connection.js:555:34)\n    at PacketParser.onPacket (/home/kritan/Documents/Personal Projects/lf_assessment/backend/node_modules/mysql2/lib/base/connection.js:104:12)\n    at PacketParser.executeStart (/home/kritan/Documents/Personal Projects/lf_assessment/backend/node_modules/mysql2/lib/packet_parser.js:75:16)\n    at Socket.<anonymous> (/home/kritan/Documents/Personal Projects/lf_assessment/backend/node_modules/mysql2/lib/base/connection.js:112:25)\n    at Socket.emit (node:events:509:28)\n    at addChunk (node:internal/streams/readable:563:12)\n    at readableAddChunkPushByteMode (node:internal/streams/readable:514:3)\n    at Socket.Readable.push (node:internal/streams/readable:394:5)","timestamp":"2026-08-23 10:22:26"}
{"level":"info","message":"GET /api/v1/events?page=1&limit=9&search=&timeframe=all&event_type=all&sort_by=date 500 1776 - 4.838 ms","service":"event-planner-api","timestamp":"2026-08-23 10:22:26"}
{"level":"info","message":"GET /api/v1/events/metrics 304 - - 54.711 ms","service":"event-planner-api","timestamp":"2026-08-23 10:22:26"}
{"level":"info","message":"GET /api/v1/events/metrics 304 - - 15.858 ms","service":"event-planner-api","timestamp":"2026-08-23 10:22:26"}
{"level":"info","message":"POST /api/v1/auth/refresh-token 401 98 - 1.148 ms","service":"event-planner-api","timestamp":"2026-08-23 10:22:26"}
{"code":"ER_BAD_FIELD_ERROR","errno":1054,"level":"error","message":"GET /api/v1/tags - Error: select `tags`.`id`, `tags`.`name`, `tags`.`color_hex`, count(`filtered_events`.`event_id`) as `event_count` from `tags` left join (select `event_tags`.`tag_id`, `events`.`id` as `event_id` from `event_tags` inner join `events` on `event_tags`.`event_id` = `events`.`id` where (`events`.`is_true_private` = false or `events`.`is_true_private` is null)) as `filtered_events` on `tags`.`id` = `filtered_events`.`tag_id` group by `tags`.`id`, `tags`.`name`, `tags`.`color_hex` order by `tags`.`name` asc - Unknown column 'events.is_true_private' in 'where clause'","service":"event-planner-api","sql":"select `tags`.`id`, `tags`.`name`, `tags`.`color_hex`, count(`filtered_events`.`event_id`) as `event_count` from `tags` left join (select `event_tags`.`tag_id`, `events`.`id` as `event_id` from `event_tags` inner join `events` on `event_tags`.`event_id` = `events`.`id` where (`events`.`is_true_private` = false or `events`.`is_true_private` is null)) as `filtered_events` on `tags`.`id` = `filtered_events`.`tag_id` group by `tags`.`id`, `tags`.`name`, `tags`.`color_hex` order by `tags`.`name` asc","sqlMessage":"Unknown column 'events.is_true_private' in 'where clause'","sqlState":"42S22","stack":"Error: select `tags`.`id`, `tags`.`name`, `tags`.`color_hex`, count(`filtered_events`.`event_id`) as `event_count` from `tags` left join (select `event_tags`.`tag_id`, `events`.`id` as `event_id` from `event_tags` inner join `events` on `event_tags`.`event_id` = `events`.`id` where (`events`.`is_true_private` = false or `events`.`is_true_private` is null)) as `filtered_events` on `tags`.`id` = `filtered_events`.`tag_id` group by `tags`.`id`, `tags`.`name`, `tags`.`color_hex` order by `tags`.`name` asc - Unknown column 'events.is_true_private' in 'where clause'\n    at Packet.asError (/home/kritan/Documents/Personal Projects/lf_assessment/backend/node_modules/mysql2/lib/packets/packet.js:833:17)\n    at Query.execute (/home/kritan/Documents/Personal Projects/lf_assessment/backend/node_modules/mysql2/lib/commands/command.js:29:26)\n    at Connection.handlePacket (/home/kritan/Documents/Personal Projects/lf_assessment/backend/node_modules/mysql2/lib/base/connection.js:555:34)\n    at PacketParser.onPacket (/home/kritan/Documents/Personal Projects/lf_assessment/backend/node_modules/mysql2/lib/base/connection.js:104:12)\n    at PacketParser.executeStart (/home/kritan/Documents/Personal Projects/lf_assessment/backend/node_modules/mysql2/lib/packet_parser.js:75:16)\n    at Socket.<anonymous> (/home/kritan/Documents/Personal Projects/lf_assessment/backend/node_modules/mysql2/lib/base/connection.js:112:25)\n    at Socket.emit (node:events:509:28)\n    at addChunk (node:internal/streams/readable:563:12)\n    at readableAddChunkPushByteMode (node:internal/streams/readable:514:3)\n    at Socket.Readable.push (node:internal/streams/readable:394:5)","timestamp":"2026-08-23 10:22:27"}
{"level":"info","message":"GET /api/v1/tags 500 2302 - 3.839 ms","service":"event-planner-api","timestamp":"2026-08-23 10:22:27"}
{"code":"ER_BAD_FIELD_ERROR","errno":1054,"level":"error","message":"GET /api/v1/events?page=1&limit=9&search=&timeframe=all&event_type=all&sort_by=date - Error: select count(*) as `count` from (select `events`.`id` from `events` left join `users` on `events`.`creator_id` = `users`.`id` where (`events`.`is_true_private` = false or `events`.`is_true_private` is null)) as `filtered_events` limit 1 - Unknown column 'events.is_true_private' in 'where clause'","service":"event-planner-api","sql":"select count(*) as `count` from (select `events`.`id` from `events` left join `users` on `events`.`creator_id` = `users`.`id` where (`events`.`is_true_private` = false or `events`.`is_true_private` is null)) as `filtered_events` limit 1","sqlMessage":"Unknown column 'events.is_true_private' in 'where clause'","sqlState":"42S22","stack":"Error: select count(*) as `count` from (select `events`.`id` from `events` left join `users` on `events`.`creator_id` = `users`.`id` where (`events`.`is_true_private` = false or `events`.`is_true_private` is null)) as `filtered_events` limit 1 - Unknown column 'events.is_true_private' in 'where clause'\n    at Packet.asError (/home/kritan/Documents/Personal Projects/lf_assessment/backend/node_modules/mysql2/lib/packets/packet.js:833:17)\n    at Query.execute (/home/kritan/Documents/Personal Projects/lf_assessment/backend/node_modules/mysql2/lib/commands/command.js:29:26)\n    at Connection.handlePacket (/home/kritan/Documents/Personal Projects/lf_assessment/backend/node_modules/mysql2/lib/base/connection.js:555:34)\n    at PacketParser.onPacket (/home/kritan/Documents/Personal Projects/lf_assessment/backend/node_modules/mysql2/lib/base/connection.js:104:12)\n    at PacketParser.executeStart (/home/kritan/Documents/Personal Projects/lf_assessment/backend/node_modules/mysql2/lib/packet_parser.js:75:16)\n    at Socket.<anonymous> (/home/kritan/Documents/Personal Projects/lf_assessment/backend/node_modules/mysql2/lib/base/connection.js:112:25)\n    at Socket.emit (node:events:509:28)\n    at addChunk (node:internal/streams/readable:563:12)\n    at readableAddChunkPushByteMode (node:internal/streams/readable:514:3)\n    at Socket.Readable.push (node:internal/streams/readable:394:5)","timestamp":"2026-08-23 10:22:27"}
{"level":"info","message":"GET /api/v1/events?page=1&limit=9&search=&timeframe=all&event_type=all&sort_by=date 500 1776 - 5.027 ms","service":"event-planner-api","timestamp":"2026-08-23 10:22:27"}
{"level":"info","message":"GET /api/v1/events/metrics 304 - - 15.228 ms","service":"event-planner-api","timestamp":"2026-08-23 10:22:27"}
{"level":"info","message":"GET /api/v1/auth/profile 401 112 - 0.265 ms","service":"event-planner-api","timestamp":"2026-08-23 10:22:27"}
{"code":"ER_BAD_FIELD_ERROR","errno":1054,"level":"error","message":"GET /api/v1/tags - Error: select `tags`.`id`, `tags`.`name`, `tags`.`color_hex`, count(`filtered_events`.`event_id`) as `event_count` from `tags` left join (select `event_tags`.`tag_id`, `events`.`id` as `event_id` from `event_tags` inner join `events` on `event_tags`.`event_id` = `events`.`id` where (`events`.`is_true_private` = false or `events`.`is_true_private` is null)) as `filtered_events` on `tags`.`id` = `filtered_events`.`tag_id` group by `tags`.`id`, `tags`.`name`, `tags`.`color_hex` order by `tags`.`name` asc - Unknown column 'events.is_true_private' in 'where clause'","service":"event-planner-api","sql":"select `tags`.`id`, `tags`.`name`, `tags`.`color_hex`, count(`filtered_events`.`event_id`) as `event_count` from `tags` left join (select `event_tags`.`tag_id`, `events`.`id` as `event_id` from `event_tags` inner join `events` on `event_tags`.`event_id` = `events`.`id` where (`events`.`is_true_private` = false or `events`.`is_true_private` is null)) as `filtered_events` on `tags`.`id` = `filtered_events`.`tag_id` group by `tags`.`id`, `tags`.`name`, `tags`.`color_hex` order by `tags`.`name` asc","sqlMessage":"Unknown column 'events.is_true_private' in 'where clause'","sqlState":"42S22","stack":"Error: select `tags`.`id`, `tags`.`name`, `tags`.`color_hex`, count(`filtered_events`.`event_id`) as `event_count` from `tags` left join (select `event_tags`.`tag_id`, `events`.`id` as `event_id` from `event_tags` inner join `events` on `event_tags`.`event_id` = `events`.`id` where (`events`.`is_true_private` = false or `events`.`is_true_private` is null)) as `filtered_events` on `tags`.`id` = `filtered_events`.`tag_id` group by `tags`.`id`, `tags`.`name`, `tags`.`color_hex` order by `tags`.`name` asc - Unknown column 'events.is_true_private' in 'where clause'\n    at Packet.asError (/home/kritan/Documents/Personal Projects/lf_assessment/backend/node_modules/mysql2/lib/packets/packet.js:833:17)\n    at Query.execute (/home/kritan/Documents/Personal Projects/lf_assessment/backend/node_modules/mysql2/lib/commands/command.js:29:26)\n    at Connection.handlePacket (/home/kritan/Documents/Personal Projects/lf_assessment/backend/node_modules/mysql2/lib/base/connection.js:555:34)\n    at PacketParser.onPacket (/home/kritan/Documents/Personal Projects/lf_assessment/backend/node_modules/mysql2/lib/base/connection.js:104:12)\n    at PacketParser.executeStart (/home/kritan/Documents/Personal Projects/lf_assessment/backend/node_modules/mysql2/lib/packet_parser.js:75:16)\n    at Socket.<anonymous> (/home/kritan/Documents/Personal Projects/lf_assessment/backend/node_modules/mysql2/lib/base/connection.js:112:25)\n    at Socket.emit (node:events:509:28)\n    at addChunk (node:internal/streams/readable:563:12)\n    at readableAddChunkPushByteMode (node:internal/streams/readable:514:3)\n    at Socket.Readable.push (node:internal/streams/readable:394:5)","timestamp":"2026-08-23 10:22:27"}
{"level":"info","message":"GET /api/v1/tags 500 2302 - 3.865 ms","service":"event-planner-api","timestamp":"2026-08-23 10:22:27"}
{"code":"ER_BAD_FIELD_ERROR","errno":1054,"level":"error","message":"GET /api/v1/events?page=1&limit=9&search=&timeframe=all&event_type=all&sort_by=date - Error: select count(*) as `count` from (select `events`.`id` from `events` left join `users` on `events`.`creator_id` = `users`.`id` where (`events`.`is_true_private` = false or `events`.`is_true_private` is null)) as `filtered_events` limit 1 - Unknown column 'events.is_true_private' in 'where clause'","service":"event-planner-api","sql":"select count(*) as `count` from (select `events`.`id` from `events` left join `users` on `events`.`creator_id` = `users`.`id` where (`events`.`is_true_private` = false or `events`.`is_true_private` is null)) as `filtered_events` limit 1","sqlMessage":"Unknown column 'events.is_true_private' in 'where clause'","sqlState":"42S22","stack":"Error: select count(*) as `count` from (select `events`.`id` from `events` left join `users` on `events`.`creator_id` = `users`.`id` where (`events`.`is_true_private` = false or `events`.`is_true_private` is null)) as `filtered_events` limit 1 - Unknown column 'events.is_true_private' in 'where clause'\n    at Packet.asError (/home/kritan/Documents/Personal Projects/lf_assessment/backend/node_modules/mysql2/lib/packets/packet.js:833:17)\n    at Query.execute (/home/kritan/Documents/Personal Projects/lf_assessment/backend/node_modules/mysql2/lib/commands/command.js:29:26)\n    at Connection.handlePacket (/home/kritan/Documents/Personal Projects/lf_assessment/backend/node_modules/mysql2/lib/base/connection.js:555:34)\n    at PacketParser.onPacket (/home/kritan/Documents/Personal Projects/lf_assessment/backend/node_modules/mysql2/lib/base/connection.js:104:12)\n    at PacketParser.executeStart (/home/kritan/Documents/Personal Projects/lf_assessment/backend/node_modules/mysql2/lib/packet_parser.js:75:16)\n    at Socket.<anonymous> (/home/kritan/Documents/Personal Projects/lf_assessment/backend/node_modules/mysql2/lib/base/connection.js:112:25)\n    at Socket.emit (node:events:509:28)\n    at addChunk (node:internal/streams/readable:563:12)\n    at readableAddChunkPushByteMode (node:internal/streams/readable:514:3)\n    at Socket.Readable.push (node:internal/streams/readable:394:5)","timestamp":"2026-08-23 10:22:27"}
{"level":"info","message":"GET /api/v1/events?page=1&limit=9&search=&timeframe=all&event_type=all&sort_by=date 500 1776 - 3.535 ms","service":"event-planner-api","timestamp":"2026-08-23 10:22:27"}
{"level":"info","message":"GET /api/v1/auth/profile 401 112 - 0.250 ms","service":"event-planner-api","timestamp":"2026-08-23 10:22:27"}
{"level":"info","message":"GET /api/v1/events/metrics 304 - - 8.927 ms","service":"event-planner-api","timestamp":"2026-08-23 10:22:27"}
{"level":"info","message":"POST /api/v1/auth/refresh-token 401 98 - 0.367 ms","service":"event-planner-api","timestamp":"2026-08-23 10:22:27"}
{"code":"EMAIL_EXISTS","level":"error","message":"POST /api/v1/auth/register - Error: An account with this email address already exists.","service":"event-planner-api","stack":"Error: An account with this email address already exists.\n    at AuthService.register (/home/kritan/Documents/Personal Projects/lf_assessment/backend/src/services/auth.service.ts:16:26)\n    at processTicksAndRejections (node:internal/process/task_queues:104:5)\n    at register (/home/kritan/Documents/Personal Projects/lf_assessment/backend/src/controllers/auth.controller.ts:9:22)","statusCode":409,"timestamp":"2026-08-23 10:24:14"}
{"code":"INVALID_CREDENTIALS","level":"error","message":"POST /api/v1/auth/login - Error: Invalid email or password.","service":"event-planner-api","stack":"Error: Invalid email or password.\n    at AuthService.login (/home/kritan/Documents/Personal Projects/lf_assessment/backend/src/services/auth.service.ts:77:26)\n    at login (/home/kritan/Documents/Personal Projects/lf_assessment/backend/src/controllers/auth.controller.ts:21:22)","statusCode":401,"timestamp":"2026-08-23 10:24:15"}
{"code":"TOKEN_REUSE_DETECTED","level":"error","message":"POST /api/v1/auth/refresh-token - Error: Suspicious activity detected: Refresh token was already used. All sessions revoked.","service":"event-planner-api","stack":"Error: Suspicious activity detected: Refresh token was already used. All sessions revoked.\n    at AuthService.refreshAccessToken (/home/kritan/Documents/Personal Projects/lf_assessment/backend/src/services/auth.service.ts:152:28)\n    at processTicksAndRejections (node:internal/process/task_queues:104:5)\n    at refreshToken (/home/kritan/Documents/Personal Projects/lf_assessment/backend/src/controllers/auth.controller.ts:38:22)","statusCode":401,"timestamp":"2026-08-23 10:24:15"}
{"code":"FORBIDDEN","level":"error","message":"PUT /api/v1/events/7 - Error: Forbidden: Only the event creator can edit this event.","service":"event-planner-api","stack":"Error: Forbidden: Only the event creator can edit this event.\n    at EventService.updateEvent (/home/kritan/Documents/Personal Projects/lf_assessment/backend/src/services/event.service.ts:457:26)\n    at processTicksAndRejections (node:internal/process/task_queues:104:5)\n    at updateEvent (/home/kritan/Documents/Personal Projects/lf_assessment/backend/src/controllers/event.controller.ts:42:21)","statusCode":403,"timestamp":"2026-08-23 10:24:16"}
{"level":"info","message":"POST /api/v1/auth/login 200 748 - 150.749 ms","service":"event-planner-api","timestamp":"2026-08-23 10:24:57"}
{"level":"info","message":"GET /api/v1/tags 200 5141 - 6.274 ms","service":"event-planner-api","timestamp":"2026-08-23 10:24:57"}
{"level":"info","message":"GET /api/v1/tags 304 - - 4.990 ms","service":"event-planner-api","timestamp":"2026-08-23 10:24:57"}
{"code":"ER_BAD_FIELD_ERROR","errno":1054,"level":"error","message":"POST /api/v1/events - Error: insert into `events` (`banner_url`, `capacity`, `creator_id`, `description`, `end_time`, `event_type`, `is_true_private`, `location`, `start_time`, `title`) values ('https://images.unsplash.com/photo-1540575467063-178a50c2df87?w=1000&auto=format&fit=crop&q=80', 1, 7, 'this is true true private event', '2026-08-24 13:00:00.000', 'private', false, 'Nepal', '2026-08-24 10:00:00.000', 'True True private') - Unknown column 'is_true_private' in 'field list'","service":"event-planner-api","sql":"insert into `events` (`banner_url`, `capacity`, `creator_id`, `description`, `end_time`, `event_type`, `is_true_private`, `location`, `start_time`, `title`) values ('https://images.unsplash.com/photo-1540575467063-178a50c2df87?w=1000&auto=format&fit=crop&q=80', 1, 7, 'this is true true private event', '2026-08-24 13:00:00.000', 'private', false, 'Nepal', '2026-08-24 10:00:00.000', 'True True private')","sqlMessage":"Unknown column 'is_true_private' in 'field list'","sqlState":"42S22","stack":"Error: insert into `events` (`banner_url`, `capacity`, `creator_id`, `description`, `end_time`, `event_type`, `is_true_private`, `location`, `start_time`, `title`) values ('https://images.unsplash.com/photo-1540575467063-178a50c2df87?w=1000&auto=format&fit=crop&q=80', 1, 7, 'this is true true private event', '2026-08-24 13:00:00.000', 'private', false, 'Nepal', '2026-08-24 10:00:00.000', 'True True private') - Unknown column 'is_true_private' in 'field list'\n    at Packet.asError (/home/kritan/Documents/Personal Projects/lf_assessment/backend/node_modules/mysql2/lib/packets/packet.js:833:17)\n    at Query.execute (/home/kritan/Documents/Personal Projects/lf_assessment/backend/node_modules/mysql2/lib/commands/command.js:29:26)\n    at Connection.handlePacket (/home/kritan/Documents/Personal Projects/lf_assessment/backend/node_modules/mysql2/lib/base/connection.js:555:34)\n    at PacketParser.onPacket (/home/kritan/Documents/Personal Projects/lf_assessment/backend/node_modules/mysql2/lib/base/connection.js:104:12)\n    at PacketParser.executeStart (/home/kritan/Documents/Personal Projects/lf_assessment/backend/node_modules/mysql2/lib/packet_parser.js:75:16)\n    at Socket.<anonymous> (/home/kritan/Documents/Personal Projects/lf_assessment/backend/node_modules/mysql2/lib/base/connection.js:112:25)\n    at Socket.emit (node:events:509:28)\n    at addChunk (node:internal/streams/readable:563:12)\n    at readableAddChunkPushByteMode (node:internal/streams/readable:514:3)\n    at Socket.Readable.push (node:internal/streams/readable:394:5)","timestamp":"2026-08-23 10:25:26"}
{"level":"info","message":"POST /api/v1/events 500 2094 - 16.140 ms","service":"event-planner-api","timestamp":"2026-08-23 10:25:26"}
{"code":"ER_BAD_FIELD_ERROR","errno":1054,"level":"error","message":"POST /api/v1/events - Error: insert into `events` (`banner_url`, `capacity`, `creator_id`, `description`, `end_time`, `event_type`, `is_true_private`, `location`, `start_time`, `title`) values ('https://images.unsplash.com/photo-1540575467063-178a50c2df87?w=1000&auto=format&fit=crop&q=80', 1, 7, 'this is true true private event', '2026-08-24 13:00:00.000', 'private', false, 'Nepal', '2026-08-24 10:00:00.000', 'True True private') - Unknown column 'is_true_private' in 'field list'","service":"event-planner-api","sql":"insert into `events` (`banner_url`, `capacity`, `creator_id`, `description`, `end_time`, `event_type`, `is_true_private`, `location`, `start_time`, `title`) values ('https://images.unsplash.com/photo-1540575467063-178a50c2df87?w=1000&auto=format&fit=crop&q=80', 1, 7, 'this is true true private event', '2026-08-24 13:00:00.000', 'private', false, 'Nepal', '2026-08-24 10:00:00.000', 'True True private')","sqlMessage":"Unknown column 'is_true_private' in 'field list'","sqlState":"42S22","stack":"Error: insert into `events` (`banner_url`, `capacity`, `creator_id`, `description`, `end_time`, `event_type`, `is_true_private`, `location`, `start_time`, `title`) values ('https://images.unsplash.com/photo-1540575467063-178a50c2df87?w=1000&auto=format&fit=crop&q=80', 1, 7, 'this is true true private event', '2026-08-24 13:00:00.000', 'private', false, 'Nepal', '2026-08-24 10:00:00.000', 'True True private') - Unknown column 'is_true_private' in 'field list'\n    at Packet.asError (/home/kritan/Documents/Personal Projects/lf_assessment/backend/node_modules/mysql2/lib/packets/packet.js:833:17)\n    at Query.execute (/home/kritan/Documents/Personal Projects/lf_assessment/backend/node_modules/mysql2/lib/commands/command.js:29:26)\n    at Connection.handlePacket (/home/kritan/Documents/Personal Projects/lf_assessment/backend/node_modules/mysql2/lib/base/connection.js:555:34)\n    at PacketParser.onPacket (/home/kritan/Documents/Personal Projects/lf_assessment/backend/node_modules/mysql2/lib/base/connection.js:104:12)\n    at PacketParser.executeStart (/home/kritan/Documents/Personal Projects/lf_assessment/backend/node_modules/mysql2/lib/packet_parser.js:75:16)\n    at Socket.<anonymous> (/home/kritan/Documents/Personal Projects/lf_assessment/backend/node_modules/mysql2/lib/base/connection.js:112:25)\n    at Socket.emit (node:events:509:28)\n    at addChunk (node:internal/streams/readable:563:12)\n    at readableAddChunkPushByteMode (node:internal/streams/readable:514:3)\n    at Socket.Readable.push (node:internal/streams/readable:394:5)","timestamp":"2026-08-23 10:25:31"}
{"level":"info","message":"POST /api/v1/events 500 2094 - 5.426 ms","service":"event-planner-api","timestamp":"2026-08-23 10:25:31"}
{"level":"info","message":"POST /api/v1/events 201 960 - 27.952 ms","service":"event-planner-api","timestamp":"2026-08-23 10:26:09"}
{"level":"info","message":"GET /api/v1/events/13 200 970 - 12.027 ms","service":"event-planner-api","timestamp":"2026-08-23 10:26:09"}
{"level":"info","message":"GET /api/v1/events/13 304 - - 10.010 ms","service":"event-planner-api","timestamp":"2026-08-23 10:26:09"}
{"level":"info","message":"GET /api/v1/tags 200 5141 - 6.672 ms","service":"event-planner-api","timestamp":"2026-08-23 10:26:13"}
{"level":"info","message":"GET /api/v1/tags 304 - - 8.305 ms","service":"event-planner-api","timestamp":"2026-08-23 10:26:13"}
{"level":"info","message":"GET /api/v1/events/metrics 200 143 - 21.437 ms","service":"event-planner-api","timestamp":"2026-08-23 10:26:13"}
{"level":"info","message":"GET /api/v1/events?page=1&limit=9&search=&timeframe=all&event_type=all&sort_by=date 200 11093 - 29.533 ms","service":"event-planner-api","timestamp":"2026-08-23 10:26:13"}
{"level":"info","message":"GET /api/v1/events/metrics 304 - - 11.227 ms","service":"event-planner-api","timestamp":"2026-08-23 10:26:13"}
{"level":"info","message":"GET /api/v1/events?page=1&limit=9&search=&timeframe=all&event_type=all&sort_by=date 304 - - 11.618 ms","service":"event-planner-api","timestamp":"2026-08-23 10:26:13"}
{"level":"info","message":"POST /api/v1/auth/logout 200 98 - 7.315 ms","service":"event-planner-api","timestamp":"2026-08-23 10:26:24"}
{"level":"info","message":"GET /api/v1/tags 304 - - 4.828 ms","service":"event-planner-api","timestamp":"2026-08-23 10:26:24"}
{"level":"info","message":"GET /api/v1/events?page=1&limit=9&search=&timeframe=all&event_type=all&sort_by=date 200 11092 - 10.096 ms","service":"event-planner-api","timestamp":"2026-08-23 10:26:24"}
{"level":"info","message":"GET /api/v1/events/metrics 304 - - 14.340 ms","service":"event-planner-api","timestamp":"2026-08-23 10:26:24"}
{"level":"info","message":"GET /api/v1/events/13 200 816 - 5.156 ms","service":"event-planner-api","timestamp":"2026-08-23 10:26:27"}
{"level":"info","message":"GET /api/v1/events/13 304 - - 4.646 ms","service":"event-planner-api","timestamp":"2026-08-23 10:26:27"}
{"level":"info","message":"GET /api/v1/tags 304 - - 3.887 ms","service":"event-planner-api","timestamp":"2026-08-23 10:26:30"}
{"level":"info","message":"GET /api/v1/tags 304 - - 3.351 ms","service":"event-planner-api","timestamp":"2026-08-23 10:26:30"}
{"level":"info","message":"GET /api/v1/events/metrics 304 - - 11.723 ms","service":"event-planner-api","timestamp":"2026-08-23 10:26:30"}
{"level":"info","message":"GET /api/v1/events?page=1&limit=9&search=&timeframe=all&event_type=all&sort_by=date 304 - - 14.049 ms","service":"event-planner-api","timestamp":"2026-08-23 10:26:30"}
{"level":"info","message":"GET /api/v1/events/metrics 304 - - 11.940 ms","service":"event-planner-api","timestamp":"2026-08-23 10:26:30"}
{"level":"info","message":"GET /api/v1/events?page=1&limit=9&search=&timeframe=all&event_type=all&sort_by=date 304 - - 9.277 ms","service":"event-planner-api","timestamp":"2026-08-23 10:26:30"}
{"level":"info","message":"GET /api/v1/tags 200 5141 - 3.457 ms","service":"event-planner-api","timestamp":"2026-08-23 10:26:32"}
{"level":"info","message":"GET /api/v1/auth/profile 401 112 - 0.298 ms","service":"event-planner-api","timestamp":"2026-08-23 10:26:32"}
{"level":"info","message":"GET /api/v1/events/metrics 200 143 - 17.669 ms","service":"event-planner-api","timestamp":"2026-08-23 10:26:32"}
{"level":"info","message":"GET /api/v1/events?page=1&limit=9&search=&timeframe=all&event_type=all&sort_by=date 200 11092 - 12.556 ms","service":"event-planner-api","timestamp":"2026-08-23 10:26:32"}
{"level":"info","message":"GET /api/v1/tags 200 5141 - 4.180 ms","service":"event-planner-api","timestamp":"2026-08-23 10:26:32"}
{"level":"info","message":"GET /api/v1/auth/profile 401 112 - 0.197 ms","service":"event-planner-api","timestamp":"2026-08-23 10:26:32"}
{"level":"info","message":"GET /api/v1/events/metrics 200 143 - 16.897 ms","service":"event-planner-api","timestamp":"2026-08-23 10:26:32"}
{"level":"info","message":"GET /api/v1/events?page=1&limit=9&search=&timeframe=all&event_type=all&sort_by=date 200 11092 - 11.730 ms","service":"event-planner-api","timestamp":"2026-08-23 10:26:32"}
{"level":"info","message":"POST /api/v1/auth/refresh-token 401 98 - 0.403 ms","service":"event-planner-api","timestamp":"2026-08-23 10:26:32"}
{"level":"info","message":"GET /api/v1/events/13 304 - - 4.989 ms","service":"event-planner-api","timestamp":"2026-08-23 10:26:37"}
{"level":"info","message":"GET /api/v1/events/13 304 - - 5.886 ms","service":"event-planner-api","timestamp":"2026-08-23 10:26:37"}
{"level":"info","message":"POST /api/v1/auth/login 200 748 - 140.016 ms","service":"event-planner-api","timestamp":"2026-08-23 10:26:47"}
{"level":"info","message":"GET /api/v1/tags 304 - - 4.660 ms","service":"event-planner-api","timestamp":"2026-08-23 10:26:47"}
{"level":"info","message":"GET /api/v1/events/metrics 304 - - 16.842 ms","service":"event-planner-api","timestamp":"2026-08-23 10:26:47"}
{"level":"info","message":"GET /api/v1/tags 304 - - 4.557 ms","service":"event-planner-api","timestamp":"2026-08-23 10:26:47"}
{"level":"info","message":"GET /api/v1/events?page=1&limit=9&search=&timeframe=all&event_type=all&sort_by=date 200 11093 - 22.956 ms","service":"event-planner-api","timestamp":"2026-08-23 10:26:47"}
{"level":"info","message":"GET /api/v1/events/metrics 304 - - 13.529 ms","service":"event-planner-api","timestamp":"2026-08-23 10:26:47"}
{"level":"info","message":"GET /api/v1/events?page=1&limit=9&search=&timeframe=all&event_type=all&sort_by=date 304 - - 10.901 ms","service":"event-planner-api","timestamp":"2026-08-23 10:26:47"}
{"level":"info","message":"GET /api/v1/events/13 200 970 - 9.903 ms","service":"event-planner-api","timestamp":"2026-08-23 10:26:51"}
{"level":"info","message":"GET /api/v1/events/13 304 - - 8.476 ms","service":"event-planner-api","timestamp":"2026-08-23 10:26:51"}
{"level":"info","message":"GET /api/v1/tags 304 - - 3.411 ms","service":"event-planner-api","timestamp":"2026-08-23 10:26:54"}
{"level":"info","message":"PUT /api/v1/events/13 200 960 - 22.300 ms","service":"event-planner-api","timestamp":"2026-08-23 10:26:59"}
{"level":"info","message":"POST /api/v1/auth/logout 200 98 - 5.011 ms","service":"event-planner-api","timestamp":"2026-08-23 10:27:01"}
{"level":"info","message":"GET /api/v1/tags 304 - - 3.605 ms","service":"event-planner-api","timestamp":"2026-08-23 10:27:01"}
{"level":"info","message":"GET /api/v1/tags 304 - - 5.170 ms","service":"event-planner-api","timestamp":"2026-08-23 10:27:01"}
{"level":"info","message":"GET /api/v1/events/metrics 304 - - 15.279 ms","service":"event-planner-api","timestamp":"2026-08-23 10:27:01"}
{"level":"info","message":"GET /api/v1/events?page=1&limit=9&search=&timeframe=all&event_type=all&sort_by=date 200 11092 - 15.077 ms","service":"event-planner-api","timestamp":"2026-08-23 10:27:01"}
{"level":"info","message":"GET /api/v1/events/metrics 304 - - 10.388 ms","service":"event-planner-api","timestamp":"2026-08-23 10:27:01"}
{"level":"info","message":"GET /api/v1/events?page=1&limit=9&search=&timeframe=all&event_type=all&sort_by=date 304 - - 8.523 ms","service":"event-planner-api","timestamp":"2026-08-23 10:27:01"}
{"level":"info","message":"GET /api/v1/events/13 200 816 - 5.122 ms","service":"event-planner-api","timestamp":"2026-08-23 10:27:04"}
{"level":"info","message":"GET /api/v1/events/13 304 - - 5.141 ms","service":"event-planner-api","timestamp":"2026-08-23 10:27:04"}
{"level":"info","message":"POST /api/v1/auth/login 200 748 - 135.357 ms","service":"event-planner-api","timestamp":"2026-08-23 10:27:09"}
{"level":"info","message":"GET /api/v1/tags 304 - - 3.080 ms","service":"event-planner-api","timestamp":"2026-08-23 10:27:09"}
{"level":"info","message":"GET /api/v1/tags 304 - - 3.610 ms","service":"event-planner-api","timestamp":"2026-08-23 10:27:09"}
{"level":"info","message":"GET /api/v1/events/13 200 970 - 7.455 ms","service":"event-planner-api","timestamp":"2026-08-23 10:27:10"}
{"level":"info","message":"GET /api/v1/events/13 304 - - 6.794 ms","service":"event-planner-api","timestamp":"2026-08-23 10:27:10"}
{"level":"info","message":"GET /api/v1/tags 304 - - 3.599 ms","service":"event-planner-api","timestamp":"2026-08-23 10:27:13"}
{"level":"info","message":"PUT /api/v1/events/13 200 960 - 18.158 ms","service":"event-planner-api","timestamp":"2026-08-23 10:27:18"}
{"level":"info","message":"GET /api/v1/tags 304 - - 3.098 ms","service":"event-planner-api","timestamp":"2026-08-23 10:27:21"}
{"level":"info","message":"PUT /api/v1/events/13 200 960 - 19.155 ms","service":"event-planner-api","timestamp":"2026-08-23 10:27:39"}
{"level":"info","message":"Gracefully shutting down server...","service":"event-planner-api","timestamp":"2026-08-23 10:30:41"}
{"level":"info","message":"Starting Event Planning API server in development mode...","service":"event-planner-api","timestamp":"2026-08-23 10:30:41"}
{"level":"info","message":"✅ Database connected successfully (mysql2)","service":"event-planner-api","timestamp":"2026-08-23 10:30:41"}
{"level":"info","message":"🚀 Server running on http://localhost:5000","service":"event-planner-api","timestamp":"2026-08-23 10:30:41"}
{"level":"info","message":"📚 Swagger API Docs available at http://localhost:5000/api-docs","service":"event-planner-api","timestamp":"2026-08-23 10:30:41"}
{"level":"info","message":"⚡ API endpoints live at http://localhost:5000/api/v1","service":"event-planner-api","timestamp":"2026-08-23 10:30:41"}
{"code":"EMAIL_EXISTS","level":"error","message":"POST /api/v1/auth/register - Error: An account with this email address already exists.","service":"event-planner-api","stack":"Error: An account with this email address already exists.\n    at AuthService.register (/home/kritan/Documents/Personal Projects/lf_assessment/backend/src/services/auth.service.ts:16:26)\n    at processTicksAndRejections (node:internal/process/task_queues:104:5)\n    at register (/home/kritan/Documents/Personal Projects/lf_assessment/backend/src/controllers/auth.controller.ts:9:22)","statusCode":409,"timestamp":"2026-08-23 10:31:05"}
{"code":"INVALID_CREDENTIALS","level":"error","message":"POST /api/v1/auth/login - Error: Invalid email or password.","service":"event-planner-api","stack":"Error: Invalid email or password.\n    at AuthService.login (/home/kritan/Documents/Personal Projects/lf_assessment/backend/src/services/auth.service.ts:77:26)\n    at login (/home/kritan/Documents/Personal Projects/lf_assessment/backend/src/controllers/auth.controller.ts:21:22)","statusCode":401,"timestamp":"2026-08-23 10:31:06"}
{"code":"TOKEN_REUSE_DETECTED","level":"error","message":"POST /api/v1/auth/refresh-token - Error: Suspicious activity detected: Refresh token was already used. All sessions revoked.","service":"event-planner-api","stack":"Error: Suspicious activity detected: Refresh token was already used. All sessions revoked.\n    at AuthService.refreshAccessToken (/home/kritan/Documents/Personal Projects/lf_assessment/backend/src/services/auth.service.ts:152:28)\n    at processTicksAndRejections (node:internal/process/task_queues:104:5)\n    at refreshToken (/home/kritan/Documents/Personal Projects/lf_assessment/backend/src/controllers/auth.controller.ts:38:22)","statusCode":401,"timestamp":"2026-08-23 10:31:06"}
{"code":"FORBIDDEN","level":"error","message":"PUT /api/v1/events/7 - Error: Forbidden: Only the event creator can edit this event.","service":"event-planner-api","stack":"Error: Forbidden: Only the event creator can edit this event.\n    at EventService.updateEvent (/home/kritan/Documents/Personal Projects/lf_assessment/backend/src/services/event.service.ts:457:26)\n    at processTicksAndRejections (node:internal/process/task_queues:104:5)\n    at updateEvent (/home/kritan/Documents/Personal Projects/lf_assessment/backend/src/controllers/event.controller.ts:42:21)","statusCode":403,"timestamp":"2026-08-23 10:31:07"}
{"level":"info","message":"GET /api/v1/tags 304 - - 19.443 ms","service":"event-planner-api","timestamp":"2026-08-23 10:32:22"}
{"level":"info","message":"PUT /api/v1/events/13 200 959 - 38.211 ms","service":"event-planner-api","timestamp":"2026-08-23 10:32:24"}
{"level":"info","message":"GET /api/v1/tags 304 - - 6.039 ms","service":"event-planner-api","timestamp":"2026-08-23 10:32:29"}
{"level":"info","message":"POST /api/v1/auth/logout 200 98 - 8.294 ms","service":"event-planner-api","timestamp":"2026-08-23 10:32:34"}
{"level":"info","message":"GET /api/v1/tags 200 5141 - 5.475 ms","service":"event-planner-api","timestamp":"2026-08-23 10:32:34"}
{"level":"info","message":"GET /api/v1/tags 304 - - 8.315 ms","service":"event-planner-api","timestamp":"2026-08-23 10:32:34"}
{"level":"info","message":"GET /api/v1/events?page=1&limit=9&search=&timeframe=all&event_type=all&sort_by=date 200 11398 - 31.485 ms","service":"event-planner-api","timestamp":"2026-08-23 10:32:34"}
{"level":"info","message":"GET /api/v1/events/metrics 304 - - 39.005 ms","service":"event-planner-api","timestamp":"2026-08-23 10:32:34"}
{"level":"info","message":"GET /api/v1/events?page=1&limit=9&search=&timeframe=all&event_type=all&sort_by=date 304 - - 12.366 ms","service":"event-planner-api","timestamp":"2026-08-23 10:32:34"}
{"level":"info","message":"GET /api/v1/events/metrics 304 - - 10.944 ms","service":"event-planner-api","timestamp":"2026-08-23 10:32:34"}
{"level":"info","message":"GET /api/v1/events/12 200 806 - 6.593 ms","service":"event-planner-api","timestamp":"2026-08-23 10:32:40"}
{"level":"info","message":"GET /api/v1/events/12 304 - - 6.154 ms","service":"event-planner-api","timestamp":"2026-08-23 10:32:40"}
{"level":"info","message":"POST /api/v1/auth/login 200 748 - 149.217 ms","service":"event-planner-api","timestamp":"2026-08-23 10:32:45"}
{"level":"info","message":"GET /api/v1/events/12 200 960 - 11.780 ms","service":"event-planner-api","timestamp":"2026-08-23 10:32:45"}
{"level":"info","message":"GET /api/v1/events/12 304 - - 9.015 ms","service":"event-planner-api","timestamp":"2026-08-23 10:32:45"}
{"level":"info","message":"GET /api/v1/tags 200 5141 - 3.983 ms","service":"event-planner-api","timestamp":"2026-08-23 10:32:46"}
{"level":"info","message":"PUT /api/v1/events/12 200 949 - 24.152 ms","service":"event-planner-api","timestamp":"2026-08-23 10:32:50"}
{"level":"info","message":"POST /api/v1/auth/logout 200 98 - 5.600 ms","service":"event-planner-api","timestamp":"2026-08-23 10:32:53"}
{"level":"info","message":"GET /api/v1/tags 200 5141 - 4.525 ms","service":"event-planner-api","timestamp":"2026-08-23 10:32:53"}
{"level":"info","message":"GET /api/v1/events?page=1&limit=9&search=&timeframe=all&event_type=all&sort_by=date 200 11554 - 12.407 ms","service":"event-planner-api","timestamp":"2026-08-23 10:32:53"}
{"level":"info","message":"GET /api/v1/tags 304 - - 5.364 ms","service":"event-planner-api","timestamp":"2026-08-23 10:32:53"}
{"level":"info","message":"GET /api/v1/events/metrics 304 - - 18.841 ms","service":"event-planner-api","timestamp":"2026-08-23 10:32:53"}
{"level":"info","message":"GET /api/v1/events?page=1&limit=9&search=&timeframe=all&event_type=all&sort_by=date 304 - - 12.697 ms","service":"event-planner-api","timestamp":"2026-08-23 10:32:53"}
{"level":"info","message":"GET /api/v1/events/metrics 304 - - 10.380 ms","service":"event-planner-api","timestamp":"2026-08-23 10:32:53"}
{"level":"info","message":"GET /api/v1/events/9 200 4706 - 5.617 ms","service":"event-planner-api","timestamp":"2026-08-23 10:32:58"}
{"level":"info","message":"GET /api/v1/events/9 304 - - 6.062 ms","service":"event-planner-api","timestamp":"2026-08-23 10:32:58"}
{"level":"info","message":"POST /api/v1/auth/login 200 748 - 135.230 ms","service":"event-planner-api","timestamp":"2026-08-23 10:33:02"}
{"level":"info","message":"GET /api/v1/events/9 200 4858 - 8.029 ms","service":"event-planner-api","timestamp":"2026-08-23 10:33:02"}
{"level":"info","message":"GET /api/v1/events/9 304 - - 7.938 ms","service":"event-planner-api","timestamp":"2026-08-23 10:33:02"}
{"level":"info","message":"GET /api/v1/tags 200 5141 - 5.325 ms","service":"event-planner-api","timestamp":"2026-08-23 10:33:08"}
{"level":"info","message":"GET /api/v1/events?page=1&limit=9&search=&timeframe=all&event_type=all&sort_by=date 200 11091 - 14.476 ms","service":"event-planner-api","timestamp":"2026-08-23 10:33:08"}
{"level":"info","message":"GET /api/v1/events/metrics 304 - - 16.587 ms","service":"event-planner-api","timestamp":"2026-08-23 10:33:08"}
{"level":"info","message":"GET /api/v1/tags 304 - - 4.836 ms","service":"event-planner-api","timestamp":"2026-08-23 10:33:08"}
{"level":"info","message":"GET /api/v1/events?page=1&limit=9&search=&timeframe=all&event_type=all&sort_by=date 304 - - 11.851 ms","service":"event-planner-api","timestamp":"2026-08-23 10:33:08"}
{"level":"info","message":"GET /api/v1/events/metrics 304 - - 10.768 ms","service":"event-planner-api","timestamp":"2026-08-23 10:33:08"}
{"level":"info","message":"GET /api/v1/events/12 200 959 - 11.230 ms","service":"event-planner-api","timestamp":"2026-08-23 10:33:20"}
{"level":"info","message":"GET /api/v1/events/12 304 - - 9.063 ms","service":"event-planner-api","timestamp":"2026-08-23 10:33:20"}
{"level":"info","message":"GET /api/v1/tags 304 - - 3.486 ms","service":"event-planner-api","timestamp":"2026-08-23 10:33:25"}
{"level":"info","message":"GET /api/v1/tags 304 - - 3.823 ms","service":"event-planner-api","timestamp":"2026-08-23 10:33:25"}
{"level":"info","message":"GET /api/v1/events/metrics 304 - - 18.971 ms","service":"event-planner-api","timestamp":"2026-08-23 10:33:25"}
{"level":"info","message":"GET /api/v1/events?page=1&limit=9&search=&timeframe=all&event_type=all&sort_by=date 304 - - 18.162 ms","service":"event-planner-api","timestamp":"2026-08-23 10:33:25"}
{"level":"info","message":"GET /api/v1/events/metrics 304 - - 8.424 ms","service":"event-planner-api","timestamp":"2026-08-23 10:33:25"}
{"level":"info","message":"GET /api/v1/events?page=1&limit=9&search=&timeframe=all&event_type=all&sort_by=date 304 - - 10.542 ms","service":"event-planner-api","timestamp":"2026-08-23 10:33:25"}
{"level":"info","message":"POST /api/v1/auth/logout 200 98 - 5.583 ms","service":"event-planner-api","timestamp":"2026-08-23 10:33:36"}
{"level":"info","message":"GET /api/v1/tags 200 5141 - 4.011 ms","service":"event-planner-api","timestamp":"2026-08-23 10:33:37"}
{"level":"info","message":"GET /api/v1/events/metrics 304 - - 11.359 ms","service":"event-planner-api","timestamp":"2026-08-23 10:33:37"}
{"level":"info","message":"GET /api/v1/events?page=1&limit=9&search=&timeframe=all&event_type=all&sort_by=date 200 11554 - 9.372 ms","service":"event-planner-api","timestamp":"2026-08-23 10:33:37"}
{"level":"info","message":"GET /api/v1/events/11 200 995 - 6.524 ms","service":"event-planner-api","timestamp":"2026-08-23 10:33:41"}
{"level":"info","message":"GET /api/v1/events/11 304 - - 7.915 ms","service":"event-planner-api","timestamp":"2026-08-23 10:33:41"}
{"level":"info","message":"POST /api/v1/auth/login 200 748 - 147.966 ms","service":"event-planner-api","timestamp":"2026-08-23 10:33:47"}
{"level":"info","message":"GET /api/v1/events/11 200 995 - 8.511 ms","service":"event-planner-api","timestamp":"2026-08-23 10:33:47"}
{"level":"info","message":"GET /api/v1/events/11 304 - - 6.627 ms","service":"event-planner-api","timestamp":"2026-08-23 10:33:47"}
{"level":"info","message":"GET /api/v1/tags 200 5141 - 3.718 ms","service":"event-planner-api","timestamp":"2026-08-23 10:33:50"}
{"level":"info","message":"GET /api/v1/tags 304 - - 5.005 ms","service":"event-planner-api","timestamp":"2026-08-23 10:33:54"}
{"level":"info","message":"GET /api/v1/events/metrics 304 - - 12.367 ms","service":"event-planner-api","timestamp":"2026-08-23 10:33:54"}
{"level":"info","message":"GET /api/v1/tags 304 - - 5.019 ms","service":"event-planner-api","timestamp":"2026-08-23 10:33:54"}
{"level":"info","message":"GET /api/v1/events?page=1&limit=9&search=&timeframe=all&event_type=all&sort_by=date 200 11091 - 17.841 ms","service":"event-planner-api","timestamp":"2026-08-23 10:33:54"}
{"level":"info","message":"GET /api/v1/events/metrics 304 - - 9.570 ms","service":"event-planner-api","timestamp":"2026-08-23 10:33:54"}
{"level":"info","message":"GET /api/v1/events?page=1&limit=9&search=&timeframe=all&event_type=all&sort_by=date 304 - - 11.015 ms","service":"event-planner-api","timestamp":"2026-08-23 10:33:54"}
{"level":"info","message":"POST /api/v1/auth/logout 200 98 - 15.833 ms","service":"event-planner-api","timestamp":"2026-08-23 10:34:32"}
{"level":"info","message":"GET /api/v1/tags 200 5141 - 5.190 ms","service":"event-planner-api","timestamp":"2026-08-23 10:34:32"}
{"level":"info","message":"GET /api/v1/events/metrics 304 - - 14.816 ms","service":"event-planner-api","timestamp":"2026-08-23 10:34:32"}
{"level":"info","message":"GET /api/v1/events?page=1&limit=9&search=&timeframe=all&event_type=all&sort_by=date 200 11554 - 12.846 ms","service":"event-planner-api","timestamp":"2026-08-23 10:34:32"}
{"level":"info","message":"GET /api/v1/tags?timeframe=upcoming 200 5141 - 6.869 ms","service":"event-planner-api","timestamp":"2026-08-23 10:34:39"}
{"level":"info","message":"GET /api/v1/events/metrics 304 - - 18.920 ms","service":"event-planner-api","timestamp":"2026-08-23 10:34:39"}
{"level":"info","message":"GET /api/v1/events?page=1&limit=9&search=&timeframe=upcoming&event_type=all&sort_by=date 200 4366 - 16.732 ms","service":"event-planner-api","timestamp":"2026-08-23 10:34:39"}
{"level":"info","message":"GET /api/v1/tags 304 - - 4.094 ms","service":"event-planner-api","timestamp":"2026-08-23 10:35:09"}
{"level":"info","message":"GET /api/v1/auth/profile 401 112 - 0.439 ms","service":"event-planner-api","timestamp":"2026-08-23 10:35:09"}
{"level":"info","message":"GET /api/v1/events?page=1&limit=9&search=&timeframe=all&event_type=all&sort_by=date 304 - - 14.252 ms","service":"event-planner-api","timestamp":"2026-08-23 10:35:09"}
{"level":"info","message":"GET /api/v1/events/metrics 304 - - 16.620 ms","service":"event-planner-api","timestamp":"2026-08-23 10:35:09"}
{"level":"info","message":"GET /api/v1/tags 304 - - 4.321 ms","service":"event-planner-api","timestamp":"2026-08-23 10:35:09"}
{"level":"info","message":"GET /api/v1/auth/profile 401 112 - 0.424 ms","service":"event-planner-api","timestamp":"2026-08-23 10:35:09"}
{"level":"info","message":"GET /api/v1/events?page=1&limit=9&search=&timeframe=all&event_type=all&sort_by=date 304 - - 10.526 ms","service":"event-planner-api","timestamp":"2026-08-23 10:35:09"}
{"level":"info","message":"GET /api/v1/events/metrics 304 - - 10.229 ms","service":"event-planner-api","timestamp":"2026-08-23 10:35:09"}
{"level":"info","message":"POST /api/v1/auth/refresh-token 401 98 - 0.430 ms","service":"event-planner-api","timestamp":"2026-08-23 10:35:09"}
{"level":"info","message":"GET /api/v1/events?page=2&limit=9&search=&timeframe=all&event_type=all&sort_by=date 200 1061 - 7.904 ms","service":"event-planner-api","timestamp":"2026-08-23 10:35:14"}
{"level":"info","message":"GET /api/v1/events?page=1&limit=9&search=&timeframe=all&event_type=all&sort_by=date 304 - - 8.786 ms","service":"event-planner-api","timestamp":"2026-08-23 10:35:16"}
{"level":"info","message":"GET /api/v1/events/5 200 1006 - 6.374 ms","service":"event-planner-api","timestamp":"2026-08-23 10:35:19"}
{"level":"info","message":"GET /api/v1/events/5 304 - - 5.611 ms","service":"event-planner-api","timestamp":"2026-08-23 10:35:19"}
{"level":"info","message":"Gracefully shutting down server...","service":"event-planner-api","timestamp":"2026-08-23 10:37:39"}
{"level":"info","message":"Starting Event Planning API server in development mode...","service":"event-planner-api","timestamp":"2026-08-23 10:37:40"}
{"level":"info","message":"✅ Database connected successfully (mysql2)","service":"event-planner-api","timestamp":"2026-08-23 10:37:40"}
{"level":"info","message":"🚀 Server running on http://localhost:5000","service":"event-planner-api","timestamp":"2026-08-23 10:37:40"}
{"level":"info","message":"📚 Swagger API Docs available at http://localhost:5000/api-docs","service":"event-planner-api","timestamp":"2026-08-23 10:37:40"}
{"level":"info","message":"⚡ API endpoints live at http://localhost:5000/api/v1","service":"event-planner-api","timestamp":"2026-08-23 10:37:40"}
{"level":"info","message":"Gracefully shutting down server...","service":"event-planner-api","timestamp":"2026-08-23 10:37:49"}
{"level":"info","message":"Starting Event Planning API server in development mode...","service":"event-planner-api","timestamp":"2026-08-23 10:37:50"}
{"level":"info","message":"✅ Database connected successfully (mysql2)","service":"event-planner-api","timestamp":"2026-08-23 10:37:50"}
{"level":"info","message":"🚀 Server running on http://localhost:5000","service":"event-planner-api","timestamp":"2026-08-23 10:37:50"}
{"level":"info","message":"📚 Swagger API Docs available at http://localhost:5000/api-docs","service":"event-planner-api","timestamp":"2026-08-23 10:37:50"}
{"level":"info","message":"⚡ API endpoints live at http://localhost:5000/api/v1","service":"event-planner-api","timestamp":"2026-08-23 10:37:50"}
{"level":"info","message":"GET /api/v1/events/5 304 - - 18.618 ms","service":"event-planner-api","timestamp":"2026-08-23 10:38:09"}
{"code":"EMAIL_EXISTS","level":"error","message":"POST /api/v1/auth/register - Error: An account with this email address already exists.","service":"event-planner-api","stack":"Error: An account with this email address already exists.\n    at AuthService.register (/home/kritan/Documents/Personal Projects/lf_assessment/backend/src/services/auth.service.ts:16:26)\n    at processTicksAndRejections (node:internal/process/task_queues:104:5)\n    at register (/home/kritan/Documents/Personal Projects/lf_assessment/backend/src/controllers/auth.controller.ts:9:22)","statusCode":409,"timestamp":"2026-08-23 10:38:52"}
{"code":"INVALID_CREDENTIALS","level":"error","message":"POST /api/v1/auth/login - Error: Invalid email or password.","service":"event-planner-api","stack":"Error: Invalid email or password.\n    at AuthService.login (/home/kritan/Documents/Personal Projects/lf_assessment/backend/src/services/auth.service.ts:77:26)\n    at login (/home/kritan/Documents/Personal Projects/lf_assessment/backend/src/controllers/auth.controller.ts:21:22)","statusCode":401,"timestamp":"2026-08-23 10:38:52"}
{"code":"TOKEN_REUSE_DETECTED","level":"error","message":"POST /api/v1/auth/refresh-token - Error: Suspicious activity detected: Refresh token was already used. All sessions revoked.","service":"event-planner-api","stack":"Error: Suspicious activity detected: Refresh token was already used. All sessions revoked.\n    at AuthService.refreshAccessToken (/home/kritan/Documents/Personal Projects/lf_assessment/backend/src/services/auth.service.ts:152:28)\n    at processTicksAndRejections (node:internal/process/task_queues:104:5)\n    at refreshToken (/home/kritan/Documents/Personal Projects/lf_assessment/backend/src/controllers/auth.controller.ts:38:22)","statusCode":401,"timestamp":"2026-08-23 10:38:52"}
{"code":"FORBIDDEN","level":"error","message":"PUT /api/v1/events/7 - Error: Forbidden: Only the event creator can edit this event.","service":"event-planner-api","stack":"Error: Forbidden: Only the event creator can edit this event.\n    at EventService.updateEvent (/home/kritan/Documents/Personal Projects/lf_assessment/backend/src/services/event.service.ts:461:26)\n    at processTicksAndRejections (node:internal/process/task_queues:104:5)\n    at updateEvent (/home/kritan/Documents/Personal Projects/lf_assessment/backend/src/controllers/event.controller.ts:42:21)","statusCode":403,"timestamp":"2026-08-23 10:38:54"}
{"level":"info","message":"GET /api/v1/auth/profile 401 112 - 0.981 ms","service":"event-planner-api","timestamp":"2026-08-23 10:40:40"}
{"level":"info","message":"GET /api/v1/events/5 304 - - 12.302 ms","service":"event-planner-api","timestamp":"2026-08-23 10:40:40"}
{"level":"info","message":"GET /api/v1/auth/profile 401 112 - 0.486 ms","service":"event-planner-api","timestamp":"2026-08-23 10:40:40"}
{"level":"info","message":"GET /api/v1/events/5 304 - - 7.485 ms","service":"event-planner-api","timestamp":"2026-08-23 10:40:40"}
{"level":"info","message":"POST /api/v1/auth/refresh-token 401 98 - 1.717 ms","service":"event-planner-api","timestamp":"2026-08-23 10:40:40"}
{"level":"info","message":"GET /api/v1/tags 304 - - 7.551 ms","service":"event-planner-api","timestamp":"2026-08-23 10:40:46"}
{"level":"info","message":"GET /api/v1/tags 304 - - 6.409 ms","service":"event-planner-api","timestamp":"2026-08-23 10:40:46"}
{"level":"info","message":"GET /api/v1/events?page=1&limit=9&search=&timeframe=all&event_type=all&sort_by=date 200 11554 - 26.632 ms","service":"event-planner-api","timestamp":"2026-08-23 10:40:46"}
{"level":"info","message":"GET /api/v1/events/metrics 304 - - 40.248 ms","service":"event-planner-api","timestamp":"2026-08-23 10:40:46"}
{"level":"info","message":"GET /api/v1/events?page=1&limit=9&search=&timeframe=all&event_type=all&sort_by=date 304 - - 11.689 ms","service":"event-planner-api","timestamp":"2026-08-23 10:40:46"}
{"level":"info","message":"GET /api/v1/events/metrics 304 - - 11.811 ms","service":"event-planner-api","timestamp":"2026-08-23 10:40:46"}
{"level":"info","message":"GET /api/v1/tags 200 5141 - 5.162 ms","service":"event-planner-api","timestamp":"2026-08-23 10:40:48"}
{"level":"info","message":"GET /api/v1/auth/profile 401 112 - 0.294 ms","service":"event-planner-api","timestamp":"2026-08-23 10:40:48"}
{"level":"info","message":"GET /api/v1/events?page=1&limit=9&search=&timeframe=all&event_type=all&sort_by=date 200 11554 - 14.559 ms","service":"event-planner-api","timestamp":"2026-08-23 10:40:48"}
{"level":"info","message":"GET /api/v1/events/metrics 200 143 - 21.378 ms","service":"event-planner-api","timestamp":"2026-08-23 10:40:48"}
{"level":"info","message":"GET /api/v1/tags 200 5141 - 8.887 ms","service":"event-planner-api","timestamp":"2026-08-23 10:40:48"}
{"level":"info","message":"GET /api/v1/auth/profile 401 112 - 0.320 ms","service":"event-planner-api","timestamp":"2026-08-23 10:40:48"}
{"level":"info","message":"POST /api/v1/auth/refresh-token 401 98 - 0.383 ms","service":"event-planner-api","timestamp":"2026-08-23 10:40:48"}
{"level":"info","message":"GET /api/v1/events/metrics 200 143 - 21.227 ms","service":"event-planner-api","timestamp":"2026-08-23 10:40:48"}
{"level":"info","message":"GET /api/v1/events?page=1&limit=9&search=&timeframe=all&event_type=all&sort_by=date 200 11554 - 17.614 ms","service":"event-planner-api","timestamp":"2026-08-23 10:40:48"}
{"level":"info","message":"GET /api/v1/events/5 304 - - 8.074 ms","service":"event-planner-api","timestamp":"2026-08-23 10:40:51"}
{"level":"info","message":"GET /api/v1/events/5 304 - - 7.085 ms","service":"event-planner-api","timestamp":"2026-08-23 10:40:51"}
{"level":"info","message":"Gracefully shutting down server...","service":"event-planner-api","timestamp":"2026-08-23 10:41:19"}
{"level":"info","message":"Starting Event Planning API server in development mode...","service":"event-planner-api","timestamp":"2026-08-23 10:41:24"}
{"level":"info","message":"✅ Database connected successfully (mysql2)","service":"event-planner-api","timestamp":"2026-08-23 10:41:24"}
{"level":"info","message":"🚀 Server running on http://localhost:5000","service":"event-planner-api","timestamp":"2026-08-23 10:41:24"}
{"level":"info","message":"📚 Swagger API Docs available at http://localhost:5000/api-docs","service":"event-planner-api","timestamp":"2026-08-23 10:41:24"}
{"level":"info","message":"⚡ API endpoints live at http://localhost:5000/api/v1","service":"event-planner-api","timestamp":"2026-08-23 10:41:24"}
{"level":"info","message":"GET /api/v1/auth/profile 401 112 - 2.867 ms","service":"event-planner-api","timestamp":"2026-08-23 10:41:26"}
{"level":"info","message":"GET /api/v1/auth/profile 401 112 - 0.537 ms","service":"event-planner-api","timestamp":"2026-08-23 10:41:26"}
{"level":"info","message":"GET /api/v1/events/5 304 - - 32.467 ms","service":"event-planner-api","timestamp":"2026-08-23 10:41:26"}
{"level":"info","message":"POST /api/v1/auth/refresh-token 401 98 - 1.510 ms","service":"event-planner-api","timestamp":"2026-08-23 10:41:26"}
{"level":"info","message":"GET /api/v1/events/5 304 - - 27.124 ms","service":"event-planner-api","timestamp":"2026-08-23 10:41:26"}
{"level":"info","message":"POST /api/v1/auth/login 200 748 - 160.893 ms","service":"event-planner-api","timestamp":"2026-08-23 10:41:31"}
{"level":"info","message":"GET /api/v1/tags 200 5141 - 9.145 ms","service":"event-planner-api","timestamp":"2026-08-23 10:41:31"}
{"level":"info","message":"GET /api/v1/tags 304 - - 10.796 ms","service":"event-planner-api","timestamp":"2026-08-23 10:41:31"}
{"level":"info","message":"GET /api/v1/events/metrics 304 - - 39.346 ms","service":"event-planner-api","timestamp":"2026-08-23 10:41:31"}
{"level":"info","message":"GET /api/v1/events?page=1&limit=9&search=&timeframe=all&event_type=all&sort_by=date 200 11091 - 32.674 ms","service":"event-planner-api","timestamp":"2026-08-23 10:41:31"}
{"level":"info","message":"GET /api/v1/events/metrics 304 - - 10.425 ms","service":"event-planner-api","timestamp":"2026-08-23 10:41:31"}
{"level":"info","message":"GET /api/v1/events?page=1&limit=9&search=&timeframe=all&event_type=all&sort_by=date 304 - - 10.362 ms","service":"event-planner-api","timestamp":"2026-08-23 10:41:31"}
{"level":"info","message":"POST /api/v1/auth/logout 200 98 - 6.617 ms","service":"event-planner-api","timestamp":"2026-08-23 10:41:41"}
{"level":"info","message":"GET /api/v1/tags 200 5141 - 7.301 ms","service":"event-planner-api","timestamp":"2026-08-23 10:41:41"}
{"level":"info","message":"GET /api/v1/events/metrics 304 - - 15.210 ms","service":"event-planner-api","timestamp":"2026-08-23 10:41:41"}
{"level":"info","message":"GET /api/v1/events?page=1&limit=9&search=&timeframe=all&event_type=all&sort_by=date 200 11554 - 15.756 ms","service":"event-planner-api","timestamp":"2026-08-23 10:41:41"}
{"level":"info","message":"GET /api/v1/events/5 304 - - 5.321 ms","service":"event-planner-api","timestamp":"2026-08-23 10:41:42"}
{"level":"info","message":"GET /api/v1/events/5 304 - - 6.010 ms","service":"event-planner-api","timestamp":"2026-08-23 10:41:42"}
{"level":"info","message":"GET /api/v1/events/5 304 - - 7.835 ms","service":"event-planner-api","timestamp":"2026-08-23 10:41:49"}
{"level":"info","message":"GET /api/v1/events/5 304 - - 6.592 ms","service":"event-planner-api","timestamp":"2026-08-23 10:41:49"}
{"level":"info","message":"GET /api/v1/events/5 304 - - 6.425 ms","service":"event-planner-api","timestamp":"2026-08-23 10:41:51"}
{"level":"info","message":"GET /api/v1/events/5 304 - - 6.122 ms","service":"event-planner-api","timestamp":"2026-08-23 10:41:51"}
{"level":"info","message":"GET /api/v1/events/5 304 - - 6.630 ms","service":"event-planner-api","timestamp":"2026-08-23 10:43:02"}
{"level":"info","message":"GET /api/v1/events/5 304 - - 6.987 ms","service":"event-planner-api","timestamp":"2026-08-23 10:43:02"}
{"level":"info","message":"GET /api/v1/events/5 304 - - 10.897 ms","service":"event-planner-api","timestamp":"2026-08-23 10:47:33"}
{"code":"EMAIL_EXISTS","level":"error","message":"POST /api/v1/auth/register - Error: An account with this email address already exists.","service":"event-planner-api","stack":"Error: An account with this email address already exists.\n    at AuthService.register (/home/kritan/Documents/Personal Projects/lf_assessment/backend/src/services/auth.service.ts:16:26)\n    at processTicksAndRejections (node:internal/process/task_queues:104:5)\n    at register (/home/kritan/Documents/Personal Projects/lf_assessment/backend/src/controllers/auth.controller.ts:9:22)","statusCode":409,"timestamp":"2026-08-23 10:48:03"}
{"code":"INVALID_CREDENTIALS","level":"error","message":"POST /api/v1/auth/login - Error: Invalid email or password.","service":"event-planner-api","stack":"Error: Invalid email or password.\n    at AuthService.login (/home/kritan/Documents/Personal Projects/lf_assessment/backend/src/services/auth.service.ts:77:26)\n    at login (/home/kritan/Documents/Personal Projects/lf_assessment/backend/src/controllers/auth.controller.ts:21:22)","statusCode":401,"timestamp":"2026-08-23 10:48:03"}
{"code":"TOKEN_REUSE_DETECTED","level":"error","message":"POST /api/v1/auth/refresh-token - Error: Suspicious activity detected: Refresh token was already used. All sessions revoked.","service":"event-planner-api","stack":"Error: Suspicious activity detected: Refresh token was already used. All sessions revoked.\n    at AuthService.refreshAccessToken (/home/kritan/Documents/Personal Projects/lf_assessment/backend/src/services/auth.service.ts:152:28)\n    at processTicksAndRejections (node:internal/process/task_queues:104:5)\n    at refreshToken (/home/kritan/Documents/Personal Projects/lf_assessment/backend/src/controllers/auth.controller.ts:38:22)","statusCode":401,"timestamp":"2026-08-23 10:48:03"}
{"code":"FORBIDDEN","level":"error","message":"PUT /api/v1/events/7 - Error: Forbidden: Only the event creator can edit this event.","service":"event-planner-api","stack":"Error: Forbidden: Only the event creator can edit this event.\n    at EventService.updateEvent (/home/kritan/Documents/Personal Projects/lf_assessment/backend/src/services/event.service.ts:461:26)\n    at processTicksAndRejections (node:internal/process/task_queues:104:5)\n    at updateEvent (/home/kritan/Documents/Personal Projects/lf_assessment/backend/src/controllers/event.controller.ts:42:21)","statusCode":403,"timestamp":"2026-08-23 10:48:05"}
{"level":"info","message":"POST /api/v1/auth/login 200 748 - 144.462 ms","service":"event-planner-api","timestamp":"2026-08-23 10:48:32"}
{"level":"info","message":"GET /api/v1/events/5 304 - - 10.387 ms","service":"event-planner-api","timestamp":"2026-08-23 10:48:32"}
{"level":"info","message":"GET /api/v1/events/5 304 - - 6.468 ms","service":"event-planner-api","timestamp":"2026-08-23 10:48:32"}
{"level":"info","message":"POST /api/v1/auth/logout 200 98 - 5.736 ms","service":"event-planner-api","timestamp":"2026-08-23 10:48:43"}
{"level":"info","message":"GET /api/v1/tags 304 - - 7.300 ms","service":"event-planner-api","timestamp":"2026-08-23 10:48:43"}
{"level":"info","message":"GET /api/v1/tags 304 - - 4.291 ms","service":"event-planner-api","timestamp":"2026-08-23 10:48:43"}
{"level":"info","message":"GET /api/v1/events?page=1&limit=9&search=&timeframe=all&event_type=all&sort_by=date 304 - - 19.901 ms","service":"event-planner-api","timestamp":"2026-08-23 10:48:43"}
{"level":"info","message":"GET /api/v1/events/metrics 304 - - 22.496 ms","service":"event-planner-api","timestamp":"2026-08-23 10:48:43"}
{"level":"info","message":"GET /api/v1/events?page=1&limit=9&search=&timeframe=all&event_type=all&sort_by=date 304 - - 9.013 ms","service":"event-planner-api","timestamp":"2026-08-23 10:48:43"}
{"level":"info","message":"GET /api/v1/events/metrics 304 - - 8.886 ms","service":"event-planner-api","timestamp":"2026-08-23 10:48:43"}
{"level":"info","message":"GET /api/v1/events/5 304 - - 5.990 ms","service":"event-planner-api","timestamp":"2026-08-23 10:48:46"}
{"level":"info","message":"GET /api/v1/events/5 304 - - 5.338 ms","service":"event-planner-api","timestamp":"2026-08-23 10:48:46"}
{"level":"info","message":"POST /api/v1/auth/login 200 748 - 148.888 ms","service":"event-planner-api","timestamp":"2026-08-23 10:48:53"}
{"level":"info","message":"GET /api/v1/events/5 304 - - 7.335 ms","service":"event-planner-api","timestamp":"2026-08-23 10:48:53"}
{"level":"info","message":"GET /api/v1/events/5 304 - - 6.007 ms","service":"event-planner-api","timestamp":"2026-08-23 10:48:53"}
{"level":"info","message":"POST /api/v1/auth/logout 200 98 - 5.756 ms","service":"event-planner-api","timestamp":"2026-08-23 10:48:56"}
{"level":"info","message":"GET /api/v1/tags 304 - - 5.289 ms","service":"event-planner-api","timestamp":"2026-08-23 10:48:56"}
{"level":"info","message":"GET /api/v1/events/metrics 304 - - 15.421 ms","service":"event-planner-api","timestamp":"2026-08-23 10:48:56"}
{"level":"info","message":"GET /api/v1/tags 304 - - 4.953 ms","service":"event-planner-api","timestamp":"2026-08-23 10:48:56"}
{"level":"info","message":"GET /api/v1/events?page=1&limit=9&search=&timeframe=all&event_type=all&sort_by=date 304 - - 17.365 ms","service":"event-planner-api","timestamp":"2026-08-23 10:48:56"}
{"level":"info","message":"GET /api/v1/events/metrics 304 - - 8.874 ms","service":"event-planner-api","timestamp":"2026-08-23 10:48:56"}
{"level":"info","message":"GET /api/v1/events?page=1&limit=9&search=&timeframe=all&event_type=all&sort_by=date 304 - - 9.637 ms","service":"event-planner-api","timestamp":"2026-08-23 10:48:56"}
{"level":"info","message":"POST /api/v1/auth/login 200 748 - 135.745 ms","service":"event-planner-api","timestamp":"2026-08-23 10:49:04"}
{"level":"info","message":"GET /api/v1/tags 200 5141 - 4.455 ms","service":"event-planner-api","timestamp":"2026-08-23 10:49:04"}
{"level":"info","message":"GET /api/v1/events?page=1&limit=9&search=&timeframe=all&event_type=all&sort_by=date 200 11091 - 13.326 ms","service":"event-planner-api","timestamp":"2026-08-23 10:49:04"}
{"level":"info","message":"GET /api/v1/events/metrics 304 - - 20.123 ms","service":"event-planner-api","timestamp":"2026-08-23 10:49:04"}
{"level":"info","message":"GET /api/v1/tags 304 - - 9.678 ms","service":"event-planner-api","timestamp":"2026-08-23 10:49:04"}
{"level":"info","message":"GET /api/v1/events?page=1&limit=9&search=&timeframe=all&event_type=all&sort_by=date 304 - - 12.142 ms","service":"event-planner-api","timestamp":"2026-08-23 10:49:04"}
{"level":"info","message":"GET /api/v1/events/metrics 304 - - 10.721 ms","service":"event-planner-api","timestamp":"2026-08-23 10:49:04"}
{"level":"info","message":"GET /api/v1/events/5 304 - - 7.900 ms","service":"event-planner-api","timestamp":"2026-08-23 10:49:06"}
{"level":"info","message":"GET /api/v1/events/5 304 - - 7.744 ms","service":"event-planner-api","timestamp":"2026-08-23 10:49:07"}
{"level":"info","message":"POST /api/v1/auth/logout 200 98 - 5.303 ms","service":"event-planner-api","timestamp":"2026-08-23 10:49:14"}
{"level":"info","message":"GET /api/v1/tags 200 5141 - 4.289 ms","service":"event-planner-api","timestamp":"2026-08-23 10:49:14"}
{"level":"info","message":"GET /api/v1/events/metrics 304 - - 12.207 ms","service":"event-planner-api","timestamp":"2026-08-23 10:49:14"}
{"level":"info","message":"GET /api/v1/events?page=1&limit=9&search=&timeframe=all&event_type=all&sort_by=date 200 11554 - 12.707 ms","service":"event-planner-api","timestamp":"2026-08-23 10:49:14"}
{"level":"info","message":"GET /api/v1/tags 304 - - 6.224 ms","service":"event-planner-api","timestamp":"2026-08-23 10:49:14"}
{"level":"info","message":"GET /api/v1/events/metrics 304 - - 10.885 ms","service":"event-planner-api","timestamp":"2026-08-23 10:49:14"}
{"level":"info","message":"GET /api/v1/events?page=1&limit=9&search=&timeframe=all&event_type=all&sort_by=date 304 - - 8.411 ms","service":"event-planner-api","timestamp":"2026-08-23 10:49:14"}
{"level":"info","message":"GET /api/v1/events/1 200 1622 - 6.902 ms","service":"event-planner-api","timestamp":"2026-08-23 10:49:43"}
{"level":"info","message":"GET /api/v1/events/1 304 - - 7.263 ms","service":"event-planner-api","timestamp":"2026-08-23 10:49:43"}
{"level":"info","message":"POST /api/v1/auth/login 200 748 - 140.186 ms","service":"event-planner-api","timestamp":"2026-08-23 10:54:03"}
{"level":"info","message":"GET /api/v1/events/1 304 - - 8.894 ms","service":"event-planner-api","timestamp":"2026-08-23 10:54:03"}
{"level":"info","message":"GET /api/v1/events/1 304 - - 8.694 ms","service":"event-planner-api","timestamp":"2026-08-23 10:54:03"}
{"level":"info","message":"POST /api/v1/rsvps/events/1 200 180 - 12.158 ms","service":"event-planner-api","timestamp":"2026-08-23 10:54:03"}
{"level":"info","message":"GET /api/v1/events/1 200 1775 - 8.719 ms","service":"event-planner-api","timestamp":"2026-08-23 10:54:03"}
{"level":"info","message":"GET /api/v1/tags 200 5141 - 5.451 ms","service":"event-planner-api","timestamp":"2026-08-23 10:54:08"}
{"level":"info","message":"GET /api/v1/events/metrics 304 - - 17.068 ms","service":"event-planner-api","timestamp":"2026-08-23 10:54:08"}
{"level":"info","message":"GET /api/v1/tags 304 - - 6.283 ms","service":"event-planner-api","timestamp":"2026-08-23 10:54:08"}
{"level":"info","message":"GET /api/v1/events?page=1&limit=9&search=&timeframe=all&event_type=all&sort_by=date 200 11091 - 20.181 ms","service":"event-planner-api","timestamp":"2026-08-23 10:54:08"}
{"level":"info","message":"GET /api/v1/events/metrics 304 - - 10.332 ms","service":"event-planner-api","timestamp":"2026-08-23 10:54:08"}
{"level":"info","message":"GET /api/v1/events?page=1&limit=9&search=&timeframe=all&event_type=all&sort_by=date 304 - - 10.976 ms","service":"event-planner-api","timestamp":"2026-08-23 10:54:08"}
{"level":"info","message":"GET /api/v1/events/12 304 - - 8.924 ms","service":"event-planner-api","timestamp":"2026-08-23 10:54:30"}
{"level":"info","message":"GET /api/v1/events/12 304 - - 8.186 ms","service":"event-planner-api","timestamp":"2026-08-23 10:54:30"}
{"level":"info","message":"POST /api/v1/rsvps/events/12 200 189 - 17.999 ms","service":"event-planner-api","timestamp":"2026-08-23 10:54:32"}
{"level":"info","message":"GET /api/v1/events/12 200 963 - 8.979 ms","service":"event-planner-api","timestamp":"2026-08-23 10:54:32"}
{"level":"info","message":"POST /api/v1/rsvps/events/12 200 189 - 10.594 ms","service":"event-planner-api","timestamp":"2026-08-23 10:54:34"}
{"level":"info","message":"GET /api/v1/events/12 200 963 - 7.402 ms","service":"event-planner-api","timestamp":"2026-08-23 10:54:34"}
{"level":"info","message":"POST /api/v1/rsvps/events/12 200 189 - 11.807 ms","service":"event-planner-api","timestamp":"2026-08-23 10:55:57"}
{"level":"info","message":"GET /api/v1/events/12 200 963 - 11.915 ms","service":"event-planner-api","timestamp":"2026-08-23 10:55:57"}
{"level":"info","message":"Gracefully shutting down server...","service":"event-planner-api","timestamp":"2026-08-23 10:58:10"}
{"level":"info","message":"Starting Event Planning API server in development mode...","service":"event-planner-api","timestamp":"2026-08-23 10:58:11"}
{"level":"info","message":"✅ Database connected successfully (mysql2)","service":"event-planner-api","timestamp":"2026-08-23 10:58:11"}
{"level":"info","message":"🚀 Server running on http://localhost:5000","service":"event-planner-api","timestamp":"2026-08-23 10:58:11"}
{"level":"info","message":"📚 Swagger API Docs available at http://localhost:5000/api-docs","service":"event-planner-api","timestamp":"2026-08-23 10:58:11"}
{"level":"info","message":"⚡ API endpoints live at http://localhost:5000/api/v1","service":"event-planner-api","timestamp":"2026-08-23 10:58:11"}
{"level":"info","message":"GET /api/v1/events/12 304 - - 40.599 ms","service":"event-planner-api","timestamp":"2026-08-23 10:59:42"}
{"code":"EMAIL_EXISTS","level":"error","message":"POST /api/v1/auth/register - Error: An account with this email address already exists.","service":"event-planner-api","stack":"Error: An account with this email address already exists.\n    at AuthService.register (/home/kritan/Documents/Personal Projects/lf_assessment/backend/src/services/auth.service.ts:16:26)\n    at processTicksAndRejections (node:internal/process/task_queues:104:5)\n    at register (/home/kritan/Documents/Personal Projects/lf_assessment/backend/src/controllers/auth.controller.ts:9:22)","statusCode":409,"timestamp":"2026-08-23 11:00:29"}
{"code":"INVALID_CREDENTIALS","level":"error","message":"POST /api/v1/auth/login - Error: Invalid email or password.","service":"event-planner-api","stack":"Error: Invalid email or password.\n    at AuthService.login (/home/kritan/Documents/Personal Projects/lf_assessment/backend/src/services/auth.service.ts:77:26)\n    at login (/home/kritan/Documents/Personal Projects/lf_assessment/backend/src/controllers/auth.controller.ts:21:22)","statusCode":401,"timestamp":"2026-08-23 11:00:29"}
{"code":"TOKEN_REUSE_DETECTED","level":"error","message":"POST /api/v1/auth/refresh-token - Error: Suspicious activity detected: Refresh token was already used. All sessions revoked.","service":"event-planner-api","stack":"Error: Suspicious activity detected: Refresh token was already used. All sessions revoked.\n    at AuthService.refreshAccessToken (/home/kritan/Documents/Personal Projects/lf_assessment/backend/src/services/auth.service.ts:152:28)\n    at processTicksAndRejections (node:internal/process/task_queues:104:5)\n    at refreshToken (/home/kritan/Documents/Personal Projects/lf_assessment/backend/src/controllers/auth.controller.ts:38:22)","statusCode":401,"timestamp":"2026-08-23 11:00:29"}
{"code":"FORBIDDEN","level":"error","message":"PUT /api/v1/events/7 - Error: Forbidden: Only the event creator can edit this event.","service":"event-planner-api","stack":"Error: Forbidden: Only the event creator can edit this event.\n    at EventService.updateEvent (/home/kritan/Documents/Personal Projects/lf_assessment/backend/src/services/event.service.ts:461:26)\n    at processTicksAndRejections (node:internal/process/task_queues:104:5)\n    at updateEvent (/home/kritan/Documents/Personal Projects/lf_assessment/backend/src/controllers/event.controller.ts:42:21)","statusCode":403,"timestamp":"2026-08-23 11:00:31"}
{"level":"info","message":"POST /api/v1/rsvps/events/12 200 183 - 29.383 ms","service":"event-planner-api","timestamp":"2026-08-23 11:00:57"}
{"level":"info","message":"GET /api/v1/events/12 200 959 - 13.284 ms","service":"event-planner-api","timestamp":"2026-08-23 11:00:57"}
{"level":"info","message":"GET /api/v1/tags 304 - - 10.042 ms","service":"event-planner-api","timestamp":"2026-08-23 11:01:16"}
{"level":"info","message":"GET /api/v1/tags 304 - - 15.723 ms","service":"event-planner-api","timestamp":"2026-08-23 11:01:16"}
{"level":"info","message":"GET /api/v1/events/metrics 304 - - 43.225 ms","service":"event-planner-api","timestamp":"2026-08-23 11:01:16"}
{"level":"info","message":"GET /api/v1/events?page=1&limit=9&search=&timeframe=all&event_type=all&sort_by=date 304 - - 36.944 ms","service":"event-planner-api","timestamp":"2026-08-23 11:01:16"}
{"level":"info","message":"GET /api/v1/events/metrics 304 - - 15.295 ms","service":"event-planner-api","timestamp":"2026-08-23 11:01:16"}
{"level":"info","message":"GET /api/v1/events?page=1&limit=9&search=&timeframe=all&event_type=all&sort_by=date 304 - - 21.193 ms","service":"event-planner-api","timestamp":"2026-08-23 11:01:16"}
{"level":"info","message":"POST /api/v1/auth/logout 200 98 - 8.061 ms","service":"event-planner-api","timestamp":"2026-08-23 11:01:23"}
{"level":"info","message":"GET /api/v1/tags 200 5141 - 8.063 ms","service":"event-planner-api","timestamp":"2026-08-23 11:01:23"}
{"level":"info","message":"GET /api/v1/events/metrics 304 - - 12.870 ms","service":"event-planner-api","timestamp":"2026-08-23 11:01:23"}
{"level":"info","message":"GET /api/v1/events?page=1&limit=9&search=&timeframe=all&event_type=all&sort_by=date 200 11554 - 14.899 ms","service":"event-planner-api","timestamp":"2026-08-23 11:01:23"}
{"level":"info","message":"GET /api/v1/events/5 304 - - 7.121 ms","service":"event-planner-api","timestamp":"2026-08-23 11:01:33"}
{"level":"info","message":"GET /api/v1/events/5 304 - - 9.982 ms","service":"event-planner-api","timestamp":"2026-08-23 11:01:33"}
{"level":"info","message":"POST /api/v1/auth/login 200 748 - 150.851 ms","service":"event-planner-api","timestamp":"2026-08-23 11:01:37"}
{"level":"info","message":"GET /api/v1/tags 200 5141 - 4.688 ms","service":"event-planner-api","timestamp":"2026-08-23 11:01:37"}
{"level":"info","message":"GET /api/v1/tags 304 - - 5.103 ms","service":"event-planner-api","timestamp":"2026-08-23 11:01:37"}
{"level":"info","message":"GET /api/v1/tags 304 - - 9.760 ms","service":"event-planner-api","timestamp":"2026-08-23 11:01:59"}
{"level":"info","message":"GET /api/v1/tags 304 - - 13.624 ms","service":"event-planner-api","timestamp":"2026-08-23 11:01:59"}
{"level":"info","message":"GET /api/v1/events?page=1&limit=9&search=&timeframe=all&event_type=all&sort_by=date 200 11091 - 31.083 ms","service":"event-planner-api","timestamp":"2026-08-23 11:01:59"}
{"level":"info","message":"GET /api/v1/events/metrics 304 - - 41.289 ms","service":"event-planner-api","timestamp":"2026-08-23 11:01:59"}
{"level":"info","message":"GET /api/v1/events/metrics 304 - - 14.079 ms","service":"event-planner-api","timestamp":"2026-08-23 11:01:59"}
{"level":"info","message":"GET /api/v1/events?page=1&limit=9&search=&timeframe=all&event_type=all&sort_by=date 304 - - 21.450 ms","service":"event-planner-api","timestamp":"2026-08-23 11:01:59"}
{"level":"info","message":"POST /api/v1/auth/logout 200 98 - 9.485 ms","service":"event-planner-api","timestamp":"2026-08-23 11:02:09"}
{"level":"info","message":"GET /api/v1/tags 200 5141 - 4.876 ms","service":"event-planner-api","timestamp":"2026-08-23 11:02:09"}
{"level":"info","message":"GET /api/v1/events?page=1&limit=9&search=&timeframe=all&event_type=all&sort_by=date 200 11554 - 15.022 ms","service":"event-planner-api","timestamp":"2026-08-23 11:02:09"}
{"level":"info","message":"GET /api/v1/events/metrics 304 - - 21.936 ms","service":"event-planner-api","timestamp":"2026-08-23 11:02:09"}
{"level":"info","message":"GET /api/v1/tags 304 - - 3.506 ms","service":"event-planner-api","timestamp":"2026-08-23 11:05:34"}
{"level":"info","message":"GET /api/v1/events/metrics 304 - - 9.896 ms","service":"event-planner-api","timestamp":"2026-08-23 11:05:34"}
{"level":"info","message":"GET /api/v1/auth/profile 401 112 - 0.667 ms","service":"event-planner-api","timestamp":"2026-08-23 11:05:34"}
{"level":"info","message":"GET /api/v1/tags 304 - - 5.823 ms","service":"event-planner-api","timestamp":"2026-08-23 11:05:34"}
{"level":"info","message":"GET /api/v1/events?page=1&limit=9&search=&timeframe=all&event_type=all&sort_by=date 304 - - 21.713 ms","service":"event-planner-api","timestamp":"2026-08-23 11:05:34"}
{"level":"info","message":"GET /api/v1/events/metrics 304 - - 23.115 ms","service":"event-planner-api","timestamp":"2026-08-23 11:05:34"}
{"level":"info","message":"GET /api/v1/events?page=1&limit=9&search=&timeframe=all&event_type=all&sort_by=date 304 - - 11.493 ms","service":"event-planner-api","timestamp":"2026-08-23 11:05:34"}
{"level":"info","message":"POST /api/v1/auth/refresh-token 401 98 - 0.782 ms","service":"event-planner-api","timestamp":"2026-08-23 11:05:34"}
{"level":"info","message":"GET /api/v1/tags 200 5141 - 9.726 ms","service":"event-planner-api","timestamp":"2026-08-23 11:09:02"}
{"level":"info","message":"GET /api/v1/auth/profile 401 112 - 0.877 ms","service":"event-planner-api","timestamp":"2026-08-23 11:09:02"}
{"level":"info","message":"GET /api/v1/events?page=1&limit=9&search=&timeframe=all&event_type=all&sort_by=date 200 11554 - 27.038 ms","service":"event-planner-api","timestamp":"2026-08-23 11:09:02"}
{"level":"info","message":"GET /api/v1/events/metrics 200 143 - 35.108 ms","service":"event-planner-api","timestamp":"2026-08-23 11:09:02"}
{"level":"info","message":"GET /api/v1/tags 200 5141 - 5.501 ms","service":"event-planner-api","timestamp":"2026-08-23 11:09:02"}
{"level":"info","message":"GET /api/v1/auth/profile 401 112 - 0.448 ms","service":"event-planner-api","timestamp":"2026-08-23 11:09:02"}
{"level":"info","message":"GET /api/v1/events/metrics 200 143 - 21.761 ms","service":"event-planner-api","timestamp":"2026-08-23 11:09:02"}
{"level":"info","message":"GET /api/v1/events?page=1&limit=9&search=&timeframe=all&event_type=all&sort_by=date 200 11554 - 22.993 ms","service":"event-planner-api","timestamp":"2026-08-23 11:09:02"}
{"level":"info","message":"POST /api/v1/auth/refresh-token 401 98 - 0.452 ms","service":"event-planner-api","timestamp":"2026-08-23 11:09:03"}
{"level":"info","message":"GET /api/v1/events/10 200 808 - 6.218 ms","service":"event-planner-api","timestamp":"2026-08-23 11:09:12"}
{"level":"info","message":"GET /api/v1/events/10 304 - - 6.996 ms","service":"event-planner-api","timestamp":"2026-08-23 11:09:12"}
{"level":"info","message":"POST /api/v1/auth/login 200 748 - 133.837 ms","service":"event-planner-api","timestamp":"2026-08-23 11:09:25"}
{"level":"info","message":"GET /api/v1/events/10 200 962 - 14.861 ms","service":"event-planner-api","timestamp":"2026-08-23 11:09:25"}
{"level":"info","message":"GET /api/v1/events/10 304 - - 11.036 ms","service":"event-planner-api","timestamp":"2026-08-23 11:09:25"}
{"level":"info","message":"GET /api/v1/tags 200 5141 - 6.055 ms","service":"event-planner-api","timestamp":"2026-08-23 11:09:28"}
{"level":"info","message":"GET /api/v1/tags 304 - - 5.613 ms","service":"event-planner-api","timestamp":"2026-08-23 11:09:28"}
{"level":"info","message":"GET /api/v1/events/metrics 304 - - 23.029 ms","service":"event-planner-api","timestamp":"2026-08-23 11:09:28"}
{"level":"info","message":"GET /api/v1/events?page=1&limit=9&search=&timeframe=all&event_type=all&sort_by=date 200 11091 - 18.926 ms","service":"event-planner-api","timestamp":"2026-08-23 11:09:28"}
{"level":"info","message":"GET /api/v1/events/metrics 304 - - 14.508 ms","service":"event-planner-api","timestamp":"2026-08-23 11:09:28"}
{"level":"info","message":"GET /api/v1/events?page=1&limit=9&search=&timeframe=all&event_type=all&sort_by=date 304 - - 17.635 ms","service":"event-planner-api","timestamp":"2026-08-23 11:09:28"}
{"level":"info","message":"GET /api/v1/events/12 304 - - 14.084 ms","service":"event-planner-api","timestamp":"2026-08-23 11:09:35"}
{"level":"info","message":"GET /api/v1/events/12 304 - - 11.371 ms","service":"event-planner-api","timestamp":"2026-08-23 11:09:35"}
{"level":"info","message":"GET /api/v1/tags 304 - - 4.430 ms","service":"event-planner-api","timestamp":"2026-08-23 11:09:45"}
{"level":"info","message":"DELETE /api/v1/events/12 200 104 - 10.362 ms","service":"event-planner-api","timestamp":"2026-08-23 11:09:52"}
{"level":"info","message":"GET /api/v1/tags 200 5141 - 7.305 ms","service":"event-planner-api","timestamp":"2026-08-23 11:09:52"}
{"level":"info","message":"GET /api/v1/events/metrics 200 143 - 20.453 ms","service":"event-planner-api","timestamp":"2026-08-23 11:09:52"}
{"level":"info","message":"GET /api/v1/tags 304 - - 6.604 ms","service":"event-planner-api","timestamp":"2026-08-23 11:09:52"}
{"level":"info","message":"GET /api/v1/events?page=1&limit=9&search=&timeframe=all&event_type=all&sort_by=date 200 11408 - 23.400 ms","service":"event-planner-api","timestamp":"2026-08-23 11:09:52"}
{"level":"info","message":"GET /api/v1/events/metrics 304 - - 13.338 ms","service":"event-planner-api","timestamp":"2026-08-23 11:09:52"}
{"level":"info","message":"GET /api/v1/events?page=1&limit=9&search=&timeframe=all&event_type=all&sort_by=date 304 - - 16.180 ms","service":"event-planner-api","timestamp":"2026-08-23 11:09:52"}
{"level":"info","message":"GET /api/v1/tags 304 - - 4.340 ms","service":"event-planner-api","timestamp":"2026-08-23 11:09:59"}
{"level":"info","message":"PUT /api/v1/events/13 200 949 - 29.988 ms","service":"event-planner-api","timestamp":"2026-08-23 11:10:06"}
{"level":"info","message":"GET /api/v1/tags 304 - - 14.524 ms","service":"event-planner-api","timestamp":"2026-08-23 11:10:06"}
{"level":"info","message":"GET /api/v1/events?page=1&limit=9&search=&timeframe=all&event_type=all&sort_by=date 200 11398 - 31.688 ms","service":"event-planner-api","timestamp":"2026-08-23 11:10:06"}
{"level":"info","message":"GET /api/v1/events/metrics 304 - - 22.608 ms","service":"event-planner-api","timestamp":"2026-08-23 11:10:06"}
{"level":"info","message":"GET /api/v1/events?page=1&limit=30&search=&timeframe=all&event_type=all&sort_by=date 200 12457 - 14.003 ms","service":"event-planner-api","timestamp":"2026-08-23 11:31:08"}
{"code":"ER_ACCESS_DENIED_ERROR","errno":1045,"level":"error","message":"GET /api/v1/events/9 - Error: Access denied for user 'eventuser'@'10.89.0.7' (using password: YES)","service":"event-planner-api","sqlMessage":"Access denied for user 'eventuser'@'10.89.0.7' (using password: YES)","sqlState":"28000","stack":"Error: Access denied for user 'eventuser'@'10.89.0.7' (using password: YES)\n    at Packet.asError (/home/kritan/Documents/Personal Projects/lf_assessment/backend/node_modules/mysql2/lib/packets/packet.js:833:17)\n    at ClientHandshake.execute (/home/kritan/Documents/Personal Projects/lf_assessment/backend/node_modules/mysql2/lib/commands/command.js:29:26)\n    at Connection.handlePacket (/home/kritan/Documents/Personal Projects/lf_assessment/backend/node_modules/mysql2/lib/base/connection.js:555:34)\n    at PacketParser.onPacket (/home/kritan/Documents/Personal Projects/lf_assessment/backend/node_modules/mysql2/lib/base/connection.js:104:12)\n    at PacketParser.executeStart (/home/kritan/Documents/Personal Projects/lf_assessment/backend/node_modules/mysql2/lib/packet_parser.js:75:16)\n    at Socket.<anonymous> (/home/kritan/Documents/Personal Projects/lf_assessment/backend/node_modules/mysql2/lib/base/connection.js:112:25)\n    at Socket.emit (node:events:509:28)\n    at addChunk (node:internal/streams/readable:563:12)\n    at readableAddChunkPushByteMode (node:internal/streams/readable:514:3)\n    at Socket.Readable.push (node:internal/streams/readable:394:5)","timestamp":"2026-08-23 13:03:49"}
{"level":"info","message":"GET /api/v1/events/9 500 1334 - 20.929 ms","service":"event-planner-api","timestamp":"2026-08-23 13:03:49"}
{"code":"ER_ACCESS_DENIED_ERROR","errno":1045,"level":"error","message":"GET /api/v1/events/9 - Error: Access denied for user 'eventuser'@'10.89.0.7' (using password: YES)","service":"event-planner-api","sqlMessage":"Access denied for user 'eventuser'@'10.89.0.7' (using password: YES)","sqlState":"28000","stack":"Error: Access denied for user 'eventuser'@'10.89.0.7' (using password: YES)\n    at Packet.asError (/home/kritan/Documents/Personal Projects/lf_assessment/backend/node_modules/mysql2/lib/packets/packet.js:833:17)\n    at ClientHandshake.execute (/home/kritan/Documents/Personal Projects/lf_assessment/backend/node_modules/mysql2/lib/commands/command.js:29:26)\n    at Connection.handlePacket (/home/kritan/Documents/Personal Projects/lf_assessment/backend/node_modules/mysql2/lib/base/connection.js:555:34)\n    at PacketParser.onPacket (/home/kritan/Documents/Personal Projects/lf_assessment/backend/node_modules/mysql2/lib/base/connection.js:104:12)\n    at PacketParser.executeStart (/home/kritan/Documents/Personal Projects/lf_assessment/backend/node_modules/mysql2/lib/packet_parser.js:75:16)\n    at Socket.<anonymous> (/home/kritan/Documents/Personal Projects/lf_assessment/backend/node_modules/mysql2/lib/base/connection.js:112:25)\n    at Socket.emit (node:events:509:28)\n    at addChunk (node:internal/streams/readable:563:12)\n    at readableAddChunkPushByteMode (node:internal/streams/readable:514:3)\n    at Socket.Readable.push (node:internal/streams/readable:394:5)","timestamp":"2026-08-23 13:03:49"}
{"level":"info","message":"GET /api/v1/events/9 500 1334 - 11.027 ms","service":"event-planner-api","timestamp":"2026-08-23 13:03:49"}
{"code":"ER_ACCESS_DENIED_ERROR","errno":1045,"level":"error","message":"GET /api/v1/events/9 - Error: Access denied for user 'eventuser'@'10.89.0.7' (using password: YES)","service":"event-planner-api","sqlMessage":"Access denied for user 'eventuser'@'10.89.0.7' (using password: YES)","sqlState":"28000","stack":"Error: Access denied for user 'eventuser'@'10.89.0.7' (using password: YES)\n    at Packet.asError (/home/kritan/Documents/Personal Projects/lf_assessment/backend/node_modules/mysql2/lib/packets/packet.js:833:17)\n    at ClientHandshake.execute (/home/kritan/Documents/Personal Projects/lf_assessment/backend/node_modules/mysql2/lib/commands/command.js:29:26)\n    at Connection.handlePacket (/home/kritan/Documents/Personal Projects/lf_assessment/backend/node_modules/mysql2/lib/base/connection.js:555:34)\n    at PacketParser.onPacket (/home/kritan/Documents/Personal Projects/lf_assessment/backend/node_modules/mysql2/lib/base/connection.js:104:12)\n    at PacketParser.executeStart (/home/kritan/Documents/Personal Projects/lf_assessment/backend/node_modules/mysql2/lib/packet_parser.js:75:16)\n    at Socket.<anonymous> (/home/kritan/Documents/Personal Projects/lf_assessment/backend/node_modules/mysql2/lib/base/connection.js:112:25)\n    at Socket.emit (node:events:509:28)\n    at addChunk (node:internal/streams/readable:563:12)\n    at readableAddChunkPushByteMode (node:internal/streams/readable:514:3)\n    at Socket.Readable.push (node:internal/streams/readable:394:5)","timestamp":"2026-08-23 13:03:55"}
{"level":"info","message":"GET /api/v1/events/9 500 1334 - 7.907 ms","service":"event-planner-api","timestamp":"2026-08-23 13:03:55"}
{"level":"info","message":"GET /api/v1/auth/profile 401 112 - 0.400 ms","service":"event-planner-api","timestamp":"2026-08-23 13:03:55"}
{"level":"info","message":"GET /api/v1/auth/profile 401 112 - 0.422 ms","service":"event-planner-api","timestamp":"2026-08-23 13:03:55"}
{"code":"ER_ACCESS_DENIED_ERROR","errno":1045,"level":"error","message":"GET /api/v1/events/9 - Error: Access denied for user 'eventuser'@'10.89.0.7' (using password: YES)","service":"event-planner-api","sqlMessage":"Access denied for user 'eventuser'@'10.89.0.7' (using password: YES)","sqlState":"28000","stack":"Error: Access denied for user 'eventuser'@'10.89.0.7' (using password: YES)\n    at Packet.asError (/home/kritan/Documents/Personal Projects/lf_assessment/backend/node_modules/mysql2/lib/packets/packet.js:833:17)\n    at ClientHandshake.execute (/home/kritan/Documents/Personal Projects/lf_assessment/backend/node_modules/mysql2/lib/commands/command.js:29:26)\n    at Connection.handlePacket (/home/kritan/Documents/Personal Projects/lf_assessment/backend/node_modules/mysql2/lib/base/connection.js:555:34)\n    at PacketParser.onPacket (/home/kritan/Documents/Personal Projects/lf_assessment/backend/node_modules/mysql2/lib/base/connection.js:104:12)\n    at PacketParser.executeStart (/home/kritan/Documents/Personal Projects/lf_assessment/backend/node_modules/mysql2/lib/packet_parser.js:75:16)\n    at Socket.<anonymous> (/home/kritan/Documents/Personal Projects/lf_assessment/backend/node_modules/mysql2/lib/base/connection.js:112:25)\n    at Socket.emit (node:events:509:28)\n    at addChunk (node:internal/streams/readable:563:12)\n    at readableAddChunkPushByteMode (node:internal/streams/readable:514:3)\n    at Socket.Readable.push (node:internal/streams/readable:394:5)","timestamp":"2026-08-23 13:03:55"}
{"level":"info","message":"GET /api/v1/events/9 500 1334 - 13.706 ms","service":"event-planner-api","timestamp":"2026-08-23 13:03:55"}
{"code":"ER_ACCESS_DENIED_ERROR","errno":1045,"level":"error","message":"POST /api/v1/auth/refresh-token - Error: Access denied for user 'eventuser'@'10.89.0.7' (using password: YES)","service":"event-planner-api","sqlMessage":"Access denied for user 'eventuser'@'10.89.0.7' (using password: YES)","sqlState":"28000","stack":"Error: Access denied for user 'eventuser'@'10.89.0.7' (using password: YES)\n    at Packet.asError (/home/kritan/Documents/Personal Projects/lf_assessment/backend/node_modules/mysql2/lib/packets/packet.js:833:17)\n    at ClientHandshake.execute (/home/kritan/Documents/Personal Projects/lf_assessment/backend/node_modules/mysql2/lib/commands/command.js:29:26)\n    at Connection.handlePacket (/home/kritan/Documents/Personal Projects/lf_assessment/backend/node_modules/mysql2/lib/base/connection.js:555:34)\n    at PacketParser.onPacket (/home/kritan/Documents/Personal Projects/lf_assessment/backend/node_modules/mysql2/lib/base/connection.js:104:12)\n    at PacketParser.executeStart (/home/kritan/Documents/Personal Projects/lf_assessment/backend/node_modules/mysql2/lib/packet_parser.js:75:16)\n    at Socket.<anonymous> (/home/kritan/Documents/Personal Projects/lf_assessment/backend/node_modules/mysql2/lib/base/connection.js:112:25)\n    at Socket.emit (node:events:509:28)\n    at addChunk (node:internal/streams/readable:563:12)\n    at readableAddChunkPushByteMode (node:internal/streams/readable:514:3)\n    at Socket.Readable.push (node:internal/streams/readable:394:5)","timestamp":"2026-08-23 13:03:55"}
{"level":"info","message":"POST /api/v1/auth/refresh-token 500 1334 - 7.993 ms","service":"event-planner-api","timestamp":"2026-08-23 13:03:55"}
{"code":"ER_ACCESS_DENIED_ERROR","errno":1045,"level":"error","message":"GET /api/v1/events/9 - Error: Access denied for user 'eventuser'@'10.89.0.7' (using password: YES)","service":"event-planner-api","sqlMessage":"Access denied for user 'eventuser'@'10.89.0.7' (using password: YES)","sqlState":"28000","stack":"Error: Access denied for user 'eventuser'@'10.89.0.7' (using password: YES)\n    at Packet.asError (/home/kritan/Documents/Personal Projects/lf_assessment/backend/node_modules/mysql2/lib/packets/packet.js:833:17)\n    at ClientHandshake.execute (/home/kritan/Documents/Personal Projects/lf_assessment/backend/node_modules/mysql2/lib/commands/command.js:29:26)\n    at Connection.handlePacket (/home/kritan/Documents/Personal Projects/lf_assessment/backend/node_modules/mysql2/lib/base/connection.js:555:34)\n    at PacketParser.onPacket (/home/kritan/Documents/Personal Projects/lf_assessment/backend/node_modules/mysql2/lib/base/connection.js:104:12)\n    at PacketParser.executeStart (/home/kritan/Documents/Personal Projects/lf_assessment/backend/node_modules/mysql2/lib/packet_parser.js:75:16)\n    at Socket.<anonymous> (/home/kritan/Documents/Personal Projects/lf_assessment/backend/node_modules/mysql2/lib/base/connection.js:112:25)\n    at Socket.emit (node:events:509:28)\n    at addChunk (node:internal/streams/readable:563:12)\n    at readableAddChunkPushByteMode (node:internal/streams/readable:514:3)\n    at Socket.Readable.push (node:internal/streams/readable:394:5)","timestamp":"2026-08-23 13:03:55"}
{"level":"info","message":"GET /api/v1/events/9 500 1334 - 7.245 ms","service":"event-planner-api","timestamp":"2026-08-23 13:03:55"}
{"code":"ER_ACCESS_DENIED_ERROR","errno":1045,"level":"error","message":"GET /api/v1/tags - Error: Access denied for user 'eventuser'@'10.89.0.7' (using password: YES)","service":"event-planner-api","sqlMessage":"Access denied for user 'eventuser'@'10.89.0.7' (using password: YES)","sqlState":"28000","stack":"Error: Access denied for user 'eventuser'@'10.89.0.7' (using password: YES)\n    at Packet.asError (/home/kritan/Documents/Personal Projects/lf_assessment/backend/node_modules/mysql2/lib/packets/packet.js:833:17)\n    at ClientHandshake.execute (/home/kritan/Documents/Personal Projects/lf_assessment/backend/node_modules/mysql2/lib/commands/command.js:29:26)\n    at Connection.handlePacket (/home/kritan/Documents/Personal Projects/lf_assessment/backend/node_modules/mysql2/lib/base/connection.js:555:34)\n    at PacketParser.onPacket (/home/kritan/Documents/Personal Projects/lf_assessment/backend/node_modules/mysql2/lib/base/connection.js:104:12)\n    at PacketParser.executeStart (/home/kritan/Documents/Personal Projects/lf_assessment/backend/node_modules/mysql2/lib/packet_parser.js:75:16)\n    at Socket.<anonymous> (/home/kritan/Documents/Personal Projects/lf_assessment/backend/node_modules/mysql2/lib/base/connection.js:112:25)\n    at Socket.emit (node:events:509:28)\n    at addChunk (node:internal/streams/readable:563:12)\n    at readableAddChunkPushByteMode (node:internal/streams/readable:514:3)\n    at Socket.Readable.push (node:internal/streams/readable:394:5)","timestamp":"2026-08-23 13:03:57"}
{"level":"info","message":"GET /api/v1/tags 500 1334 - 9.685 ms","service":"event-planner-api","timestamp":"2026-08-23 13:03:57"}
{"code":"ER_ACCESS_DENIED_ERROR","errno":1045,"level":"error","message":"GET /api/v1/events/metrics - Error: Access denied for user 'eventuser'@'10.89.0.7' (using password: YES)","service":"event-planner-api","sqlMessage":"Access denied for user 'eventuser'@'10.89.0.7' (using password: YES)","sqlState":"28000","stack":"Error: Access denied for user 'eventuser'@'10.89.0.7' (using password: YES)\n    at Packet.asError (/home/kritan/Documents/Personal Projects/lf_assessment/backend/node_modules/mysql2/lib/packets/packet.js:833:17)\n    at ClientHandshake.execute (/home/kritan/Documents/Personal Projects/lf_assessment/backend/node_modules/mysql2/lib/commands/command.js:29:26)\n    at Connection.handlePacket (/home/kritan/Documents/Personal Projects/lf_assessment/backend/node_modules/mysql2/lib/base/connection.js:555:34)\n    at PacketParser.onPacket (/home/kritan/Documents/Personal Projects/lf_assessment/backend/node_modules/mysql2/lib/base/connection.js:104:12)\n    at PacketParser.executeStart (/home/kritan/Documents/Personal Projects/lf_assessment/backend/node_modules/mysql2/lib/packet_parser.js:75:16)\n    at Socket.<anonymous> (/home/kritan/Documents/Personal Projects/lf_assessment/backend/node_modules/mysql2/lib/base/connection.js:112:25)\n    at Socket.emit (node:events:509:28)\n    at addChunk (node:internal/streams/readable:563:12)\n    at readableAddChunkPushByteMode (node:internal/streams/readable:514:3)\n    at Socket.Readable.push (node:internal/streams/readable:394:5)","timestamp":"2026-08-23 13:03:57"}
{"level":"info","message":"GET /api/v1/events/metrics 500 1334 - 16.719 ms","service":"event-planner-api","timestamp":"2026-08-23 13:03:57"}
{"code":"ER_ACCESS_DENIED_ERROR","errno":1045,"level":"error","message":"GET /api/v1/events?page=1&limit=9&search=&timeframe=all&event_type=all&sort_by=date - Error: Access denied for user 'eventuser'@'10.89.0.7' (using password: YES)","service":"event-planner-api","sqlMessage":"Access denied for user 'eventuser'@'10.89.0.7' (using password: YES)","sqlState":"28000","stack":"Error: Access denied for user 'eventuser'@'10.89.0.7' (using password: YES)\n    at Packet.asError (/home/kritan/Documents/Personal Projects/lf_assessment/backend/node_modules/mysql2/lib/packets/packet.js:833:17)\n    at ClientHandshake.execute (/home/kritan/Documents/Personal Projects/lf_assessment/backend/node_modules/mysql2/lib/commands/command.js:29:26)\n    at Connection.handlePacket (/home/kritan/Documents/Personal Projects/lf_assessment/backend/node_modules/mysql2/lib/base/connection.js:555:34)\n    at PacketParser.onPacket (/home/kritan/Documents/Personal Projects/lf_assessment/backend/node_modules/mysql2/lib/base/connection.js:104:12)\n    at PacketParser.executeStart (/home/kritan/Documents/Personal Projects/lf_assessment/backend/node_modules/mysql2/lib/packet_parser.js:75:16)\n    at Socket.<anonymous> (/home/kritan/Documents/Personal Projects/lf_assessment/backend/node_modules/mysql2/lib/base/connection.js:112:25)\n    at Socket.emit (node:events:509:28)\n    at addChunk (node:internal/streams/readable:563:12)\n    at readableAddChunkPushByteMode (node:internal/streams/readable:514:3)\n    at Socket.Readable.push (node:internal/streams/readable:394:5)","timestamp":"2026-08-23 13:03:57"}
{"level":"info","message":"GET /api/v1/events?page=1&limit=9&search=&timeframe=all&event_type=all&sort_by=date 500 1334 - 20.132 ms","service":"event-planner-api","timestamp":"2026-08-23 13:03:57"}
{"code":"ER_ACCESS_DENIED_ERROR","errno":1045,"level":"error","message":"GET /api/v1/tags - Error: Access denied for user 'eventuser'@'10.89.0.7' (using password: YES)","service":"event-planner-api","sqlMessage":"Access denied for user 'eventuser'@'10.89.0.7' (using password: YES)","sqlState":"28000","stack":"Error: Access denied for user 'eventuser'@'10.89.0.7' (using password: YES)\n    at Packet.asError (/home/kritan/Documents/Personal Projects/lf_assessment/backend/node_modules/mysql2/lib/packets/packet.js:833:17)\n    at ClientHandshake.execute (/home/kritan/Documents/Personal Projects/lf_assessment/backend/node_modules/mysql2/lib/commands/command.js:29:26)\n    at Connection.handlePacket (/home/kritan/Documents/Personal Projects/lf_assessment/backend/node_modules/mysql2/lib/base/connection.js:555:34)\n    at PacketParser.onPacket (/home/kritan/Documents/Personal Projects/lf_assessment/backend/node_modules/mysql2/lib/base/connection.js:104:12)\n    at PacketParser.executeStart (/home/kritan/Documents/Personal Projects/lf_assessment/backend/node_modules/mysql2/lib/packet_parser.js:75:16)\n    at Socket.<anonymous> (/home/kritan/Documents/Personal Projects/lf_assessment/backend/node_modules/mysql2/lib/base/connection.js:112:25)\n    at Socket.emit (node:events:509:28)\n    at addChunk (node:internal/streams/readable:563:12)\n    at readableAddChunkPushByteMode (node:internal/streams/readable:514:3)\n    at Socket.Readable.push (node:internal/streams/readable:394:5)","timestamp":"2026-08-23 13:03:57"}
{"level":"info","message":"GET /api/v1/tags 500 1334 - 18.244 ms","service":"event-planner-api","timestamp":"2026-08-23 13:03:57"}
{"code":"ER_ACCESS_DENIED_ERROR","errno":1045,"level":"error","message":"GET /api/v1/events/metrics - Error: Access denied for user 'eventuser'@'10.89.0.7' (using password: YES)","service":"event-planner-api","sqlMessage":"Access denied for user 'eventuser'@'10.89.0.7' (using password: YES)","sqlState":"28000","stack":"Error: Access denied for user 'eventuser'@'10.89.0.7' (using password: YES)\n    at Packet.asError (/home/kritan/Documents/Personal Projects/lf_assessment/backend/node_modules/mysql2/lib/packets/packet.js:833:17)\n    at ClientHandshake.execute (/home/kritan/Documents/Personal Projects/lf_assessment/backend/node_modules/mysql2/lib/commands/command.js:29:26)\n    at Connection.handlePacket (/home/kritan/Documents/Personal Projects/lf_assessment/backend/node_modules/mysql2/lib/base/connection.js:555:34)\n    at PacketParser.onPacket (/home/kritan/Documents/Personal Projects/lf_assessment/backend/node_modules/mysql2/lib/base/connection.js:104:12)\n    at PacketParser.executeStart (/home/kritan/Documents/Personal Projects/lf_assessment/backend/node_modules/mysql2/lib/packet_parser.js:75:16)\n    at Socket.<anonymous> (/home/kritan/Documents/Personal Projects/lf_assessment/backend/node_modules/mysql2/lib/base/connection.js:112:25)\n    at Socket.emit (node:events:509:28)\n    at addChunk (node:internal/streams/readable:563:12)\n    at readableAddChunkPushByteMode (node:internal/streams/readable:514:3)\n    at Socket.Readable.push (node:internal/streams/readable:394:5)","timestamp":"2026-08-23 13:03:57"}
{"level":"info","message":"GET /api/v1/events/metrics 500 1334 - 15.333 ms","service":"event-planner-api","timestamp":"2026-08-23 13:03:57"}
{"code":"ER_ACCESS_DENIED_ERROR","errno":1045,"level":"error","message":"GET /api/v1/events?page=1&limit=9&search=&timeframe=all&event_type=all&sort_by=date - Error: Access denied for user 'eventuser'@'10.89.0.7' (using password: YES)","service":"event-planner-api","sqlMessage":"Access denied for user 'eventuser'@'10.89.0.7' (using password: YES)","sqlState":"28000","stack":"Error: Access denied for user 'eventuser'@'10.89.0.7' (using password: YES)\n    at Packet.asError (/home/kritan/Documents/Personal Projects/lf_assessment/backend/node_modules/mysql2/lib/packets/packet.js:833:17)\n    at ClientHandshake.execute (/home/kritan/Documents/Personal Projects/lf_assessment/backend/node_modules/mysql2/lib/commands/command.js:29:26)\n    at Connection.handlePacket (/home/kritan/Documents/Personal Projects/lf_assessment/backend/node_modules/mysql2/lib/base/connection.js:555:34)\n    at PacketParser.onPacket (/home/kritan/Documents/Personal Projects/lf_assessment/backend/node_modules/mysql2/lib/base/connection.js:104:12)\n    at PacketParser.executeStart (/home/kritan/Documents/Personal Projects/lf_assessment/backend/node_modules/mysql2/lib/packet_parser.js:75:16)\n    at Socket.<anonymous> (/home/kritan/Documents/Personal Projects/lf_assessment/backend/node_modules/mysql2/lib/base/connection.js:112:25)\n    at Socket.emit (node:events:509:28)\n    at addChunk (node:internal/streams/readable:563:12)\n    at readableAddChunkPushByteMode (node:internal/streams/readable:514:3)\n    at Socket.Readable.push (node:internal/streams/readable:394:5)","timestamp":"2026-08-23 13:03:57"}
{"level":"info","message":"GET /api/v1/events?page=1&limit=9&search=&timeframe=all&event_type=all&sort_by=date 500 1334 - 11.417 ms","service":"event-planner-api","timestamp":"2026-08-23 13:03:57"}
{"code":"ER_ACCESS_DENIED_ERROR","errno":1045,"level":"error","message":"GET /api/v1/tags - Error: Access denied for user 'eventuser'@'10.89.0.7' (using password: YES)","service":"event-planner-api","sqlMessage":"Access denied for user 'eventuser'@'10.89.0.7' (using password: YES)","sqlState":"28000","stack":"Error: Access denied for user 'eventuser'@'10.89.0.7' (using password: YES)\n    at Packet.asError (/home/kritan/Documents/Personal Projects/lf_assessment/backend/node_modules/mysql2/lib/packets/packet.js:833:17)\n    at ClientHandshake.execute (/home/kritan/Documents/Personal Projects/lf_assessment/backend/node_modules/mysql2/lib/commands/command.js:29:26)\n    at Connection.handlePacket (/home/kritan/Documents/Personal Projects/lf_assessment/backend/node_modules/mysql2/lib/base/connection.js:555:34)\n    at PacketParser.onPacket (/home/kritan/Documents/Personal Projects/lf_assessment/backend/node_modules/mysql2/lib/base/connection.js:104:12)\n    at PacketParser.executeStart (/home/kritan/Documents/Personal Projects/lf_assessment/backend/node_modules/mysql2/lib/packet_parser.js:75:16)\n    at Socket.<anonymous> (/home/kritan/Documents/Personal Projects/lf_assessment/backend/node_modules/mysql2/lib/base/connection.js:112:25)\n    at Socket.emit (node:events:509:28)\n    at addChunk (node:internal/streams/readable:563:12)\n    at readableAddChunkPushByteMode (node:internal/streams/readable:514:3)\n    at Socket.Readable.push (node:internal/streams/readable:394:5)","timestamp":"2026-08-23 13:03:58"}
{"level":"info","message":"GET /api/v1/tags 500 1334 - 10.274 ms","service":"event-planner-api","timestamp":"2026-08-23 13:03:58"}
{"level":"info","message":"GET /api/v1/auth/profile 401 112 - 0.229 ms","service":"event-planner-api","timestamp":"2026-08-23 13:03:58"}
{"code":"ER_ACCESS_DENIED_ERROR","errno":1045,"level":"error","message":"GET /api/v1/events/metrics - Error: Access denied for user 'eventuser'@'10.89.0.7' (using password: YES)","service":"event-planner-api","sqlMessage":"Access denied for user 'eventuser'@'10.89.0.7' (using password: YES)","sqlState":"28000","stack":"Error: Access denied for user 'eventuser'@'10.89.0.7' (using password: YES)\n    at Packet.asError (/home/kritan/Documents/Personal Projects/lf_assessment/backend/node_modules/mysql2/lib/packets/packet.js:833:17)\n    at ClientHandshake.execute (/home/kritan/Documents/Personal Projects/lf_assessment/backend/node_modules/mysql2/lib/commands/command.js:29:26)\n    at Connection.handlePacket (/home/kritan/Documents/Personal Projects/lf_assessment/backend/node_modules/mysql2/lib/base/connection.js:555:34)\n    at PacketParser.onPacket (/home/kritan/Documents/Personal Projects/lf_assessment/backend/node_modules/mysql2/lib/base/connection.js:104:12)\n    at PacketParser.executeStart (/home/kritan/Documents/Personal Projects/lf_assessment/backend/node_modules/mysql2/lib/packet_parser.js:75:16)\n    at Socket.<anonymous> (/home/kritan/Documents/Personal Projects/lf_assessment/backend/node_modules/mysql2/lib/base/connection.js:112:25)\n    at Socket.emit (node:events:509:28)\n    at addChunk (node:internal/streams/readable:563:12)\n    at readableAddChunkPushByteMode (node:internal/streams/readable:514:3)\n    at Socket.Readable.push (node:internal/streams/readable:394:5)","timestamp":"2026-08-23 13:03:58"}
{"level":"info","message":"GET /api/v1/events/metrics 500 1334 - 15.389 ms","service":"event-planner-api","timestamp":"2026-08-23 13:03:58"}
{"code":"ER_ACCESS_DENIED_ERROR","errno":1045,"level":"error","message":"GET /api/v1/events?page=1&limit=9&search=&timeframe=all&event_type=all&sort_by=date - Error: Access denied for user 'eventuser'@'10.89.0.7' (using password: YES)","service":"event-planner-api","sqlMessage":"Access denied for user 'eventuser'@'10.89.0.7' (using password: YES)","sqlState":"28000","stack":"Error: Access denied for user 'eventuser'@'10.89.0.7' (using password: YES)\n    at Packet.asError (/home/kritan/Documents/Personal Projects/lf_assessment/backend/node_modules/mysql2/lib/packets/packet.js:833:17)\n    at ClientHandshake.execute (/home/kritan/Documents/Personal Projects/lf_assessment/backend/node_modules/mysql2/lib/commands/command.js:29:26)\n    at Connection.handlePacket (/home/kritan/Documents/Personal Projects/lf_assessment/backend/node_modules/mysql2/lib/base/connection.js:555:34)\n    at PacketParser.onPacket (/home/kritan/Documents/Personal Projects/lf_assessment/backend/node_modules/mysql2/lib/base/connection.js:104:12)\n    at PacketParser.executeStart (/home/kritan/Documents/Personal Projects/lf_assessment/backend/node_modules/mysql2/lib/packet_parser.js:75:16)\n    at Socket.<anonymous> (/home/kritan/Documents/Personal Projects/lf_assessment/backend/node_modules/mysql2/lib/base/connection.js:112:25)\n    at Socket.emit (node:events:509:28)\n    at addChunk (node:internal/streams/readable:563:12)\n    at readableAddChunkPushByteMode (node:internal/streams/readable:514:3)\n    at Socket.Readable.push (node:internal/streams/readable:394:5)","timestamp":"2026-08-23 13:03:58"}
{"level":"info","message":"GET /api/v1/events?page=1&limit=9&search=&timeframe=all&event_type=all&sort_by=date 500 1334 - 20.832 ms","service":"event-planner-api","timestamp":"2026-08-23 13:03:58"}
{"level":"info","message":"GET /api/v1/auth/profile 401 112 - 0.368 ms","service":"event-planner-api","timestamp":"2026-08-23 13:03:58"}
{"code":"ER_ACCESS_DENIED_ERROR","errno":1045,"level":"error","message":"GET /api/v1/tags - Error: Access denied for user 'eventuser'@'10.89.0.7' (using password: YES)","service":"event-planner-api","sqlMessage":"Access denied for user 'eventuser'@'10.89.0.7' (using password: YES)","sqlState":"28000","stack":"Error: Access denied for user 'eventuser'@'10.89.0.7' (using password: YES)\n    at Packet.asError (/home/kritan/Documents/Personal Projects/lf_assessment/backend/node_modules/mysql2/lib/packets/packet.js:833:17)\n    at ClientHandshake.execute (/home/kritan/Documents/Personal Projects/lf_assessment/backend/node_modules/mysql2/lib/commands/command.js:29:26)\n    at Connection.handlePacket (/home/kritan/Documents/Personal Projects/lf_assessment/backend/node_modules/mysql2/lib/base/connection.js:555:34)\n    at PacketParser.onPacket (/home/kritan/Documents/Personal Projects/lf_assessment/backend/node_modules/mysql2/lib/base/connection.js:104:12)\n    at PacketParser.executeStart (/home/kritan/Documents/Personal Projects/lf_assessment/backend/node_modules/mysql2/lib/packet_parser.js:75:16)\n    at Socket.<anonymous> (/home/kritan/Documents/Personal Projects/lf_assessment/backend/node_modules/mysql2/lib/base/connection.js:112:25)\n    at Socket.emit (node:events:509:28)\n    at addChunk (node:internal/streams/readable:563:12)\n    at readableAddChunkPushByteMode (node:internal/streams/readable:514:3)\n    at Socket.Readable.push (node:internal/streams/readable:394:5)","timestamp":"2026-08-23 13:03:58"}
{"level":"info","message":"GET /api/v1/tags 500 1334 - 20.718 ms","service":"event-planner-api","timestamp":"2026-08-23 13:03:58"}
{"code":"ER_ACCESS_DENIED_ERROR","errno":1045,"level":"error","message":"GET /api/v1/events/metrics - Error: Access denied for user 'eventuser'@'10.89.0.7' (using password: YES)","service":"event-planner-api","sqlMessage":"Access denied for user 'eventuser'@'10.89.0.7' (using password: YES)","sqlState":"28000","stack":"Error: Access denied for user 'eventuser'@'10.89.0.7' (using password: YES)\n    at Packet.asError (/home/kritan/Documents/Personal Projects/lf_assessment/backend/node_modules/mysql2/lib/packets/packet.js:833:17)\n    at ClientHandshake.execute (/home/kritan/Documents/Personal Projects/lf_assessment/backend/node_modules/mysql2/lib/commands/command.js:29:26)\n    at Connection.handlePacket (/home/kritan/Documents/Personal Projects/lf_assessment/backend/node_modules/mysql2/lib/base/connection.js:555:34)\n    at PacketParser.onPacket (/home/kritan/Documents/Personal Projects/lf_assessment/backend/node_modules/mysql2/lib/base/connection.js:104:12)\n    at PacketParser.executeStart (/home/kritan/Documents/Personal Projects/lf_assessment/backend/node_modules/mysql2/lib/packet_parser.js:75:16)\n    at Socket.<anonymous> (/home/kritan/Documents/Personal Projects/lf_assessment/backend/node_modules/mysql2/lib/base/connection.js:112:25)\n    at Socket.emit (node:events:509:28)\n    at addChunk (node:internal/streams/readable:563:12)\n    at readableAddChunkPushByteMode (node:internal/streams/readable:514:3)\n    at Socket.Readable.push (node:internal/streams/readable:394:5)","timestamp":"2026-08-23 13:03:58"}
{"level":"info","message":"GET /api/v1/events/metrics 500 1334 - 21.863 ms","service":"event-planner-api","timestamp":"2026-08-23 13:03:58"}
{"code":"ER_ACCESS_DENIED_ERROR","errno":1045,"level":"error","message":"GET /api/v1/events?page=1&limit=9&search=&timeframe=all&event_type=all&sort_by=date - Error: Access denied for user 'eventuser'@'10.89.0.7' (using password: YES)","service":"event-planner-api","sqlMessage":"Access denied for user 'eventuser'@'10.89.0.7' (using password: YES)","sqlState":"28000","stack":"Error: Access denied for user 'eventuser'@'10.89.0.7' (using password: YES)\n    at Packet.asError (/home/kritan/Documents/Personal Projects/lf_assessment/backend/node_modules/mysql2/lib/packets/packet.js:833:17)\n    at ClientHandshake.execute (/home/kritan/Documents/Personal Projects/lf_assessment/backend/node_modules/mysql2/lib/commands/command.js:29:26)\n    at Connection.handlePacket (/home/kritan/Documents/Personal Projects/lf_assessment/backend/node_modules/mysql2/lib/base/connection.js:555:34)\n    at PacketParser.onPacket (/home/kritan/Documents/Personal Projects/lf_assessment/backend/node_modules/mysql2/lib/base/connection.js:104:12)\n    at PacketParser.executeStart (/home/kritan/Documents/Personal Projects/lf_assessment/backend/node_modules/mysql2/lib/packet_parser.js:75:16)\n    at Socket.<anonymous> (/home/kritan/Documents/Personal Projects/lf_assessment/backend/node_modules/mysql2/lib/base/connection.js:112:25)\n    at Socket.emit (node:events:509:28)\n    at addChunk (node:internal/streams/readable:563:12)\n    at readableAddChunkPushByteMode (node:internal/streams/readable:514:3)\n    at Socket.Readable.push (node:internal/streams/readable:394:5)","timestamp":"2026-08-23 13:03:58"}
{"level":"info","message":"GET /api/v1/events?page=1&limit=9&search=&timeframe=all&event_type=all&sort_by=date 500 1334 - 21.930 ms","service":"event-planner-api","timestamp":"2026-08-23 13:03:58"}
{"code":"ER_ACCESS_DENIED_ERROR","errno":1045,"level":"error","message":"POST /api/v1/auth/refresh-token - Error: Access denied for user 'eventuser'@'10.89.0.7' (using password: YES)","service":"event-planner-api","sqlMessage":"Access denied for user 'eventuser'@'10.89.0.7' (using password: YES)","sqlState":"28000","stack":"Error: Access denied for user 'eventuser'@'10.89.0.7' (using password: YES)\n    at Packet.asError (/home/kritan/Documents/Personal Projects/lf_assessment/backend/node_modules/mysql2/lib/packets/packet.js:833:17)\n    at ClientHandshake.execute (/home/kritan/Documents/Personal Projects/lf_assessment/backend/node_modules/mysql2/lib/commands/command.js:29:26)\n    at Connection.handlePacket (/home/kritan/Documents/Personal Projects/lf_assessment/backend/node_modules/mysql2/lib/base/connection.js:555:34)\n    at PacketParser.onPacket (/home/kritan/Documents/Personal Projects/lf_assessment/backend/node_modules/mysql2/lib/base/connection.js:104:12)\n    at PacketParser.executeStart (/home/kritan/Documents/Personal Projects/lf_assessment/backend/node_modules/mysql2/lib/packet_parser.js:75:16)\n    at Socket.<anonymous> (/home/kritan/Documents/Personal Projects/lf_assessment/backend/node_modules/mysql2/lib/base/connection.js:112:25)\n    at Socket.emit (node:events:509:28)\n    at addChunk (node:internal/streams/readable:563:12)\n    at readableAddChunkPushByteMode (node:internal/streams/readable:514:3)\n    at Socket.Readable.push (node:internal/streams/readable:394:5)","timestamp":"2026-08-23 13:03:59"}
{"level":"info","message":"POST /api/v1/auth/refresh-token 500 1334 - 6.847 ms","service":"event-planner-api","timestamp":"2026-08-23 13:03:59"}
{"code":"ER_ACCESS_DENIED_ERROR","errno":1045,"level":"error","message":"POST /api/v1/auth/login - Error: Access denied for user 'eventuser'@'10.89.0.7' (using password: YES)","service":"event-planner-api","sqlMessage":"Access denied for user 'eventuser'@'10.89.0.7' (using password: YES)","sqlState":"28000","stack":"Error: Access denied for user 'eventuser'@'10.89.0.7' (using password: YES)\n    at Packet.asError (/home/kritan/Documents/Personal Projects/lf_assessment/backend/node_modules/mysql2/lib/packets/packet.js:833:17)\n    at ClientHandshake.execute (/home/kritan/Documents/Personal Projects/lf_assessment/backend/node_modules/mysql2/lib/commands/command.js:29:26)\n    at Connection.handlePacket (/home/kritan/Documents/Personal Projects/lf_assessment/backend/node_modules/mysql2/lib/base/connection.js:555:34)\n    at PacketParser.onPacket (/home/kritan/Documents/Personal Projects/lf_assessment/backend/node_modules/mysql2/lib/base/connection.js:104:12)\n    at PacketParser.executeStart (/home/kritan/Documents/Personal Projects/lf_assessment/backend/node_modules/mysql2/lib/packet_parser.js:75:16)\n    at Socket.<anonymous> (/home/kritan/Documents/Personal Projects/lf_assessment/backend/node_modules/mysql2/lib/base/connection.js:112:25)\n    at Socket.emit (node:events:509:28)\n    at addChunk (node:internal/streams/readable:563:12)\n    at readableAddChunkPushByteMode (node:internal/streams/readable:514:3)\n    at Socket.Readable.push (node:internal/streams/readable:394:5)","timestamp":"2026-08-23 13:04:01"}
{"level":"info","message":"POST /api/v1/auth/login 500 1334 - 17.167 ms","service":"event-planner-api","timestamp":"2026-08-23 13:04:01"}
{"level":"info","message":"Gracefully shutting down server...","service":"event-planner-api","timestamp":"2026-08-23 13:04:11"}
{"level":"info","message":"Starting Event Planning API server in development mode...","service":"event-planner-api","timestamp":"2026-08-23 13:04:16"}
{"code":"ER_ACCESS_DENIED_ERROR","errno":1045,"level":"error","message":"❌ Database connection failed: Access denied for user 'eventuser'@'10.89.0.7' (using password: YES)","service":"event-planner-api","sqlMessage":"Access denied for user 'eventuser'@'10.89.0.7' (using password: YES)","sqlState":"28000","stack":"Error: Access denied for user 'eventuser'@'10.89.0.7' (using password: YES)\n    at Packet.asError (/home/kritan/Documents/Personal Projects/lf_assessment/backend/node_modules/mysql2/lib/packets/packet.js:833:17)\n    at ClientHandshake.execute (/home/kritan/Documents/Personal Projects/lf_assessment/backend/node_modules/mysql2/lib/commands/command.js:29:26)\n    at Connection.handlePacket (/home/kritan/Documents/Personal Projects/lf_assessment/backend/node_modules/mysql2/lib/base/connection.js:555:34)\n    at PacketParser.onPacket (/home/kritan/Documents/Personal Projects/lf_assessment/backend/node_modules/mysql2/lib/base/connection.js:104:12)\n    at PacketParser.executeStart (/home/kritan/Documents/Personal Projects/lf_assessment/backend/node_modules/mysql2/lib/packet_parser.js:75:16)\n    at Socket.<anonymous> (/home/kritan/Documents/Personal Projects/lf_assessment/backend/node_modules/mysql2/lib/base/connection.js:112:25)\n    at Socket.emit (node:events:509:28)\n    at addChunk (node:internal/streams/readable:563:12)\n    at readableAddChunkPushByteMode (node:internal/streams/readable:514:3)\n    at Socket.Readable.push (node:internal/streams/readable:394:5)","timestamp":"2026-08-23 13:04:16"}
{"level":"info","message":"🚀 Server running on http://localhost:5000","service":"event-planner-api","timestamp":"2026-08-23 13:04:16"}
{"level":"info","message":"📚 Swagger API Docs available at http://localhost:5000/api-docs","service":"event-planner-api","timestamp":"2026-08-23 13:04:16"}
{"level":"info","message":"⚡ API endpoints live at http://localhost:5000/api/v1","service":"event-planner-api","timestamp":"2026-08-23 13:04:16"}
{"level":"info","message":"GET /api/v1/auth/profile 401 112 - 3.519 ms","service":"event-planner-api","timestamp":"2026-08-23 13:04:18"}
{"level":"info","message":"GET /api/v1/auth/profile 401 112 - 0.600 ms","service":"event-planner-api","timestamp":"2026-08-23 13:04:18"}
{"code":"ER_ACCESS_DENIED_ERROR","errno":1045,"level":"error","message":"POST /api/v1/auth/refresh-token - Error: Access denied for user 'eventuser'@'10.89.0.7' (using password: YES)","service":"event-planner-api","sqlMessage":"Access denied for user 'eventuser'@'10.89.0.7' (using password: YES)","sqlState":"28000","stack":"Error: Access denied for user 'eventuser'@'10.89.0.7' (using password: YES)\n    at Packet.asError (/home/kritan/Documents/Personal Projects/lf_assessment/backend/node_modules/mysql2/lib/packets/packet.js:833:17)\n    at ClientHandshake.execute (/home/kritan/Documents/Personal Projects/lf_assessment/backend/node_modules/mysql2/lib/commands/command.js:29:26)\n    at Connection.handlePacket (/home/kritan/Documents/Personal Projects/lf_assessment/backend/node_modules/mysql2/lib/base/connection.js:555:34)\n    at PacketParser.onPacket (/home/kritan/Documents/Personal Projects/lf_assessment/backend/node_modules/mysql2/lib/base/connection.js:104:12)\n    at PacketParser.executeStart (/home/kritan/Documents/Personal Projects/lf_assessment/backend/node_modules/mysql2/lib/packet_parser.js:75:16)\n    at Socket.<anonymous> (/home/kritan/Documents/Personal Projects/lf_assessment/backend/node_modules/mysql2/lib/base/connection.js:112:25)\n    at Socket.emit (node:events:509:28)\n    at addChunk (node:internal/streams/readable:563:12)\n    at readableAddChunkPushByteMode (node:internal/streams/readable:514:3)\n    at Socket.Readable.push (node:internal/streams/readable:394:5)","timestamp":"2026-08-23 13:04:18"}
{"level":"info","message":"POST /api/v1/auth/refresh-token 500 1334 - 16.082 ms","service":"event-planner-api","timestamp":"2026-08-23 13:04:18"}
{"level":"info","message":"GET /api/v1/auth/profile 401 112 - 0.453 ms","service":"event-planner-api","timestamp":"2026-08-23 13:04:42"}
{"level":"info","message":"GET /api/v1/auth/profile 401 112 - 0.417 ms","service":"event-planner-api","timestamp":"2026-08-23 13:04:42"}
{"address":"127.0.0.1","code":"ECONNREFUSED","errno":-111,"fatal":true,"level":"error","message":"POST /api/v1/auth/refresh-token - Error: connect ECONNREFUSED 127.0.0.1:3306","port":3306,"service":"event-planner-api","stack":"Error: connect ECONNREFUSED 127.0.0.1:3306\n    at TCPConnectWrap.afterConnect [as oncomplete] (node:net:1706:16)","syscall":"connect","timestamp":"2026-08-23 13:04:42"}
{"level":"info","message":"POST /api/v1/auth/refresh-token 500 223 - 4.589 ms","service":"event-planner-api","timestamp":"2026-08-23 13:04:42"}
{"address":"127.0.0.1","code":"ECONNREFUSED","errno":-111,"fatal":true,"level":"error","message":"POST /api/v1/auth/login - Error: connect ECONNREFUSED 127.0.0.1:3306","port":3306,"service":"event-planner-api","stack":"Error: connect ECONNREFUSED 127.0.0.1:3306\n    at TCPConnectWrap.afterConnect [as oncomplete] (node:net:1706:16)","syscall":"connect","timestamp":"2026-08-23 13:04:43"}
{"level":"info","message":"POST /api/v1/auth/login 500 223 - 3.720 ms","service":"event-planner-api","timestamp":"2026-08-23 13:04:43"}
{"level":"info","message":"Gracefully shutting down server...","service":"event-planner-api","timestamp":"2026-08-23 13:04:45"}
{"level":"info","message":"Starting Event Planning API server in development mode...","service":"event-planner-api","timestamp":"2026-08-23 13:04:48"}
{"address":"127.0.0.1","code":"ECONNREFUSED","errno":-111,"fatal":true,"level":"error","message":"❌ Database connection failed: connect ECONNREFUSED 127.0.0.1:3306","port":3306,"service":"event-planner-api","stack":"Error: connect ECONNREFUSED 127.0.0.1:3306\n    at TCPConnectWrap.afterConnect [as oncomplete] (node:net:1706:16)","syscall":"connect","timestamp":"2026-08-23 13:04:48"}
{"level":"info","message":"🚀 Server running on http://localhost:5000","service":"event-planner-api","timestamp":"2026-08-23 13:04:48"}
{"level":"info","message":"📚 Swagger API Docs available at http://localhost:5000/api-docs","service":"event-planner-api","timestamp":"2026-08-23 13:04:48"}
{"level":"info","message":"⚡ API endpoints live at http://localhost:5000/api/v1","service":"event-planner-api","timestamp":"2026-08-23 13:04:48"}
{"level":"info","message":"GET /api/v1/auth/profile 401 112 - 3.090 ms","service":"event-planner-api","timestamp":"2026-08-23 13:04:50"}
{"level":"info","message":"GET /api/v1/auth/profile 401 112 - 0.699 ms","service":"event-planner-api","timestamp":"2026-08-23 13:04:50"}
{"address":"127.0.0.1","code":"ECONNREFUSED","errno":-111,"fatal":true,"level":"error","message":"POST /api/v1/auth/refresh-token - Error: connect ECONNREFUSED 127.0.0.1:3306","port":3306,"service":"event-planner-api","stack":"Error: connect ECONNREFUSED 127.0.0.1:3306\n    at TCPConnectWrap.afterConnect [as oncomplete] (node:net:1706:16)","syscall":"connect","timestamp":"2026-08-23 13:04:50"}
{"level":"info","message":"POST /api/v1/auth/refresh-token 500 223 - 8.096 ms","service":"event-planner-api","timestamp":"2026-08-23 13:04:50"}
{"level":"info","message":"Gracefully shutting down server...","service":"event-planner-api","timestamp":"2026-08-23 13:04:53"}
{"level":"info","message":"Starting Event Planning API server in development mode...","service":"event-planner-api","timestamp":"2026-08-23 13:05:14"}
{"level":"info","message":"✅ Database connected successfully (mysql2)","service":"event-planner-api","timestamp":"2026-08-23 13:05:14"}
{"level":"info","message":"🚀 Server running on http://localhost:5000","service":"event-planner-api","timestamp":"2026-08-23 13:05:14"}
{"level":"info","message":"📚 Swagger API Docs available at http://localhost:5000/api-docs","service":"event-planner-api","timestamp":"2026-08-23 13:05:14"}
{"level":"info","message":"⚡ API endpoints live at http://localhost:5000/api/v1","service":"event-planner-api","timestamp":"2026-08-23 13:05:14"}
{"level":"info","message":"GET /api/v1/auth/profile 401 112 - 4.358 ms","service":"event-planner-api","timestamp":"2026-08-23 13:05:15"}
{"level":"info","message":"GET /api/v1/auth/profile 401 112 - 0.801 ms","service":"event-planner-api","timestamp":"2026-08-23 13:05:15"}
{"level":"info","message":"POST /api/v1/auth/refresh-token 200 734 - 55.412 ms","service":"event-planner-api","timestamp":"2026-08-23 13:05:15"}
{"level":"info","message":"GET /api/v1/auth/profile 200 277 - 3.863 ms","service":"event-planner-api","timestamp":"2026-08-23 13:05:15"}
{"level":"info","message":"GET /api/v1/auth/profile 304 - - 3.546 ms","service":"event-planner-api","timestamp":"2026-08-23 13:05:15"}
{"level":"info","message":"POST /api/v1/auth/login 200 748 - 151.049 ms","service":"event-planner-api","timestamp":"2026-08-23 13:05:16"}
{"level":"info","message":"GET /api/v1/tags 200 5141 - 21.643 ms","service":"event-planner-api","timestamp":"2026-08-23 13:05:16"}
{"level":"info","message":"GET /api/v1/tags 304 - - 6.511 ms","service":"event-planner-api","timestamp":"2026-08-23 13:05:16"}
{"level":"info","message":"GET /api/v1/events?page=1&limit=9&search=&timeframe=all&event_type=all&sort_by=date 200 11398 - 34.540 ms","service":"event-planner-api","timestamp":"2026-08-23 13:05:16"}
{"level":"info","message":"GET /api/v1/events/metrics 200 143 - 42.681 ms","service":"event-planner-api","timestamp":"2026-08-23 13:05:16"}
{"level":"info","message":"GET /api/v1/events?page=1&limit=9&search=&timeframe=all&event_type=all&sort_by=date 304 - - 17.337 ms","service":"event-planner-api","timestamp":"2026-08-23 13:05:16"}
{"level":"info","message":"GET /api/v1/events/metrics 304 - - 15.534 ms","service":"event-planner-api","timestamp":"2026-08-23 13:05:16"}
{"level":"info","message":"GET /api/v1/events/5 304 - - 18.779 ms","service":"event-planner-api","timestamp":"2026-08-23 13:09:31"}
{"level":"info","message":"GET /api/v1/events/5 304 - - 14.828 ms","service":"event-planner-api","timestamp":"2026-08-23 13:09:31"}
{"level":"info","message":"GET /api/v1/tags 304 - - 5.890 ms","service":"event-planner-api","timestamp":"2026-08-23 13:09:40"}
{"level":"info","message":"GET /api/v1/tags 304 - - 10.696 ms","service":"event-planner-api","timestamp":"2026-08-23 13:09:40"}
{"level":"info","message":"GET /api/v1/events?page=1&limit=9&search=&timeframe=all&event_type=all&sort_by=date 304 - - 31.302 ms","service":"event-planner-api","timestamp":"2026-08-23 13:09:40"}
{"level":"info","message":"GET /api/v1/events/metrics 304 - - 38.087 ms","service":"event-planner-api","timestamp":"2026-08-23 13:09:40"}
{"level":"info","message":"GET /api/v1/events?page=1&limit=9&search=&timeframe=all&event_type=all&sort_by=date 304 - - 19.022 ms","service":"event-planner-api","timestamp":"2026-08-23 13:09:40"}
{"level":"info","message":"GET /api/v1/events/metrics 304 - - 19.271 ms","service":"event-planner-api","timestamp":"2026-08-23 13:09:40"}
{"level":"info","message":"GET /api/v1/events/13 200 959 - 9.393 ms","service":"event-planner-api","timestamp":"2026-08-23 13:09:43"}
{"level":"info","message":"GET /api/v1/events/13 304 - - 11.053 ms","service":"event-planner-api","timestamp":"2026-08-23 13:09:43"}
{"level":"info","message":"GET /api/v1/events/13 304 - - 11.892 ms","service":"event-planner-api","timestamp":"2026-08-23 13:10:01"}
{"level":"info","message":"GET /api/v1/events/13 304 - - 13.307 ms","service":"event-planner-api","timestamp":"2026-08-23 13:10:01"}
{"level":"info","message":"GET /api/v1/tags 304 - - 8.120 ms","service":"event-planner-api","timestamp":"2026-08-23 13:10:21"}
{"level":"info","message":"GET /api/v1/tags 304 - - 10.228 ms","service":"event-planner-api","timestamp":"2026-08-23 13:10:21"}
{"level":"info","message":"GET /api/v1/events/metrics 304 - - 38.126 ms","service":"event-planner-api","timestamp":"2026-08-23 13:10:21"}
{"level":"info","message":"GET /api/v1/events?page=1&limit=9&search=&timeframe=all&event_type=all&sort_by=date 304 - - 35.337 ms","service":"event-planner-api","timestamp":"2026-08-23 13:10:21"}
{"level":"info","message":"GET /api/v1/events/metrics 304 - - 14.177 ms","service":"event-planner-api","timestamp":"2026-08-23 13:10:21"}
{"level":"info","message":"GET /api/v1/events?page=1&limit=9&search=&timeframe=all&event_type=all&sort_by=date 304 - - 16.326 ms","service":"event-planner-api","timestamp":"2026-08-23 13:10:21"}
{"level":"info","message":"GET /api/v1/tags?timeframe=upcoming 200 5141 - 9.071 ms","service":"event-planner-api","timestamp":"2026-08-23 13:10:43"}
{"level":"info","message":"GET /api/v1/events/metrics 304 - - 18.776 ms","service":"event-planner-api","timestamp":"2026-08-23 13:10:43"}
{"level":"info","message":"GET /api/v1/events?page=1&limit=9&search=&timeframe=upcoming&event_type=all&sort_by=date 200 5064 - 19.240 ms","service":"event-planner-api","timestamp":"2026-08-23 13:10:43"}
{"level":"info","message":"GET /api/v1/events/11 304 - - 11.979 ms","service":"event-planner-api","timestamp":"2026-08-23 13:10:49"}
{"level":"info","message":"GET /api/v1/events/11 304 - - 12.729 ms","service":"event-planner-api","timestamp":"2026-08-23 13:10:49"}
{"level":"info","message":"GET /api/v1/tags 304 - - 5.445 ms","service":"event-planner-api","timestamp":"2026-08-23 13:10:51"}
{"level":"info","message":"PUT /api/v1/events/11 200 944 - 34.104 ms","service":"event-planner-api","timestamp":"2026-08-23 13:11:25"}
{"level":"info","message":"GET /api/v1/tags 304 - - 4.448 ms","service":"event-planner-api","timestamp":"2026-08-23 13:11:33"}
{"level":"info","message":"GET /api/v1/tags 304 - - 4.186 ms","service":"event-planner-api","timestamp":"2026-08-23 13:13:55"}
{"level":"info","message":"POST /api/v1/auth/logout 200 98 - 6.911 ms","service":"event-planner-api","timestamp":"2026-08-23 13:15:06"}
{"level":"info","message":"GET /api/v1/tags 200 5141 - 5.708 ms","service":"event-planner-api","timestamp":"2026-08-23 13:15:06"}
{"level":"info","message":"GET /api/v1/tags 304 - - 8.010 ms","service":"event-planner-api","timestamp":"2026-08-23 13:15:06"}
{"level":"info","message":"GET /api/v1/events?page=1&limit=9&search=&timeframe=all&event_type=all&sort_by=date 200 11513 - 30.670 ms","service":"event-planner-api","timestamp":"2026-08-23 13:15:06"}
{"level":"info","message":"GET /api/v1/events/metrics 304 - - 39.294 ms","service":"event-planner-api","timestamp":"2026-08-23 13:15:06"}
{"level":"info","message":"GET /api/v1/events/metrics 304 - - 16.414 ms","service":"event-planner-api","timestamp":"2026-08-23 13:15:06"}
{"level":"info","message":"GET /api/v1/events?page=1&limit=9&search=&timeframe=all&event_type=all&sort_by=date 304 - - 22.583 ms","service":"event-planner-api","timestamp":"2026-08-23 13:15:06"}
{"code":"EMAIL_EXISTS","level":"error","message":"POST /api/v1/auth/register - Error: An account with this email address already exists.","service":"event-planner-api","stack":"Error: An account with this email address already exists.\n    at AuthService.register (/home/kritan/Documents/Personal Projects/lf_assessment/backend/src/services/auth.service.ts:16:26)\n    at processTicksAndRejections (node:internal/process/task_queues:104:5)\n    at register (/home/kritan/Documents/Personal Projects/lf_assessment/backend/src/controllers/auth.controller.ts:9:22)","statusCode":409,"timestamp":"2026-08-23 13:19:10"}
{"code":"INVALID_CREDENTIALS","level":"error","message":"POST /api/v1/auth/login - Error: Invalid email or password.","service":"event-planner-api","stack":"Error: Invalid email or password.\n    at AuthService.login (/home/kritan/Documents/Personal Projects/lf_assessment/backend/src/services/auth.service.ts:77:26)\n    at login (/home/kritan/Documents/Personal Projects/lf_assessment/backend/src/controllers/auth.controller.ts:21:22)","statusCode":401,"timestamp":"2026-08-23 13:19:10"}
{"code":"TOKEN_REUSE_DETECTED","level":"error","message":"POST /api/v1/auth/refresh-token - Error: Suspicious activity detected: Refresh token was already used. All sessions revoked.","service":"event-planner-api","stack":"Error: Suspicious activity detected: Refresh token was already used. All sessions revoked.\n    at AuthService.refreshAccessToken (/home/kritan/Documents/Personal Projects/lf_assessment/backend/src/services/auth.service.ts:152:28)\n    at processTicksAndRejections (node:internal/process/task_queues:104:5)\n    at refreshToken (/home/kritan/Documents/Personal Projects/lf_assessment/backend/src/controllers/auth.controller.ts:38:22)","statusCode":401,"timestamp":"2026-08-23 13:19:10"}
{"code":"FORBIDDEN","level":"error","message":"PUT /api/v1/events/7 - Error: Forbidden: Only the event creator can edit this event.","service":"event-planner-api","stack":"Error: Forbidden: Only the event creator can edit this event.\n    at EventService.updateEvent (/home/kritan/Documents/Personal Projects/lf_assessment/backend/src/services/event.service.ts:461:26)\n    at processTicksAndRejections (node:internal/process/task_queues:104:5)\n    at updateEvent (/home/kritan/Documents/Personal Projects/lf_assessment/backend/src/controllers/event.controller.ts:42:21)","statusCode":403,"timestamp":"2026-08-23 13:19:12"}
{"level":"info","message":"POST /api/v1/auth/login 200 748 - 148.102 ms","service":"event-planner-api","timestamp":"2026-08-23 13:19:45"}
{"level":"info","message":"GET /api/v1/tags 200 5141 - 4.521 ms","service":"event-planner-api","timestamp":"2026-08-23 13:19:45"}
{"level":"info","message":"GET /api/v1/events/metrics 304 - - 11.704 ms","service":"event-planner-api","timestamp":"2026-08-23 13:19:45"}
{"level":"info","message":"GET /api/v1/tags 304 - - 4.653 ms","service":"event-planner-api","timestamp":"2026-08-23 13:19:45"}
{"level":"info","message":"GET /api/v1/events?page=1&limit=9&search=&timeframe=all&event_type=all&sort_by=date 200 11357 - 20.211 ms","service":"event-planner-api","timestamp":"2026-08-23 13:19:45"}
{"level":"info","message":"GET /api/v1/events/metrics 304 - - 11.295 ms","service":"event-planner-api","timestamp":"2026-08-23 13:19:45"}
{"level":"info","message":"GET /api/v1/events?page=1&limit=9&search=&timeframe=all&event_type=all&sort_by=date 304 - - 12.784 ms","service":"event-planner-api","timestamp":"2026-08-23 13:19:45"}
{"level":"info","message":"GET /api/v1/events/5 304 - - 10.015 ms","service":"event-planner-api","timestamp":"2026-08-23 13:19:48"}
{"level":"info","message":"GET /api/v1/events/5 304 - - 10.349 ms","service":"event-planner-api","timestamp":"2026-08-23 13:19:48"}
{"level":"info","message":"GET /api/v1/tags 304 - - 5.210 ms","service":"event-planner-api","timestamp":"2026-08-23 13:19:50"}
{"level":"info","message":"GET /api/v1/tags 304 - - 13.510 ms","service":"event-planner-api","timestamp":"2026-08-23 13:19:50"}
{"level":"info","message":"GET /api/v1/events/metrics 304 - - 49.589 ms","service":"event-planner-api","timestamp":"2026-08-23 13:19:50"}
{"level":"info","message":"GET /api/v1/events?page=1&limit=9&search=&timeframe=all&event_type=all&sort_by=date 304 - - 52.297 ms","service":"event-planner-api","timestamp":"2026-08-23 13:19:51"}
{"level":"info","message":"GET /api/v1/events/metrics 304 - - 24.863 ms","service":"event-planner-api","timestamp":"2026-08-23 13:19:51"}
{"level":"info","message":"GET /api/v1/events?page=1&limit=9&search=&timeframe=all&event_type=all&sort_by=date 304 - - 32.032 ms","service":"event-planner-api","timestamp":"2026-08-23 13:19:51"}
{"level":"info","message":"GET /api/v1/tags 304 - - 2.809 ms","service":"event-planner-api","timestamp":"2026-08-23 13:19:57"}
{"level":"info","message":"PUT /api/v1/events/10 200 938 - 22.504 ms","service":"event-planner-api","timestamp":"2026-08-23 13:21:40"}
{"level":"info","message":"GET /api/v1/tags 304 - - 9.353 ms","service":"event-planner-api","timestamp":"2026-08-23 13:21:40"}
{"level":"info","message":"GET /api/v1/events?page=1&limit=9&search=&timeframe=all&event_type=all&sort_by=date 200 11343 - 29.003 ms","service":"event-planner-api","timestamp":"2026-08-23 13:21:40"}
{"level":"info","message":"GET /api/v1/events/metrics 304 - - 25.336 ms","service":"event-planner-api","timestamp":"2026-08-23 13:21:40"}
{"level":"info","message":"GET /api/v1/events/10 200 948 - 14.798 ms","service":"event-planner-api","timestamp":"2026-08-23 13:25:48"}
{"level":"info","message":"GET /api/v1/events/10 304 - - 13.565 ms","service":"event-planner-api","timestamp":"2026-08-23 13:25:48"}
{"level":"info","message":"GET /api/v1/tags 304 - - 7.734 ms","service":"event-planner-api","timestamp":"2026-08-23 13:26:00"}
{"level":"info","message":"GET /api/v1/tags 304 - - 11.778 ms","service":"event-planner-api","timestamp":"2026-08-23 13:26:00"}
{"level":"info","message":"GET /api/v1/events/metrics 304 - - 35.147 ms","service":"event-planner-api","timestamp":"2026-08-23 13:26:00"}
{"level":"info","message":"GET /api/v1/events?page=1&limit=9&search=&timeframe=all&event_type=all&sort_by=date 304 - - 40.492 ms","service":"event-planner-api","timestamp":"2026-08-23 13:26:00"}
{"level":"info","message":"GET /api/v1/events/metrics 304 - - 22.634 ms","service":"event-planner-api","timestamp":"2026-08-23 13:26:00"}
{"level":"info","message":"GET /api/v1/events?page=1&limit=9&search=&timeframe=all&event_type=all&sort_by=date 304 - - 19.136 ms","service":"event-planner-api","timestamp":"2026-08-23 13:26:00"}
{"level":"info","message":"GET /api/v1/tags 304 - - 3.089 ms","service":"event-planner-api","timestamp":"2026-08-23 13:26:01"}
{"level":"info","message":"GET /api/v1/tags 304 - - 3.027 ms","service":"event-planner-api","timestamp":"2026-08-23 13:26:01"}
{"level":"info","message":"Starting Event Planning API server in development mode...","service":"event-planner-api","timestamp":"2026-08-23 18:37:19"}
{"level":"info","message":"✅ Database connected successfully (mysql2)","service":"event-planner-api","timestamp":"2026-08-23 18:37:19"}
{"level":"info","message":"🚀 Server running on http://localhost:5000","service":"event-planner-api","timestamp":"2026-08-23 18:37:19"}
{"level":"info","message":"📚 Swagger API Docs available at http://localhost:5000/api-docs","service":"event-planner-api","timestamp":"2026-08-23 18:37:19"}
{"level":"info","message":"⚡ API endpoints live at http://localhost:5000/api/v1","service":"event-planner-api","timestamp":"2026-08-23 18:37:19"}
{"level":"info","message":"Starting Event Planning API server in development mode...","service":"event-planner-api","timestamp":"2026-08-23 18:39:28"}
{"level":"info","message":"✅ Database connected successfully (mysql2)","service":"event-planner-api","timestamp":"2026-08-23 18:39:28"}
{"level":"info","message":"🚀 Server running on http://localhost:5000","service":"event-planner-api","timestamp":"2026-08-23 18:39:28"}
{"level":"info","message":"📚 Swagger API Docs available at http://localhost:5000/api-docs","service":"event-planner-api","timestamp":"2026-08-23 18:39:28"}
{"level":"info","message":"⚡ API endpoints live at http://localhost:5000/api/v1","service":"event-planner-api","timestamp":"2026-08-23 18:39:28"}
{"level":"info","message":"GET /api/v1/auth/profile 401 112 - 2.604 ms","service":"event-planner-api","timestamp":"2026-08-23 18:39:29"}
{"level":"info","message":"GET /api/v1/tags 200 5141 - 42.277 ms","service":"event-planner-api","timestamp":"2026-08-23 18:39:29"}
{"level":"info","message":"GET /api/v1/tags 200 5141 - 17.317 ms","service":"event-planner-api","timestamp":"2026-08-23 18:39:29"}
{"level":"info","message":"GET /api/v1/auth/profile 401 112 - 0.355 ms","service":"event-planner-api","timestamp":"2026-08-23 18:39:29"}
{"level":"info","message":"GET /api/v1/events/metrics 200 143 - 86.824 ms","service":"event-planner-api","timestamp":"2026-08-23 18:39:29"}
{"level":"info","message":"GET /api/v1/events?page=1&limit=9&search=&timeframe=all&event_type=all&sort_by=date 200 11499 - 53.699 ms","service":"event-planner-api","timestamp":"2026-08-23 18:39:29"}
{"level":"info","message":"GET /api/v1/events/metrics 200 143 - 64.666 ms","service":"event-planner-api","timestamp":"2026-08-23 18:39:29"}
{"level":"info","message":"GET /api/v1/events?page=1&limit=9&search=&timeframe=all&event_type=all&sort_by=date 200 11499 - 94.043 ms","service":"event-planner-api","timestamp":"2026-08-23 18:39:29"}
{"level":"info","message":"POST /api/v1/auth/refresh-token 200 734 - 44.240 ms","service":"event-planner-api","timestamp":"2026-08-23 18:39:29"}
{"level":"info","message":"GET /api/v1/auth/profile 200 277 - 3.999 ms","service":"event-planner-api","timestamp":"2026-08-23 18:39:30"}
{"level":"info","message":"GET /api/v1/auth/profile 200 277 - 4.083 ms","service":"event-planner-api","timestamp":"2026-08-23 18:39:30"}
{"level":"info","message":"GET /api/v1/tags 200 5141 - 5.167 ms","service":"event-planner-api","timestamp":"2026-08-23 18:39:30"}
{"level":"info","message":"GET /api/v1/events/metrics 200 143 - 10.828 ms","service":"event-planner-api","timestamp":"2026-08-23 18:39:30"}
{"level":"info","message":"GET /api/v1/events?page=1&limit=9&search=&timeframe=all&event_type=all&sort_by=date 200 11343 - 13.636 ms","service":"event-planner-api","timestamp":"2026-08-23 18:39:30"}
{"level":"info","message":"GET /api/v1/tags 304 - - 9.959 ms","service":"event-planner-api","timestamp":"2026-08-23 18:42:37"}
{"level":"info","message":"GET /api/v1/auth/profile 304 - - 4.014 ms","service":"event-planner-api","timestamp":"2026-08-23 18:42:37"}
{"level":"info","message":"GET /api/v1/events/metrics 304 - - 28.458 ms","service":"event-planner-api","timestamp":"2026-08-23 18:42:37"}
{"level":"info","message":"GET /api/v1/tags 304 - - 10.548 ms","service":"event-planner-api","timestamp":"2026-08-23 18:42:37"}
{"level":"info","message":"GET /api/v1/auth/profile 304 - - 9.623 ms","service":"event-planner-api","timestamp":"2026-08-23 18:42:37"}
{"level":"info","message":"GET /api/v1/events?page=1&limit=9&search=&timeframe=all&event_type=all&sort_by=date 304 - - 35.153 ms","service":"event-planner-api","timestamp":"2026-08-23 18:42:37"}
{"level":"info","message":"GET /api/v1/tags 304 - - 5.919 ms","service":"event-planner-api","timestamp":"2026-08-23 18:42:37"}
{"level":"info","message":"GET /api/v1/events/metrics 304 - - 14.499 ms","service":"event-planner-api","timestamp":"2026-08-23 18:42:37"}
{"level":"info","message":"GET /api/v1/events?page=1&limit=9&search=&timeframe=all&event_type=all&sort_by=date 304 - - 13.439 ms","service":"event-planner-api","timestamp":"2026-08-23 18:42:37"}
{"level":"info","message":"GET /api/v1/events/metrics 304 - - 9.256 ms","service":"event-planner-api","timestamp":"2026-08-23 18:42:37"}
{"level":"info","message":"GET /api/v1/events?page=1&limit=9&search=&timeframe=all&event_type=all&sort_by=date 304 - - 12.934 ms","service":"event-planner-api","timestamp":"2026-08-23 18:42:37"}
{"level":"info","message":"GET /api/v1/tags 304 - - 4.367 ms","service":"event-planner-api","timestamp":"2026-08-23 18:42:38"}
{"level":"info","message":"GET /api/v1/events/metrics 304 - - 11.402 ms","service":"event-planner-api","timestamp":"2026-08-23 18:42:38"}
{"level":"info","message":"GET /api/v1/events?page=1&limit=9&search=&timeframe=all&event_type=all&sort_by=date 304 - - 14.168 ms","service":"event-planner-api","timestamp":"2026-08-23 18:42:38"}
{"level":"info","message":"GET /api/v1/tags 304 - - 4.737 ms","service":"event-planner-api","timestamp":"2026-08-23 18:42:50"}
{"level":"info","message":"GET /api/v1/events?page=1&limit=9&search=&timeframe=all&event_type=all&sort_by=date 304 - - 15.789 ms","service":"event-planner-api","timestamp":"2026-08-23 18:42:50"}
{"level":"info","message":"GET /api/v1/events/metrics 304 - - 23.442 ms","service":"event-planner-api","timestamp":"2026-08-23 18:42:50"}
{"level":"info","message":"GET /api/v1/auth/profile 304 - - 7.009 ms","service":"event-planner-api","timestamp":"2026-08-23 18:42:50"}
{"level":"info","message":"GET /api/v1/tags 304 - - 4.779 ms","service":"event-planner-api","timestamp":"2026-08-23 18:42:50"}
{"level":"info","message":"GET /api/v1/auth/profile 304 - - 4.324 ms","service":"event-planner-api","timestamp":"2026-08-23 18:42:50"}
{"level":"info","message":"GET /api/v1/events/metrics 304 - - 12.172 ms","service":"event-planner-api","timestamp":"2026-08-23 18:42:50"}
{"level":"info","message":"GET /api/v1/events?page=1&limit=9&search=&timeframe=all&event_type=all&sort_by=date 304 - - 20.329 ms","service":"event-planner-api","timestamp":"2026-08-23 18:42:50"}
{"level":"info","message":"GET /api/v1/tags 304 - - 4.534 ms","service":"event-planner-api","timestamp":"2026-08-23 18:42:50"}
{"level":"info","message":"GET /api/v1/events/metrics 304 - - 13.450 ms","service":"event-planner-api","timestamp":"2026-08-23 18:42:50"}
{"level":"info","message":"GET /api/v1/events?page=1&limit=9&search=&timeframe=all&event_type=all&sort_by=date 304 - - 15.396 ms","service":"event-planner-api","timestamp":"2026-08-23 18:42:50"}
{"level":"info","message":"Gracefully shutting down server...","service":"event-planner-api","timestamp":"2026-08-23 19:03:43"}
{"level":"info","message":"Starting Event Planning API server in development mode...","service":"event-planner-api","timestamp":"2026-08-23 19:03:44"}
{"level":"info","message":"✅ Database connected successfully (mysql2)","service":"event-planner-api","timestamp":"2026-08-23 19:03:44"}
{"level":"info","message":"🚀 Server running on http://localhost:5000","service":"event-planner-api","timestamp":"2026-08-23 19:03:44"}
{"level":"info","message":"📚 Swagger API Docs available at http://localhost:5000/api-docs","service":"event-planner-api","timestamp":"2026-08-23 19:03:44"}
{"level":"info","message":"⚡ API endpoints live at http://localhost:5000/api/v1","service":"event-planner-api","timestamp":"2026-08-23 19:03:44"}
{"level":"info","message":"Gracefully shutting down server...","service":"event-planner-api","timestamp":"2026-08-23 19:04:10"}
{"level":"info","message":"Starting Event Planning API server in development mode...","service":"event-planner-api","timestamp":"2026-08-23 19:04:10"}
{"level":"info","message":"✅ Database connected successfully (mysql2)","service":"event-planner-api","timestamp":"2026-08-23 19:04:10"}
{"level":"info","message":"🚀 Server running on http://localhost:5000","service":"event-planner-api","timestamp":"2026-08-23 19:04:10"}
{"level":"info","message":"📚 Swagger API Docs available at http://localhost:5000/api-docs","service":"event-planner-api","timestamp":"2026-08-23 19:04:10"}
{"level":"info","message":"⚡ API endpoints live at http://localhost:5000/api/v1","service":"event-planner-api","timestamp":"2026-08-23 19:04:10"}
{"level":"info","message":"Gracefully shutting down server...","service":"event-planner-api","timestamp":"2026-08-23 19:04:46"}
{"level":"info","message":"Starting Event Planning API server in development mode...","service":"event-planner-api","timestamp":"2026-08-23 19:04:46"}
{"level":"info","message":"✅ Database connected successfully (mysql2)","service":"event-planner-api","timestamp":"2026-08-23 19:04:46"}
{"level":"info","message":"🚀 Server running on http://localhost:5000","service":"event-planner-api","timestamp":"2026-08-23 19:04:46"}
{"level":"info","message":"📚 Swagger API Docs available at http://localhost:5000/api-docs","service":"event-planner-api","timestamp":"2026-08-23 19:04:46"}
{"level":"info","message":"⚡ API endpoints live at http://localhost:5000/api/v1","service":"event-planner-api","timestamp":"2026-08-23 19:04:46"}
{"code":"FORBIDDEN","level":"error","message":"PUT /api/v1/events/7 - Error: Forbidden: Only the event creator can edit this event.","service":"event-planner-api","stack":"Error: Forbidden: Only the event creator can edit this event.\n    at EventService.updateEvent (/home/kritan/Documents/Personal Projects/lf_assessment/backend/src/services/event.service.ts:461:26)\n    at processTicksAndRejections (node:internal/process/task_queues:104:5)\n    at updateEvent (/home/kritan/Documents/Personal Projects/lf_assessment/backend/src/controllers/event.controller.ts:42:21)","statusCode":403,"timestamp":"2026-08-23 19:06:10"}
{"level":"error","message":"PUT /api/v1/tags/8 - Error: Tag with name \"anotheruniquetag\" already exists","service":"event-planner-api","stack":"Error: Tag with name \"anotheruniquetag\" already exists\n    at TagService.updateTag (/home/kritan/Documents/Personal Projects/lf_assessment/backend/src/services/tag.service.ts:191:23)\n    at processTicksAndRejections (node:internal/process/task_queues:104:5)\n    at updateTag (/home/kritan/Documents/Personal Projects/lf_assessment/backend/src/controllers/tag.controller.ts:52:26)","statusCode":409,"timestamp":"2026-08-23 19:06:11"}
{"level":"error","message":"GET /api/v1/tags/8/usage - Error: Tag not found","service":"event-planner-api","stack":"Error: Tag not found\n    at TagService.getTagUsage (/home/kritan/Documents/Personal Projects/lf_assessment/backend/src/services/tag.service.ts:119:21)\n    at processTicksAndRejections (node:internal/process/task_queues:104:5)\n    at getTagUsage (/home/kritan/Documents/Personal Projects/lf_assessment/backend/src/controllers/tag.controller.ts:38:21)","statusCode":404,"timestamp":"2026-08-23 19:06:11"}
{"code":"EMAIL_EXISTS","level":"error","message":"POST /api/v1/auth/register - Error: An account with this email address already exists.","service":"event-planner-api","stack":"Error: An account with this email address already exists.\n    at AuthService.register (/home/kritan/Documents/Personal Projects/lf_assessment/backend/src/services/auth.service.ts:16:26)\n    at processTicksAndRejections (node:internal/process/task_queues:104:5)\n    at register (/home/kritan/Documents/Personal Projects/lf_assessment/backend/src/controllers/auth.controller.ts:9:22)","statusCode":409,"timestamp":"2026-08-23 19:06:12"}
{"code":"INVALID_CREDENTIALS","level":"error","message":"POST /api/v1/auth/login - Error: Invalid email or password.","service":"event-planner-api","stack":"Error: Invalid email or password.\n    at AuthService.login (/home/kritan/Documents/Personal Projects/lf_assessment/backend/src/services/auth.service.ts:77:26)\n    at login (/home/kritan/Documents/Personal Projects/lf_assessment/backend/src/controllers/auth.controller.ts:21:22)","statusCode":401,"timestamp":"2026-08-23 19:06:12"}
{"code":"TOKEN_REUSE_DETECTED","level":"error","message":"POST /api/v1/auth/refresh-token - Error: Suspicious activity detected: Refresh token was already used. All sessions revoked.","service":"event-planner-api","stack":"Error: Suspicious activity detected: Refresh token was already used. All sessions revoked.\n    at AuthService.refreshAccessToken (/home/kritan/Documents/Personal Projects/lf_assessment/backend/src/services/auth.service.ts:152:28)\n    at processTicksAndRejections (node:internal/process/task_queues:104:5)\n    at refreshToken (/home/kritan/Documents/Personal Projects/lf_assessment/backend/src/controllers/auth.controller.ts:38:22)","statusCode":401,"timestamp":"2026-08-23 19:06:12"}
{"level":"info","message":"GET /api/v1/tags 200 5141 - 22.309 ms","service":"event-planner-api","timestamp":"2026-08-23 19:06:33"}
{"level":"info","message":"GET /api/v1/auth/profile 401 112 - 0.889 ms","service":"event-planner-api","timestamp":"2026-08-23 19:06:33"}
{"level":"info","message":"GET /api/v1/tags 304 - - 10.788 ms","service":"event-planner-api","timestamp":"2026-08-23 19:06:33"}
{"level":"info","message":"GET /api/v1/auth/profile 401 112 - 0.537 ms","service":"event-planner-api","timestamp":"2026-08-23 19:06:33"}
{"level":"info","message":"GET /api/v1/events?page=1&limit=9&search=&timeframe=all&event_type=all&sort_by=date 200 11499 - 47.883 ms","service":"event-planner-api","timestamp":"2026-08-23 19:06:33"}
{"level":"info","message":"GET /api/v1/events/metrics 304 - - 72.128 ms","service":"event-planner-api","timestamp":"2026-08-23 19:06:33"}
{"level":"info","message":"GET /api/v1/events?page=1&limit=9&search=&timeframe=all&event_type=all&sort_by=date 304 - - 18.969 ms","service":"event-planner-api","timestamp":"2026-08-23 19:06:33"}
{"level":"info","message":"GET /api/v1/events/metrics 304 - - 18.897 ms","service":"event-planner-api","timestamp":"2026-08-23 19:06:33"}
{"level":"info","message":"POST /api/v1/auth/refresh-token 200 734 - 30.177 ms","service":"event-planner-api","timestamp":"2026-08-23 19:06:33"}
{"level":"info","message":"GET /api/v1/auth/profile 304 - - 5.742 ms","service":"event-planner-api","timestamp":"2026-08-23 19:06:33"}
{"level":"info","message":"GET /api/v1/auth/profile 304 - - 3.549 ms","service":"event-planner-api","timestamp":"2026-08-23 19:06:33"}
{"level":"info","message":"GET /api/v1/tags 200 5141 - 9.058 ms","service":"event-planner-api","timestamp":"2026-08-23 19:06:33"}
{"level":"info","message":"GET /api/v1/events/metrics 304 - - 22.426 ms","service":"event-planner-api","timestamp":"2026-08-23 19:06:33"}
{"level":"info","message":"GET /api/v1/events?page=1&limit=9&search=&timeframe=all&event_type=all&sort_by=date 200 11343 - 28.478 ms","service":"event-planner-api","timestamp":"2026-08-23 19:06:33"}
{"level":"info","message":"GET /api/v1/tags 304 - - 6.720 ms","service":"event-planner-api","timestamp":"2026-08-23 19:06:33"}
{"level":"info","message":"GET /api/v1/events/metrics 304 - - 14.828 ms","service":"event-planner-api","timestamp":"2026-08-23 19:06:33"}
{"level":"info","message":"GET /api/v1/events?page=1&limit=9&search=&timeframe=all&event_type=all&sort_by=date 304 - - 19.973 ms","service":"event-planner-api","timestamp":"2026-08-23 19:06:33"}
{"level":"info","message":"GET /api/v1/tags 304 - - 5.601 ms","service":"event-planner-api","timestamp":"2026-08-23 19:06:45"}
{"level":"info","message":"GET /api/v1/events/metrics 304 - - 21.571 ms","service":"event-planner-api","timestamp":"2026-08-23 19:06:45"}
{"level":"info","message":"GET /api/v1/events?page=1&limit=9&search=&timeframe=all&event_type=all&sort_by=date 304 - - 19.111 ms","service":"event-planner-api","timestamp":"2026-08-23 19:06:45"}
{"level":"info","message":"GET /api/v1/tags 304 - - 7.820 ms","service":"event-planner-api","timestamp":"2026-08-23 19:10:31"}
{"level":"info","message":"GET /api/v1/tags 304 - - 11.714 ms","service":"event-planner-api","timestamp":"2026-08-23 19:10:31"}
{"level":"info","message":"GET /api/v1/events/metrics 304 - - 42.415 ms","service":"event-planner-api","timestamp":"2026-08-23 19:10:31"}
{"level":"info","message":"GET /api/v1/events?page=1&limit=9&search=&timeframe=all&event_type=all&sort_by=date 304 - - 39.157 ms","service":"event-planner-api","timestamp":"2026-08-23 19:10:31"}
{"level":"info","message":"GET /api/v1/events/metrics 304 - - 16.315 ms","service":"event-planner-api","timestamp":"2026-08-23 19:10:31"}
{"level":"info","message":"GET /api/v1/events?page=1&limit=9&search=&timeframe=all&event_type=all&sort_by=date 304 - - 18.674 ms","service":"event-planner-api","timestamp":"2026-08-23 19:10:31"}
{"level":"info","message":"GET /api/v1/tags 304 - - 6.718 ms","service":"event-planner-api","timestamp":"2026-08-23 19:10:49"}
{"level":"info","message":"GET /api/v1/events/metrics 304 - - 15.374 ms","service":"event-planner-api","timestamp":"2026-08-23 19:10:49"}
{"level":"info","message":"GET /api/v1/events?page=1&limit=9&search=&timeframe=all&event_type=all&sort_by=date 304 - - 17.244 ms","service":"event-planner-api","timestamp":"2026-08-23 19:10:49"}
{"level":"info","message":"GET /api/v1/tags 304 - - 6.356 ms","service":"event-planner-api","timestamp":"2026-08-23 19:11:30"}
{"level":"info","message":"GET /api/v1/events/metrics 304 - - 13.623 ms","service":"event-planner-api","timestamp":"2026-08-23 19:11:30"}
{"level":"info","message":"GET /api/v1/events?page=1&limit=9&search=&timeframe=all&event_type=all&sort_by=date 304 - - 15.437 ms","service":"event-planner-api","timestamp":"2026-08-23 19:11:30"}
{"level":"info","message":"GET /api/v1/tags 304 - - 6.721 ms","service":"event-planner-api","timestamp":"2026-08-23 19:11:37"}
{"level":"info","message":"GET /api/v1/events/metrics 304 - - 20.328 ms","service":"event-planner-api","timestamp":"2026-08-23 19:11:37"}
{"level":"info","message":"GET /api/v1/events?page=1&limit=9&search=&timeframe=all&event_type=all&sort_by=date 304 - - 22.526 ms","service":"event-planner-api","timestamp":"2026-08-23 19:11:37"}
{"level":"info","message":"GET /api/v1/tags 304 - - 10.584 ms","service":"event-planner-api","timestamp":"2026-08-23 19:13:07"}
{"level":"info","message":"GET /api/v1/auth/profile 304 - - 5.520 ms","service":"event-planner-api","timestamp":"2026-08-23 19:13:07"}
{"level":"info","message":"GET /api/v1/events?page=1&limit=9&search=&timeframe=all&event_type=all&sort_by=date 304 - - 25.172 ms","service":"event-planner-api","timestamp":"2026-08-23 19:13:07"}
{"level":"info","message":"GET /api/v1/tags 304 - - 7.055 ms","service":"event-planner-api","timestamp":"2026-08-23 19:13:07"}
{"level":"info","message":"GET /api/v1/events/metrics 304 - - 32.816 ms","service":"event-planner-api","timestamp":"2026-08-23 19:13:07"}
{"level":"info","message":"GET /api/v1/auth/profile 304 - - 5.728 ms","service":"event-planner-api","timestamp":"2026-08-23 19:13:07"}
{"level":"info","message":"GET /api/v1/events?page=1&limit=9&search=&timeframe=all&event_type=all&sort_by=date 304 - - 17.589 ms","service":"event-planner-api","timestamp":"2026-08-23 19:13:07"}
{"level":"info","message":"GET /api/v1/events/metrics 304 - - 11.869 ms","service":"event-planner-api","timestamp":"2026-08-23 19:13:07"}
{"level":"info","message":"GET /api/v1/tags 304 - - 6.795 ms","service":"event-planner-api","timestamp":"2026-08-23 19:13:08"}
{"level":"info","message":"GET /api/v1/events/metrics 304 - - 14.870 ms","service":"event-planner-api","timestamp":"2026-08-23 19:13:08"}
{"level":"info","message":"GET /api/v1/events?page=1&limit=9&search=&timeframe=all&event_type=all&sort_by=date 304 - - 18.839 ms","service":"event-planner-api","timestamp":"2026-08-23 19:13:08"}
{"level":"info","message":"GET /api/v1/tags 200 5141 - 4.333 ms","service":"event-planner-api","timestamp":"2026-08-23 19:15:15"}
{"level":"info","message":"GET /api/v1/events/metrics 200 143 - 15.664 ms","service":"event-planner-api","timestamp":"2026-08-23 19:15:15"}
{"level":"info","message":"GET /api/v1/events?page=1&limit=9&search=&timeframe=all&event_type=all&sort_by=date 200 11343 - 27.008 ms","service":"event-planner-api","timestamp":"2026-08-23 19:15:15"}
{"level":"info","message":"GET /api/v1/tags 200 5141 - 10.192 ms","service":"event-planner-api","timestamp":"2026-08-23 19:15:15"}
{"level":"info","message":"GET /api/v1/auth/profile 200 277 - 5.517 ms","service":"event-planner-api","timestamp":"2026-08-23 19:15:15"}
{"level":"info","message":"GET /api/v1/auth/profile 200 277 - 6.549 ms","service":"event-planner-api","timestamp":"2026-08-23 19:15:15"}
{"level":"info","message":"GET /api/v1/events/metrics 200 143 - 26.652 ms","service":"event-planner-api","timestamp":"2026-08-23 19:15:15"}
{"level":"info","message":"GET /api/v1/events?page=1&limit=9&search=&timeframe=all&event_type=all&sort_by=date 200 11343 - 29.527 ms","service":"event-planner-api","timestamp":"2026-08-23 19:15:15"}
{"level":"info","message":"GET /api/v1/tags 200 5141 - 4.309 ms","service":"event-planner-api","timestamp":"2026-08-23 19:15:15"}
{"level":"info","message":"GET /api/v1/events/metrics 200 143 - 8.292 ms","service":"event-planner-api","timestamp":"2026-08-23 19:15:15"}
{"level":"info","message":"GET /api/v1/events?page=1&limit=9&search=&timeframe=all&event_type=all&sort_by=date 200 11343 - 14.571 ms","service":"event-planner-api","timestamp":"2026-08-23 19:15:15"}
{"level":"info","message":"GET /api/v1/events/5 200 1006 - 14.871 ms","service":"event-planner-api","timestamp":"2026-08-23 19:15:19"}
{"level":"info","message":"GET /api/v1/events/5 200 1006 - 12.924 ms","service":"event-planner-api","timestamp":"2026-08-23 19:15:19"}
{"level":"info","message":"GET /api/v1/tags 304 - - 7.056 ms","service":"event-planner-api","timestamp":"2026-08-23 19:15:24"}
{"level":"info","message":"GET /api/v1/events/metrics 304 - - 17.841 ms","service":"event-planner-api","timestamp":"2026-08-23 19:15:24"}
{"level":"info","message":"GET /api/v1/tags 304 - - 8.562 ms","service":"event-planner-api","timestamp":"2026-08-23 19:15:24"}
{"level":"info","message":"GET /api/v1/events?page=1&limit=9&search=&timeframe=all&event_type=all&sort_by=date 304 - - 28.037 ms","service":"event-planner-api","timestamp":"2026-08-23 19:15:24"}
{"level":"info","message":"GET /api/v1/events/metrics 304 - - 18.962 ms","service":"event-planner-api","timestamp":"2026-08-23 19:15:24"}
{"level":"info","message":"GET /api/v1/events?page=1&limit=9&search=&timeframe=all&event_type=all&sort_by=date 304 - - 16.228 ms","service":"event-planner-api","timestamp":"2026-08-23 19:15:24"}
{"level":"info","message":"GET /api/v1/events/5 304 - - 9.136 ms","service":"event-planner-api","timestamp":"2026-08-23 19:15:37"}
{"level":"info","message":"GET /api/v1/events/5 304 - - 10.406 ms","service":"event-planner-api","timestamp":"2026-08-23 19:15:37"}
{"level":"info","message":"GET /api/v1/tags 304 - - 6.450 ms","service":"event-planner-api","timestamp":"2026-08-23 19:15:51"}
{"level":"info","message":"GET /api/v1/events/metrics 304 - - 20.080 ms","service":"event-planner-api","timestamp":"2026-08-23 19:15:51"}
{"level":"info","message":"GET /api/v1/tags 304 - - 6.522 ms","service":"event-planner-api","timestamp":"2026-08-23 19:15:51"}
{"level":"info","message":"GET /api/v1/events?page=1&limit=9&search=&timeframe=all&event_type=all&sort_by=date 304 - - 24.643 ms","service":"event-planner-api","timestamp":"2026-08-23 19:15:51"}
{"level":"info","message":"GET /api/v1/events/metrics 304 - - 11.716 ms","service":"event-planner-api","timestamp":"2026-08-23 19:15:51"}
{"level":"info","message":"GET /api/v1/events?page=1&limit=9&search=&timeframe=all&event_type=all&sort_by=date 304 - - 13.850 ms","service":"event-planner-api","timestamp":"2026-08-23 19:15:51"}
{"level":"info","message":"GET /api/v1/auth/profile 304 - - 2.024 ms","service":"event-planner-api","timestamp":"2026-08-23 19:16:29"}
{"level":"info","message":"GET /api/v1/auth/profile 304 - - 2.193 ms","service":"event-planner-api","timestamp":"2026-08-23 19:16:29"}
{"level":"info","message":"GET /api/v1/auth/profile 304 - - 2.531 ms","service":"event-planner-api","timestamp":"2026-08-23 19:17:14"}
{"level":"info","message":"GET /api/v1/auth/profile 304 - - 2.408 ms","service":"event-planner-api","timestamp":"2026-08-23 19:17:14"}
{"level":"info","message":"GET /api/v1/auth/profile 200 277 - 2.619 ms","service":"event-planner-api","timestamp":"2026-08-23 19:17:25"}
{"level":"info","message":"GET /api/v1/auth/profile 200 277 - 2.654 ms","service":"event-planner-api","timestamp":"2026-08-23 19:17:25"}
{"level":"info","message":"GET /api/v1/tags 304 - - 7.020 ms","service":"event-planner-api","timestamp":"2026-08-23 19:17:26"}
{"level":"info","message":"GET /api/v1/tags 304 - - 4.309 ms","service":"event-planner-api","timestamp":"2026-08-23 19:17:26"}
{"level":"info","message":"GET /api/v1/events/metrics 304 - - 24.167 ms","service":"event-planner-api","timestamp":"2026-08-23 19:17:26"}
{"level":"info","message":"GET /api/v1/events?page=1&limit=9&search=&timeframe=all&event_type=all&sort_by=date 304 - - 25.606 ms","service":"event-planner-api","timestamp":"2026-08-23 19:17:26"}
{"level":"info","message":"GET /api/v1/events/metrics 304 - - 9.244 ms","service":"event-planner-api","timestamp":"2026-08-23 19:17:26"}
{"level":"info","message":"GET /api/v1/events?page=1&limit=9&search=&timeframe=all&event_type=all&sort_by=date 304 - - 10.276 ms","service":"event-planner-api","timestamp":"2026-08-23 19:17:26"}
{"level":"info","message":"GET /api/v1/events/9 200 4706 - 3.860 ms","service":"event-planner-api","timestamp":"2026-08-23 19:26:29"}
{"level":"info","message":"GET /api/v1/events/9 304 - - 6.377 ms","service":"event-planner-api","timestamp":"2026-08-23 19:26:29"}
{"level":"info","message":"GET /api/v1/tags 200 5141 - 4.509 ms","service":"event-planner-api","timestamp":"2026-08-23 19:28:57"}
{"level":"info","message":"GET /api/v1/tags 304 - - 6.767 ms","service":"event-planner-api","timestamp":"2026-08-23 19:28:57"}
{"level":"info","message":"GET /api/v1/events?page=1&limit=9&search=&timeframe=all&event_type=all&sort_by=date 200 11499 - 18.454 ms","service":"event-planner-api","timestamp":"2026-08-23 19:28:57"}
{"level":"info","message":"GET /api/v1/events/metrics 304 - - 24.934 ms","service":"event-planner-api","timestamp":"2026-08-23 19:28:57"}
{"level":"info","message":"GET /api/v1/events?page=1&limit=9&search=&timeframe=all&event_type=all&sort_by=date 304 - - 11.864 ms","service":"event-planner-api","timestamp":"2026-08-23 19:28:57"}
{"level":"info","message":"GET /api/v1/events/metrics 304 - - 11.705 ms","service":"event-planner-api","timestamp":"2026-08-23 19:28:57"}
{"level":"info","message":"GET /api/v1/tags/47/usage 200 429 - 11.282 ms","service":"event-planner-api","timestamp":"2026-08-23 19:29:07"}
{"level":"info","message":"PUT /api/v1/tags/47 401 112 - 0.329 ms","service":"event-planner-api","timestamp":"2026-08-23 19:29:16"}
{"level":"info","message":"POST /api/v1/auth/refresh-token 200 734 - 18.647 ms","service":"event-planner-api","timestamp":"2026-08-23 19:29:16"}
{"level":"info","message":"PUT /api/v1/tags/47 200 130 - 14.843 ms","service":"event-planner-api","timestamp":"2026-08-23 19:29:16"}
{"level":"info","message":"GET /api/v1/tags 200 5141 - 3.749 ms","service":"event-planner-api","timestamp":"2026-08-23 19:29:16"}
{"level":"info","message":"GET /api/v1/events/metrics 304 - - 9.919 ms","service":"event-planner-api","timestamp":"2026-08-23 19:29:16"}
{"level":"info","message":"GET /api/v1/events?page=1&limit=9&search=&timeframe=all&event_type=all&sort_by=date 200 11343 - 10.185 ms","service":"event-planner-api","timestamp":"2026-08-23 19:29:16"}
{"level":"info","message":"GET /api/v1/events?page=1&limit=9&search=&timeframe=all&event_type=all&tag=bungi&sort_by=date 200 5446 - 10.487 ms","service":"event-planner-api","timestamp":"2026-08-23 19:29:19"}
{"level":"info","message":"GET /api/v1/tags/74/usage 200 302 - 4.708 ms","service":"event-planner-api","timestamp":"2026-08-23 19:29:37"}
{"level":"info","message":"GET /api/v1/tags/47/usage 200 429 - 5.660 ms","service":"event-planner-api","timestamp":"2026-08-23 19:29:59"}
{"level":"info","message":"POST /api/v1/2fa/setup 200 2903 - 51.017 ms","service":"event-planner-api","timestamp":"2026-08-23 19:31:21"}
{"level":"info","message":"POST /api/v1/2fa/enable 200 153 - 9.330 ms","service":"event-planner-api","timestamp":"2026-08-23 19:31:50"}
{"level":"info","message":"GET /api/v1/auth/profile 200 276 - 2.086 ms","service":"event-planner-api","timestamp":"2026-08-23 19:31:50"}
{"level":"info","message":"GET /api/v1/auth/profile 304 - - 2.130 ms","service":"event-planner-api","timestamp":"2026-08-23 19:31:50"}
{"level":"info","message":"POST /api/v1/auth/logout 200 98 - 6.281 ms","service":"event-planner-api","timestamp":"2026-08-23 19:31:53"}
{"level":"info","message":"GET /api/v1/tags 200 5141 - 6.794 ms","service":"event-planner-api","timestamp":"2026-08-23 19:31:54"}
{"level":"info","message":"GET /api/v1/events/metrics 304 - - 14.953 ms","service":"event-planner-api","timestamp":"2026-08-23 19:31:54"}
{"level":"info","message":"GET /api/v1/events?page=1&limit=9&search=&timeframe=all&event_type=all&sort_by=date 200 11499 - 13.871 ms","service":"event-planner-api","timestamp":"2026-08-23 19:31:54"}
{"level":"info","message":"GET /api/v1/tags 304 - - 3.435 ms","service":"event-planner-api","timestamp":"2026-08-23 19:31:54"}
{"level":"info","message":"GET /api/v1/events/metrics 304 - - 12.959 ms","service":"event-planner-api","timestamp":"2026-08-23 19:31:54"}
{"level":"info","message":"GET /api/v1/events?page=1&limit=9&search=&timeframe=all&event_type=all&sort_by=date 304 - - 12.950 ms","service":"event-planner-api","timestamp":"2026-08-23 19:31:54"}
{"level":"info","message":"POST /api/v1/auth/login 200 143 - 143.664 ms","service":"event-planner-api","timestamp":"2026-08-23 19:31:57"}
{"code":"INVALID_2FA_CODE","level":"error","message":"POST /api/v1/auth/login - Error: Invalid 2FA code. Please check your authenticator app.","service":"event-planner-api","stack":"Error: Invalid 2FA code. Please check your authenticator app.\n    at AuthService.login (/home/kritan/Documents/Personal Projects/lf_assessment/backend/src/services/auth.service.ts:101:28)\n    at login (/home/kritan/Documents/Personal Projects/lf_assessment/backend/src/controllers/auth.controller.ts:21:22)","statusCode":401,"timestamp":"2026-08-23 19:32:06"}
{"level":"info","message":"POST /api/v1/auth/login 401 441 - 146.604 ms","service":"event-planner-api","timestamp":"2026-08-23 19:32:06"}
{"level":"info","message":"POST /api/v1/auth/login 200 747 - 134.740 ms","service":"event-planner-api","timestamp":"2026-08-23 19:32:08"}
{"level":"info","message":"GET /api/v1/tags 200 5141 - 5.162 ms","service":"event-planner-api","timestamp":"2026-08-23 19:32:08"}
{"level":"info","message":"GET /api/v1/tags 304 - - 4.309 ms","service":"event-planner-api","timestamp":"2026-08-23 19:32:08"}
{"level":"info","message":"GET /api/v1/events?page=1&limit=9&search=&timeframe=all&event_type=all&sort_by=date 200 11343 - 15.158 ms","service":"event-planner-api","timestamp":"2026-08-23 19:32:08"}
{"level":"info","message":"GET /api/v1/events/metrics 304 - - 19.051 ms","service":"event-planner-api","timestamp":"2026-08-23 19:32:08"}
{"level":"info","message":"GET /api/v1/events?page=1&limit=9&search=&timeframe=all&event_type=all&sort_by=date 304 - - 11.165 ms","service":"event-planner-api","timestamp":"2026-08-23 19:32:08"}
{"level":"info","message":"GET /api/v1/events/metrics 304 - - 9.872 ms","service":"event-planner-api","timestamp":"2026-08-23 19:32:08"}
{"level":"info","message":"GET /api/v1/tags 304 - - 3.799 ms","service":"event-planner-api","timestamp":"2026-08-23 19:32:26"}
{"level":"info","message":"GET /api/v1/tags 304 - - 4.759 ms","service":"event-planner-api","timestamp":"2026-08-23 19:32:26"}
{"level":"info","message":"GET /api/v1/events/metrics 304 - - 13.978 ms","service":"event-planner-api","timestamp":"2026-08-23 19:32:26"}
{"level":"info","message":"GET /api/v1/events?page=1&limit=9&search=&timeframe=all&event_type=all&sort_by=date 304 - - 11.797 ms","service":"event-planner-api","timestamp":"2026-08-23 19:32:26"}
{"level":"info","message":"GET /api/v1/events/metrics 304 - - 10.560 ms","service":"event-planner-api","timestamp":"2026-08-23 19:32:26"}
{"level":"info","message":"GET /api/v1/events?page=1&limit=9&search=&timeframe=all&event_type=all&sort_by=date 304 - - 11.352 ms","service":"event-planner-api","timestamp":"2026-08-23 19:32:26"}
{"level":"info","message":"Starting Event Planning API server in development mode...","service":"event-planner-api","timestamp":"2026-08-24 10:01:49"}
{"level":"info","message":"✅ Database connected successfully (mysql2)","service":"event-planner-api","timestamp":"2026-08-24 10:01:49"}
{"level":"info","message":"🚀 Server running on http://localhost:5000","service":"event-planner-api","timestamp":"2026-08-24 10:01:49"}
{"level":"info","message":"📚 Swagger API Docs available at http://localhost:5000/api-docs","service":"event-planner-api","timestamp":"2026-08-24 10:01:49"}
{"level":"info","message":"⚡ API endpoints live at http://localhost:5000/api/v1","service":"event-planner-api","timestamp":"2026-08-24 10:01:49"}
{"level":"info","message":"GET /api/v1/auth/profile 401 112 - 2.472 ms","service":"event-planner-api","timestamp":"2026-08-24 10:01:52"}
{"level":"info","message":"GET /api/v1/auth/profile 401 112 - 0.655 ms","service":"event-planner-api","timestamp":"2026-08-24 10:01:52"}
{"level":"info","message":"GET /api/v1/tags 200 5141 - 52.682 ms","service":"event-planner-api","timestamp":"2026-08-24 10:01:52"}
{"level":"info","message":"GET /api/v1/events/metrics 304 - - 46.475 ms","service":"event-planner-api","timestamp":"2026-08-24 10:01:52"}
{"level":"info","message":"GET /api/v1/events?page=1&limit=9&search=&timeframe=all&event_type=all&sort_by=date 200 11497 - 50.372 ms","service":"event-planner-api","timestamp":"2026-08-24 10:01:52"}
{"level":"info","message":"GET /api/v1/tags 304 - - 6.533 ms","service":"event-planner-api","timestamp":"2026-08-24 10:01:52"}
{"level":"info","message":"GET /api/v1/events/metrics 304 - - 13.842 ms","service":"event-planner-api","timestamp":"2026-08-24 10:01:52"}
{"level":"info","message":"GET /api/v1/events?page=1&limit=9&search=&timeframe=all&event_type=all&sort_by=date 304 - - 15.891 ms","service":"event-planner-api","timestamp":"2026-08-24 10:01:52"}
{"level":"info","message":"POST /api/v1/auth/refresh-token 200 733 - 31.852 ms","service":"event-planner-api","timestamp":"2026-08-24 10:01:52"}
{"level":"info","message":"GET /api/v1/auth/profile 304 - - 3.569 ms","service":"event-planner-api","timestamp":"2026-08-24 10:01:52"}
{"level":"info","message":"GET /api/v1/auth/profile 304 - - 2.728 ms","service":"event-planner-api","timestamp":"2026-08-24 10:01:52"}
{"level":"info","message":"GET /api/v1/tags 200 5141 - 5.962 ms","service":"event-planner-api","timestamp":"2026-08-24 10:01:52"}
{"level":"info","message":"GET /api/v1/events/metrics 304 - - 13.540 ms","service":"event-planner-api","timestamp":"2026-08-24 10:01:52"}
{"level":"info","message":"GET /api/v1/events?page=1&limit=9&search=&timeframe=all&event_type=all&sort_by=date 200 11340 - 17.397 ms","service":"event-planner-api","timestamp":"2026-08-24 10:01:52"}
{"level":"info","message":"GET /api/v1/events?page=1&limit=9&search=&timeframe=all&event_type=all&tag=beta&sort_by=date 200 4759 - 16.121 ms","service":"event-planner-api","timestamp":"2026-08-24 10:02:15"}
{"level":"info","message":"GET /api/v1/tags/1/usage 200 630 - 11.207 ms","service":"event-planner-api","timestamp":"2026-08-24 10:03:03"}
{"level":"info","message":"GET /api/v1/events?page=1&limit=9&search=&timeframe=all&event_type=all&tag=Birthday&sort_by=date 200 6394 - 14.886 ms","service":"event-planner-api","timestamp":"2026-08-24 10:03:12"}
{"level":"info","message":"GET /api/v1/tags/1/usage 304 - - 8.280 ms","service":"event-planner-api","timestamp":"2026-08-24 10:03:18"}
{"level":"info","message":"PUT /api/v1/tags/1 200 140 - 14.117 ms","service":"event-planner-api","timestamp":"2026-08-24 10:03:25"}
{"level":"info","message":"GET /api/v1/tags 200 5149 - 5.800 ms","service":"event-planner-api","timestamp":"2026-08-24 10:03:25"}
{"level":"info","message":"GET /api/v1/events?page=1&limit=9&search=&timeframe=all&event_type=all&tag=Birthday&sort_by=date 200 161 - 11.776 ms","service":"event-planner-api","timestamp":"2026-08-24 10:03:25"}
{"level":"info","message":"GET /api/v1/events/metrics 304 - - 26.073 ms","service":"event-planner-api","timestamp":"2026-08-24 10:03:25"}
{"level":"info","message":"GET /api/v1/events?page=1&limit=9&search=&timeframe=all&event_type=all&tag=Birthday+is+near&sort_by=date 200 6418 - 19.690 ms","service":"event-planner-api","timestamp":"2026-08-24 10:03:25"}
{"level":"info","message":"GET /api/v1/events/3 200 1303 - 17.058 ms","service":"event-planner-api","timestamp":"2026-08-24 10:03:27"}
{"level":"info","message":"GET /api/v1/events/3 304 - - 14.940 ms","service":"event-planner-api","timestamp":"2026-08-24 10:03:27"}
{"level":"info","message":"GET /api/v1/tags 304 - - 5.088 ms","service":"event-planner-api","timestamp":"2026-08-24 10:03:30"}
{"level":"info","message":"GET /api/v1/tags 304 - - 7.548 ms","service":"event-planner-api","timestamp":"2026-08-24 10:03:30"}
{"level":"info","message":"GET /api/v1/events/metrics 304 - - 26.697 ms","service":"event-planner-api","timestamp":"2026-08-24 10:03:30"}
{"level":"info","message":"GET /api/v1/events?page=1&limit=9&search=&timeframe=all&event_type=all&sort_by=date 200 11356 - 27.515 ms","service":"event-planner-api","timestamp":"2026-08-24 10:03:30"}
{"level":"info","message":"GET /api/v1/events/metrics 304 - - 16.589 ms","service":"event-planner-api","timestamp":"2026-08-24 10:03:30"}
{"level":"info","message":"GET /api/v1/events?page=1&limit=9&search=&timeframe=all&event_type=all&sort_by=date 304 - - 16.719 ms","service":"event-planner-api","timestamp":"2026-08-24 10:03:30"}
{"level":"info","message":"GET /api/v1/tags/1/usage 200 638 - 11.347 ms","service":"event-planner-api","timestamp":"2026-08-24 10:03:33"}
{"level":"info","message":"DELETE /api/v1/tags/1 200 155 - 12.991 ms","service":"event-planner-api","timestamp":"2026-08-24 10:03:35"}
{"level":"info","message":"GET /api/v1/tags 200 5078 - 6.619 ms","service":"event-planner-api","timestamp":"2026-08-24 10:03:35"}
{"level":"info","message":"GET /api/v1/events/metrics 200 143 - 18.382 ms","service":"event-planner-api","timestamp":"2026-08-24 10:03:35"}
{"level":"info","message":"GET /api/v1/events?page=1&limit=9&search=&timeframe=all&event_type=all&sort_by=date 200 11244 - 19.499 ms","service":"event-planner-api","timestamp":"2026-08-24 10:03:35"}
{"level":"info","message":"GET /api/v1/tags?search=ali 200 5078 - 5.166 ms","service":"event-planner-api","timestamp":"2026-08-24 10:03:40"}
{"level":"info","message":"GET /api/v1/events?page=1&limit=9&search=ali&timeframe=all&event_type=all&sort_by=date 200 968 - 13.847 ms","service":"event-planner-api","timestamp":"2026-08-24 10:03:40"}
{"level":"info","message":"GET /api/v1/events/metrics 304 - - 11.431 ms","service":"event-planner-api","timestamp":"2026-08-24 10:03:40"}
{"level":"info","message":"GET /api/v1/events/3 200 1248 - 11.035 ms","service":"event-planner-api","timestamp":"2026-08-24 10:03:42"}
{"level":"info","message":"GET /api/v1/events/3 304 - - 11.652 ms","service":"event-planner-api","timestamp":"2026-08-24 10:03:42"}
{"level":"info","message":"GET /api/v1/tags 304 - - 7.470 ms","service":"event-planner-api","timestamp":"2026-08-24 10:04:02"}
{"level":"info","message":"GET /api/v1/events/metrics 304 - - 18.895 ms","service":"event-planner-api","timestamp":"2026-08-24 10:04:02"}
{"level":"info","message":"GET /api/v1/tags 304 - - 6.133 ms","service":"event-planner-api","timestamp":"2026-08-24 10:04:02"}
{"level":"info","message":"GET /api/v1/events?page=1&limit=9&search=&timeframe=all&event_type=all&sort_by=date 304 - - 28.322 ms","service":"event-planner-api","timestamp":"2026-08-24 10:04:02"}
{"level":"info","message":"GET /api/v1/events/metrics 304 - - 13.671 ms","service":"event-planner-api","timestamp":"2026-08-24 10:04:02"}
{"level":"info","message":"GET /api/v1/events?page=1&limit=9&search=&timeframe=all&event_type=all&sort_by=date 304 - - 13.887 ms","service":"event-planner-api","timestamp":"2026-08-24 10:04:02"}
{"level":"info","message":"GET /api/v1/events?page=1&limit=9&search=&timeframe=all&event_type=all&tag=bungi&sort_by=date 200 5397 - 13.433 ms","service":"event-planner-api","timestamp":"2026-08-24 10:05:42"}
{"level":"info","message":"GET /api/v1/events?page=1&limit=9&search=&timeframe=all&event_type=all&sort_by=date 304 - - 12.255 ms","service":"event-planner-api","timestamp":"2026-08-24 10:05:43"}
{"level":"info","message":"GET /api/v1/tags 304 - - 4.064 ms","service":"event-planner-api","timestamp":"2026-08-24 10:10:16"}
{"level":"info","message":"GET /api/v1/events?page=1&limit=9&search=&timeframe=all&event_type=all&sort_by=date 304 - - 15.202 ms","service":"event-planner-api","timestamp":"2026-08-24 10:10:16"}
{"level":"info","message":"GET /api/v1/events/metrics 304 - - 20.627 ms","service":"event-planner-api","timestamp":"2026-08-24 10:10:16"}
{"level":"info","message":"GET /api/v1/auth/profile 304 - - 8.402 ms","service":"event-planner-api","timestamp":"2026-08-24 10:10:16"}
{"level":"info","message":"GET /api/v1/tags 304 - - 4.993 ms","service":"event-planner-api","timestamp":"2026-08-24 10:10:16"}
{"level":"info","message":"GET /api/v1/auth/profile 304 - - 3.349 ms","service":"event-planner-api","timestamp":"2026-08-24 10:10:16"}
{"level":"info","message":"GET /api/v1/events?page=1&limit=9&search=&timeframe=all&event_type=all&sort_by=date 304 - - 13.751 ms","service":"event-planner-api","timestamp":"2026-08-24 10:10:16"}
{"level":"info","message":"GET /api/v1/events/metrics 304 - - 10.289 ms","service":"event-planner-api","timestamp":"2026-08-24 10:10:16"}
{"level":"info","message":"GET /api/v1/tags 304 - - 3.480 ms","service":"event-planner-api","timestamp":"2026-08-24 10:10:16"}
{"level":"info","message":"GET /api/v1/events/metrics 304 - - 10.270 ms","service":"event-planner-api","timestamp":"2026-08-24 10:10:16"}
{"level":"info","message":"GET /api/v1/events?page=1&limit=9&search=&timeframe=all&event_type=all&sort_by=date 304 - - 14.088 ms","service":"event-planner-api","timestamp":"2026-08-24 10:10:16"}
{"level":"info","message":"GET /api/v1/tags 200 5078 - 7.758 ms","service":"event-planner-api","timestamp":"2026-08-24 11:01:00"}
{"level":"info","message":"GET /api/v1/auth/profile 401 112 - 0.331 ms","service":"event-planner-api","timestamp":"2026-08-24 11:01:00"}
{"level":"info","message":"GET /api/v1/events/metrics 304 - - 18.423 ms","service":"event-planner-api","timestamp":"2026-08-24 11:01:00"}
{"level":"info","message":"GET /api/v1/events?page=1&limit=9&search=&timeframe=all&event_type=all&sort_by=date 200 11354 - 19.304 ms","service":"event-planner-api","timestamp":"2026-08-24 11:01:00"}
{"level":"info","message":"GET /api/v1/tags 304 - - 3.945 ms","service":"event-planner-api","timestamp":"2026-08-24 11:01:00"}
{"level":"info","message":"GET /api/v1/auth/profile 401 112 - 0.270 ms","service":"event-planner-api","timestamp":"2026-08-24 11:01:00"}
{"level":"info","message":"GET /api/v1/events/metrics 304 - - 9.070 ms","service":"event-planner-api","timestamp":"2026-08-24 11:01:00"}
{"level":"info","message":"GET /api/v1/events?page=1&limit=9&search=&timeframe=all&event_type=all&sort_by=date 304 - - 8.152 ms","service":"event-planner-api","timestamp":"2026-08-24 11:01:00"}
{"level":"info","message":"POST /api/v1/auth/refresh-token 200 733 - 15.775 ms","service":"event-planner-api","timestamp":"2026-08-24 11:01:01"}
{"level":"info","message":"GET /api/v1/auth/profile 304 - - 2.774 ms","service":"event-planner-api","timestamp":"2026-08-24 11:01:01"}
{"level":"info","message":"GET /api/v1/auth/profile 304 - - 2.141 ms","service":"event-planner-api","timestamp":"2026-08-24 11:01:01"}
{"level":"info","message":"GET /api/v1/tags 200 5078 - 5.332 ms","service":"event-planner-api","timestamp":"2026-08-24 11:01:01"}
{"level":"info","message":"GET /api/v1/events/metrics 304 - - 20.330 ms","service":"event-planner-api","timestamp":"2026-08-24 11:01:01"}
{"level":"info","message":"GET /api/v1/events?page=1&limit=9&search=&timeframe=all&event_type=all&sort_by=date 200 11244 - 21.793 ms","service":"event-planner-api","timestamp":"2026-08-24 11:01:01"}
{"level":"info","message":"GET /api/v1/tags 304 - - 4.243 ms","service":"event-planner-api","timestamp":"2026-08-24 11:01:50"}
{"level":"info","message":"GET /api/v1/events/metrics 304 - - 12.285 ms","service":"event-planner-api","timestamp":"2026-08-24 11:01:50"}
{"level":"info","message":"GET /api/v1/events?page=1&limit=9&search=&timeframe=all&event_type=all&sort_by=date 304 - - 12.032 ms","service":"event-planner-api","timestamp":"2026-08-24 11:01:50"}
{"level":"info","message":"GET /api/v1/auth/profile 304 - - 3.986 ms","service":"event-planner-api","timestamp":"2026-08-24 11:01:50"}
{"level":"info","message":"GET /api/v1/tags 304 - - 4.243 ms","service":"event-planner-api","timestamp":"2026-08-24 11:01:50"}
{"level":"info","message":"GET /api/v1/events/metrics 304 - - 12.585 ms","service":"event-planner-api","timestamp":"2026-08-24 11:01:50"}
{"level":"info","message":"GET /api/v1/auth/profile 304 - - 5.833 ms","service":"event-planner-api","timestamp":"2026-08-24 11:01:50"}
{"level":"info","message":"GET /api/v1/events?page=1&limit=9&search=&timeframe=all&event_type=all&sort_by=date 304 - - 13.341 ms","service":"event-planner-api","timestamp":"2026-08-24 11:01:50"}
{"level":"info","message":"GET /api/v1/tags 304 - - 5.224 ms","service":"event-planner-api","timestamp":"2026-08-24 11:01:51"}
{"level":"info","message":"GET /api/v1/events/metrics 304 - - 16.195 ms","service":"event-planner-api","timestamp":"2026-08-24 11:01:51"}
{"level":"info","message":"GET /api/v1/events?page=1&limit=9&search=&timeframe=all&event_type=all&sort_by=date 304 - - 16.419 ms","service":"event-planner-api","timestamp":"2026-08-24 11:01:51"}
{"level":"info","message":"GET /api/v1/events?timeframe=past&page=1&limit=10&sort_by=date&sort_order=desc 200 10230 - 9.796 ms","service":"event-planner-api","timestamp":"2026-08-24 11:02:28"}
{"level":"info","message":"GET /api/v1/events?timeframe=upcoming&page=1&limit=10&sort_by=date&sort_order=asc 200 2885 - 10.168 ms","service":"event-planner-api","timestamp":"2026-08-24 11:02:41"}
{"level":"info","message":"GET /api/v1/events?timeframe=upcoming&page=1&limit=10&sort_by=date&sort_order=asc 304 - - 10.763 ms","service":"event-planner-api","timestamp":"2026-08-24 11:02:52"}
{"level":"info","message":"GET /api/v1/events?timeframe=past&page=1&limit=10&sort_by=date&sort_order=desc 304 - - 11.028 ms","service":"event-planner-api","timestamp":"2026-08-24 11:02:56"}
{"level":"info","message":"GET /api/v1/tags 304 - - 2.924 ms","service":"event-planner-api","timestamp":"2026-08-24 11:03:00"}
{"level":"info","message":"GET /api/v1/tags 304 - - 3.115 ms","service":"event-planner-api","timestamp":"2026-08-24 11:03:00"}
{"level":"info","message":"POST /api/v1/events 201 904 - 24.407 ms","service":"event-planner-api","timestamp":"2026-08-24 11:03:29"}
{"level":"info","message":"GET /api/v1/tags 304 - - 3.313 ms","service":"event-planner-api","timestamp":"2026-08-24 11:03:30"}
{"level":"info","message":"GET /api/v1/events/metrics 200 143 - 9.507 ms","service":"event-planner-api","timestamp":"2026-08-24 11:03:30"}
{"level":"info","message":"GET /api/v1/events?page=1&limit=9&search=&timeframe=all&event_type=all&sort_by=date 200 10882 - 10.617 ms","service":"event-planner-api","timestamp":"2026-08-24 11:03:30"}
{"level":"info","message":"GET /api/v1/auth/profile 304 - - 2.673 ms","service":"event-planner-api","timestamp":"2026-08-24 11:03:30"}
{"level":"info","message":"GET /api/v1/auth/profile 304 - - 2.230 ms","service":"event-planner-api","timestamp":"2026-08-24 11:03:30"}
{"level":"info","message":"GET /api/v1/tags 304 - - 3.517 ms","service":"event-planner-api","timestamp":"2026-08-24 11:03:30"}
{"level":"info","message":"GET /api/v1/events/metrics 304 - - 8.953 ms","service":"event-planner-api","timestamp":"2026-08-24 11:03:30"}
{"level":"info","message":"GET /api/v1/events?page=1&limit=9&search=&timeframe=all&event_type=all&sort_by=date 304 - - 10.978 ms","service":"event-planner-api","timestamp":"2026-08-24 11:03:30"}
{"level":"info","message":"GET /api/v1/tags 304 - - 3.454 ms","service":"event-planner-api","timestamp":"2026-08-24 11:03:30"}
{"level":"info","message":"GET /api/v1/events/metrics 304 - - 11.739 ms","service":"event-planner-api","timestamp":"2026-08-24 11:03:30"}
{"level":"info","message":"GET /api/v1/events?page=1&limit=9&search=&timeframe=all&event_type=all&sort_by=date 304 - - 10.402 ms","service":"event-planner-api","timestamp":"2026-08-24 11:03:30"}
{"level":"info","message":"GET /api/v1/events?timeframe=upcoming&page=1&limit=10&sort_by=date&sort_order=asc 200 3538 - 8.899 ms","service":"event-planner-api","timestamp":"2026-08-24 11:03:43"}
{"level":"info","message":"GET /api/v1/tags 304 - - 2.713 ms","service":"event-planner-api","timestamp":"2026-08-24 11:03:45"}
{"level":"info","message":"GET /api/v1/tags 304 - - 3.408 ms","service":"event-planner-api","timestamp":"2026-08-24 11:03:45"}
{"level":"info","message":"POST /api/v1/events 201 906 - 14.721 ms","service":"event-planner-api","timestamp":"2026-08-24 11:03:56"}
{"level":"info","message":"GET /api/v1/tags 304 - - 6.105 ms","service":"event-planner-api","timestamp":"2026-08-24 11:03:56"}
{"level":"info","message":"GET /api/v1/auth/profile 304 - - 3.061 ms","service":"event-planner-api","timestamp":"2026-08-24 11:03:56"}
{"level":"info","message":"GET /api/v1/events?page=1&limit=9&search=&timeframe=all&event_type=all&sort_by=date 200 10882 - 16.394 ms","service":"event-planner-api","timestamp":"2026-08-24 11:03:56"}
{"level":"info","message":"GET /api/v1/events/metrics 200 143 - 18.707 ms","service":"event-planner-api","timestamp":"2026-08-24 11:03:56"}
{"level":"info","message":"GET /api/v1/tags 304 - - 3.388 ms","service":"event-planner-api","timestamp":"2026-08-24 11:03:56"}
{"level":"info","message":"GET /api/v1/auth/profile 304 - - 3.309 ms","service":"event-planner-api","timestamp":"2026-08-24 11:03:56"}
{"level":"info","message":"GET /api/v1/events?page=1&limit=9&search=&timeframe=all&event_type=all&sort_by=date 304 - - 10.645 ms","service":"event-planner-api","timestamp":"2026-08-24 11:03:56"}
{"level":"info","message":"GET /api/v1/events/metrics 304 - - 7.631 ms","service":"event-planner-api","timestamp":"2026-08-24 11:03:56"}
{"level":"info","message":"GET /api/v1/tags 304 - - 10.989 ms","service":"event-planner-api","timestamp":"2026-08-24 11:03:57"}
{"level":"info","message":"GET /api/v1/events/metrics 304 - - 16.138 ms","service":"event-planner-api","timestamp":"2026-08-24 11:03:57"}
{"level":"info","message":"GET /api/v1/events?page=1&limit=9&search=&timeframe=all&event_type=all&sort_by=date 304 - - 19.715 ms","service":"event-planner-api","timestamp":"2026-08-24 11:03:57"}
{"level":"info","message":"GET /api/v1/tags 304 - - 3.547 ms","service":"event-planner-api","timestamp":"2026-08-24 11:03:57"}
{"level":"info","message":"GET /api/v1/tags 304 - - 3.576 ms","service":"event-planner-api","timestamp":"2026-08-24 11:03:57"}
{"level":"info","message":"POST /api/v1/events 201 902 - 21.506 ms","service":"event-planner-api","timestamp":"2026-08-24 11:04:08"}
{"level":"info","message":"GET /api/v1/tags 304 - - 5.869 ms","service":"event-planner-api","timestamp":"2026-08-24 11:04:09"}
{"level":"info","message":"GET /api/v1/events/metrics 200 143 - 13.111 ms","service":"event-planner-api","timestamp":"2026-08-24 11:04:09"}
{"level":"info","message":"GET /api/v1/auth/profile 304 - - 4.333 ms","service":"event-planner-api","timestamp":"2026-08-24 11:04:09"}
{"level":"info","message":"GET /api/v1/events?page=1&limit=9&search=&timeframe=all&event_type=all&sort_by=date 200 10882 - 17.248 ms","service":"event-planner-api","timestamp":"2026-08-24 11:04:09"}
{"level":"info","message":"GET /api/v1/tags 304 - - 3.361 ms","service":"event-planner-api","timestamp":"2026-08-24 11:04:09"}
{"level":"info","message":"GET /api/v1/events/metrics 304 - - 7.553 ms","service":"event-planner-api","timestamp":"2026-08-24 11:04:09"}
{"level":"info","message":"GET /api/v1/auth/profile 304 - - 3.648 ms","service":"event-planner-api","timestamp":"2026-08-24 11:04:09"}
{"level":"info","message":"GET /api/v1/events?page=1&limit=9&search=&timeframe=all&event_type=all&sort_by=date 304 - - 10.663 ms","service":"event-planner-api","timestamp":"2026-08-24 11:04:09"}
{"level":"info","message":"GET /api/v1/tags 304 - - 3.929 ms","service":"event-planner-api","timestamp":"2026-08-24 11:04:09"}
{"level":"info","message":"GET /api/v1/events/metrics 304 - - 10.164 ms","service":"event-planner-api","timestamp":"2026-08-24 11:04:09"}
{"level":"info","message":"GET /api/v1/events?page=1&limit=9&search=&timeframe=all&event_type=all&sort_by=date 304 - - 14.933 ms","service":"event-planner-api","timestamp":"2026-08-24 11:04:09"}
{"level":"info","message":"GET /api/v1/events?timeframe=upcoming&page=1&limit=10&sort_by=date&sort_order=asc 200 4844 - 10.019 ms","service":"event-planner-api","timestamp":"2026-08-24 11:04:16"}
{"level":"info","message":"GET /api/v1/tags 304 - - 3.627 ms","service":"event-planner-api","timestamp":"2026-08-24 11:04:27"}
{"level":"info","message":"GET /api/v1/tags 304 - - 3.308 ms","service":"event-planner-api","timestamp":"2026-08-24 11:04:27"}
{"level":"info","message":"POST /api/v1/events 201 902 - 20.463 ms","service":"event-planner-api","timestamp":"2026-08-24 11:04:40"}
{"level":"info","message":"GET /api/v1/tags 304 - - 3.294 ms","service":"event-planner-api","timestamp":"2026-08-24 11:04:41"}
{"level":"info","message":"GET /api/v1/events/metrics 200 144 - 14.880 ms","service":"event-planner-api","timestamp":"2026-08-24 11:04:41"}
{"level":"info","message":"GET /api/v1/events?page=1&limit=9&search=&timeframe=all&event_type=all&sort_by=date 200 10882 - 16.277 ms","service":"event-planner-api","timestamp":"2026-08-24 11:04:41"}
{"level":"info","message":"GET /api/v1/auth/profile 304 - - 2.631 ms","service":"event-planner-api","timestamp":"2026-08-24 11:04:41"}
{"level":"info","message":"GET /api/v1/tags 304 - - 5.021 ms","service":"event-planner-api","timestamp":"2026-08-24 11:04:41"}
{"level":"info","message":"GET /api/v1/auth/profile 304 - - 6.648 ms","service":"event-planner-api","timestamp":"2026-08-24 11:04:41"}
{"level":"info","message":"GET /api/v1/events?page=1&limit=9&search=&timeframe=all&event_type=all&sort_by=date 304 - - 18.547 ms","service":"event-planner-api","timestamp":"2026-08-24 11:04:41"}
{"level":"info","message":"GET /api/v1/events/metrics 304 - - 16.146 ms","service":"event-planner-api","timestamp":"2026-08-24 11:04:41"}
{"level":"info","message":"GET /api/v1/tags 304 - - 4.293 ms","service":"event-planner-api","timestamp":"2026-08-24 11:04:41"}
{"level":"info","message":"GET /api/v1/events/metrics 304 - - 11.722 ms","service":"event-planner-api","timestamp":"2026-08-24 11:04:41"}
{"level":"info","message":"GET /api/v1/events?page=1&limit=9&search=&timeframe=all&event_type=all&sort_by=date 304 - - 13.630 ms","service":"event-planner-api","timestamp":"2026-08-24 11:04:41"}
{"level":"info","message":"GET /api/v1/tags 304 - - 3.352 ms","service":"event-planner-api","timestamp":"2026-08-24 11:04:44"}
{"level":"info","message":"GET /api/v1/tags 304 - - 2.851 ms","service":"event-planner-api","timestamp":"2026-08-24 11:04:44"}
{"level":"info","message":"POST /api/v1/events 201 892 - 16.173 ms","service":"event-planner-api","timestamp":"2026-08-24 11:04:57"}
{"level":"info","message":"GET /api/v1/tags 304 - - 5.286 ms","service":"event-planner-api","timestamp":"2026-08-24 11:04:57"}
{"level":"info","message":"GET /api/v1/events/metrics 200 144 - 10.291 ms","service":"event-planner-api","timestamp":"2026-08-24 11:04:57"}
{"level":"info","message":"GET /api/v1/events?page=1&limit=9&search=&timeframe=all&event_type=all&sort_by=date 200 10882 - 16.903 ms","service":"event-planner-api","timestamp":"2026-08-24 11:04:57"}
{"level":"info","message":"GET /api/v1/auth/profile 304 - - 4.393 ms","service":"event-planner-api","timestamp":"2026-08-24 11:04:57"}
{"level":"info","message":"GET /api/v1/tags 304 - - 4.571 ms","service":"event-planner-api","timestamp":"2026-08-24 11:04:57"}
{"level":"info","message":"GET /api/v1/auth/profile 304 - - 2.871 ms","service":"event-planner-api","timestamp":"2026-08-24 11:04:57"}
{"level":"info","message":"GET /api/v1/events/metrics 304 - - 14.034 ms","service":"event-planner-api","timestamp":"2026-08-24 11:04:57"}
{"level":"info","message":"GET /api/v1/events?page=1&limit=9&search=&timeframe=all&event_type=all&sort_by=date 304 - - 12.107 ms","service":"event-planner-api","timestamp":"2026-08-24 11:04:57"}
{"level":"info","message":"GET /api/v1/tags 304 - - 3.444 ms","service":"event-planner-api","timestamp":"2026-08-24 11:04:57"}
{"level":"info","message":"GET /api/v1/events/metrics 304 - - 15.607 ms","service":"event-planner-api","timestamp":"2026-08-24 11:04:58"}
{"level":"info","message":"GET /api/v1/events?page=1&limit=9&search=&timeframe=all&event_type=all&sort_by=date 304 - - 15.988 ms","service":"event-planner-api","timestamp":"2026-08-24 11:04:58"}
{"level":"info","message":"GET /api/v1/events?timeframe=upcoming&page=1&limit=10&sort_by=date&sort_order=asc 200 6136 - 9.542 ms","service":"event-planner-api","timestamp":"2026-08-24 11:04:58"}
{"level":"info","message":"GET /api/v1/tags 304 - - 2.851 ms","service":"event-planner-api","timestamp":"2026-08-24 11:05:05"}
{"level":"info","message":"GET /api/v1/tags 304 - - 2.946 ms","service":"event-planner-api","timestamp":"2026-08-24 11:05:05"}
{"level":"info","message":"POST /api/v1/events 201 892 - 17.511 ms","service":"event-planner-api","timestamp":"2026-08-24 11:05:15"}
{"level":"info","message":"GET /api/v1/tags 304 - - 5.422 ms","service":"event-planner-api","timestamp":"2026-08-24 11:05:15"}
{"level":"info","message":"GET /api/v1/events/metrics 200 144 - 9.230 ms","service":"event-planner-api","timestamp":"2026-08-24 11:05:15"}
{"level":"info","message":"GET /api/v1/events?page=1&limit=9&search=&timeframe=all&event_type=all&sort_by=date 200 10882 - 13.544 ms","service":"event-planner-api","timestamp":"2026-08-24 11:05:15"}
{"level":"info","message":"GET /api/v1/auth/profile 304 - - 4.128 ms","service":"event-planner-api","timestamp":"2026-08-24 11:05:15"}
{"level":"info","message":"GET /api/v1/tags 304 - - 5.062 ms","service":"event-planner-api","timestamp":"2026-08-24 11:05:15"}
{"level":"info","message":"GET /api/v1/auth/profile 304 - - 3.547 ms","service":"event-planner-api","timestamp":"2026-08-24 11:05:15"}
{"level":"info","message":"GET /api/v1/events/metrics 304 - - 17.015 ms","service":"event-planner-api","timestamp":"2026-08-24 11:05:15"}
{"level":"info","message":"GET /api/v1/events?page=1&limit=9&search=&timeframe=all&event_type=all&sort_by=date 304 - - 14.984 ms","service":"event-planner-api","timestamp":"2026-08-24 11:05:15"}
{"level":"info","message":"GET /api/v1/tags 304 - - 7.973 ms","service":"event-planner-api","timestamp":"2026-08-24 11:05:16"}
{"level":"info","message":"GET /api/v1/events/metrics 304 - - 15.572 ms","service":"event-planner-api","timestamp":"2026-08-24 11:05:16"}
{"level":"info","message":"GET /api/v1/events?page=1&limit=9&search=&timeframe=all&event_type=all&sort_by=date 304 - - 15.694 ms","service":"event-planner-api","timestamp":"2026-08-24 11:05:16"}
{"level":"info","message":"GET /api/v1/tags 304 - - 3.075 ms","service":"event-planner-api","timestamp":"2026-08-24 11:05:16"}
{"level":"info","message":"GET /api/v1/tags 304 - - 2.834 ms","service":"event-planner-api","timestamp":"2026-08-24 11:05:16"}
{"level":"info","message":"POST /api/v1/events 201 890 - 14.721 ms","service":"event-planner-api","timestamp":"2026-08-24 11:05:26"}
{"level":"info","message":"GET /api/v1/tags 304 - - 3.140 ms","service":"event-planner-api","timestamp":"2026-08-24 11:05:27"}
{"level":"info","message":"GET /api/v1/events/metrics 200 144 - 10.904 ms","service":"event-planner-api","timestamp":"2026-08-24 11:05:27"}
{"level":"info","message":"GET /api/v1/auth/profile 304 - - 2.931 ms","service":"event-planner-api","timestamp":"2026-08-24 11:05:27"}
{"level":"info","message":"GET /api/v1/events?page=1&limit=9&search=&timeframe=all&event_type=all&sort_by=date 200 10882 - 14.990 ms","service":"event-planner-api","timestamp":"2026-08-24 11:05:27"}
{"level":"info","message":"GET /api/v1/tags 304 - - 3.909 ms","service":"event-planner-api","timestamp":"2026-08-24 11:05:27"}
{"level":"info","message":"GET /api/v1/events/metrics 304 - - 9.206 ms","service":"event-planner-api","timestamp":"2026-08-24 11:05:27"}
{"level":"info","message":"GET /api/v1/auth/profile 304 - - 2.272 ms","service":"event-planner-api","timestamp":"2026-08-24 11:05:27"}
{"level":"info","message":"GET /api/v1/events?page=1&limit=9&search=&timeframe=all&event_type=all&sort_by=date 304 - - 11.071 ms","service":"event-planner-api","timestamp":"2026-08-24 11:05:27"}
{"level":"info","message":"GET /api/v1/tags 304 - - 6.387 ms","service":"event-planner-api","timestamp":"2026-08-24 11:05:27"}
{"level":"info","message":"GET /api/v1/events/metrics 304 - - 11.746 ms","service":"event-planner-api","timestamp":"2026-08-24 11:05:27"}
{"level":"info","message":"GET /api/v1/events?page=1&limit=9&search=&timeframe=all&event_type=all&sort_by=date 304 - - 17.448 ms","service":"event-planner-api","timestamp":"2026-08-24 11:05:27"}
{"level":"info","message":"GET /api/v1/events?timeframe=upcoming&page=1&limit=10&sort_by=date&sort_order=asc 200 7417 - 14.477 ms","service":"event-planner-api","timestamp":"2026-08-24 11:05:29"}
{"level":"info","message":"GET /api/v1/tags 200 5078 - 3.863 ms","service":"event-planner-api","timestamp":"2026-08-24 11:05:52"}
{"level":"info","message":"GET /api/v1/events/metrics 200 144 - 8.284 ms","service":"event-planner-api","timestamp":"2026-08-24 11:05:52"}
{"level":"info","message":"GET /api/v1/events?page=1&limit=9&search=&timeframe=all&event_type=all&sort_by=date 200 10882 - 12.518 ms","service":"event-planner-api","timestamp":"2026-08-24 11:05:52"}
{"level":"info","message":"GET /api/v1/auth/profile 200 276 - 2.037 ms","service":"event-planner-api","timestamp":"2026-08-24 11:05:52"}
{"level":"info","message":"GET /api/v1/tags 200 5078 - 6.295 ms","service":"event-planner-api","timestamp":"2026-08-24 11:05:52"}
{"level":"info","message":"GET /api/v1/auth/profile 200 276 - 3.260 ms","service":"event-planner-api","timestamp":"2026-08-24 11:05:52"}
{"level":"info","message":"GET /api/v1/events?page=1&limit=9&search=&timeframe=all&event_type=all&sort_by=date 200 10882 - 15.548 ms","service":"event-planner-api","timestamp":"2026-08-24 11:05:52"}
{"level":"info","message":"GET /api/v1/events/metrics 200 144 - 10.926 ms","service":"event-planner-api","timestamp":"2026-08-24 11:05:52"}
{"level":"info","message":"GET /api/v1/tags 200 5078 - 8.090 ms","service":"event-planner-api","timestamp":"2026-08-24 11:05:52"}
{"level":"info","message":"GET /api/v1/events/metrics 200 144 - 18.438 ms","service":"event-planner-api","timestamp":"2026-08-24 11:05:52"}
{"level":"info","message":"GET /api/v1/events?page=1&limit=9&search=&timeframe=all&event_type=all&sort_by=date 200 10882 - 19.208 ms","service":"event-planner-api","timestamp":"2026-08-24 11:05:52"}
{"level":"info","message":"GET /api/v1/tags 200 5078 - 3.505 ms","service":"event-planner-api","timestamp":"2026-08-24 11:05:52"}
{"level":"info","message":"GET /api/v1/events?page=1&limit=9&search=&timeframe=all&event_type=all&sort_by=date 200 10882 - 10.298 ms","service":"event-planner-api","timestamp":"2026-08-24 11:05:52"}
{"level":"info","message":"GET /api/v1/events/metrics 200 144 - 11.354 ms","service":"event-planner-api","timestamp":"2026-08-24 11:05:52"}
{"level":"info","message":"GET /api/v1/events?timeframe=upcoming&page=1&limit=10&sort_by=date&sort_order=asc 304 - - 9.399 ms","service":"event-planner-api","timestamp":"2026-08-24 11:05:55"}
{"level":"info","message":"GET /api/v1/events?timeframe=upcoming&page=1&limit=10&sort_by=date&sort_order=asc 304 - - 9.585 ms","service":"event-planner-api","timestamp":"2026-08-24 11:06:14"}
{"level":"info","message":"GET /api/v1/tags 304 - - 3.122 ms","service":"event-planner-api","timestamp":"2026-08-24 11:06:17"}
{"level":"info","message":"GET /api/v1/tags 304 - - 3.085 ms","service":"event-planner-api","timestamp":"2026-08-24 11:06:17"}
{"level":"info","message":"POST /api/v1/events 201 890 - 21.009 ms","service":"event-planner-api","timestamp":"2026-08-24 11:06:29"}
{"level":"info","message":"GET /api/v1/tags 304 - - 4.084 ms","service":"event-planner-api","timestamp":"2026-08-24 11:06:30"}
{"level":"info","message":"GET /api/v1/events/metrics 200 144 - 10.139 ms","service":"event-planner-api","timestamp":"2026-08-24 11:06:30"}
{"level":"info","message":"GET /api/v1/events?page=1&limit=9&search=&timeframe=all&event_type=all&sort_by=date 200 10882 - 11.801 ms","service":"event-planner-api","timestamp":"2026-08-24 11:06:30"}
{"level":"info","message":"GET /api/v1/auth/profile 304 - - 3.146 ms","service":"event-planner-api","timestamp":"2026-08-24 11:06:30"}
{"level":"info","message":"GET /api/v1/tags 304 - - 3.910 ms","service":"event-planner-api","timestamp":"2026-08-24 11:06:30"}
{"level":"info","message":"GET /api/v1/auth/profile 304 - - 4.352 ms","service":"event-planner-api","timestamp":"2026-08-24 11:06:30"}
{"level":"info","message":"GET /api/v1/events?page=1&limit=9&search=&timeframe=all&event_type=all&sort_by=date 304 - - 12.530 ms","service":"event-planner-api","timestamp":"2026-08-24 11:06:30"}
{"level":"info","message":"GET /api/v1/events/metrics 304 - - 12.270 ms","service":"event-planner-api","timestamp":"2026-08-24 11:06:30"}
{"level":"info","message":"GET /api/v1/tags 304 - - 4.864 ms","service":"event-planner-api","timestamp":"2026-08-24 11:06:30"}
{"level":"info","message":"GET /api/v1/events/metrics 304 - - 15.370 ms","service":"event-planner-api","timestamp":"2026-08-24 11:06:30"}
{"level":"info","message":"GET /api/v1/events?page=1&limit=9&search=&timeframe=all&event_type=all&sort_by=date 304 - - 12.411 ms","service":"event-planner-api","timestamp":"2026-08-24 11:06:30"}
{"level":"info","message":"GET /api/v1/tags 304 - - 3.150 ms","service":"event-planner-api","timestamp":"2026-08-24 11:06:31"}
{"level":"info","message":"GET /api/v1/tags 304 - - 2.943 ms","service":"event-planner-api","timestamp":"2026-08-24 11:06:31"}
{"level":"info","message":"POST /api/v1/events 201 895 - 16.995 ms","service":"event-planner-api","timestamp":"2026-08-24 11:06:40"}
{"level":"info","message":"GET /api/v1/tags 304 - - 4.893 ms","service":"event-planner-api","timestamp":"2026-08-24 11:06:41"}
{"level":"info","message":"GET /api/v1/events/metrics 200 144 - 11.746 ms","service":"event-planner-api","timestamp":"2026-08-24 11:06:41"}
{"level":"info","message":"GET /api/v1/events?page=1&limit=9&search=&timeframe=all&event_type=all&sort_by=date 200 10868 - 10.531 ms","service":"event-planner-api","timestamp":"2026-08-24 11:06:41"}
{"level":"info","message":"GET /api/v1/auth/profile 304 - - 2.001 ms","service":"event-planner-api","timestamp":"2026-08-24 11:06:41"}
{"level":"info","message":"GET /api/v1/tags 304 - - 3.287 ms","service":"event-planner-api","timestamp":"2026-08-24 11:06:41"}
{"level":"info","message":"GET /api/v1/auth/profile 304 - - 2.906 ms","service":"event-planner-api","timestamp":"2026-08-24 11:06:41"}
{"level":"info","message":"GET /api/v1/events/metrics 304 - - 13.312 ms","service":"event-planner-api","timestamp":"2026-08-24 11:06:41"}
{"level":"info","message":"GET /api/v1/events?page=1&limit=9&search=&timeframe=all&event_type=all&sort_by=date 304 - - 13.807 ms","service":"event-planner-api","timestamp":"2026-08-24 11:06:41"}
{"level":"info","message":"GET /api/v1/tags 304 - - 6.774 ms","service":"event-planner-api","timestamp":"2026-08-24 11:06:41"}
{"level":"info","message":"GET /api/v1/events/metrics 304 - - 13.158 ms","service":"event-planner-api","timestamp":"2026-08-24 11:06:41"}
{"level":"info","message":"GET /api/v1/events?page=1&limit=9&search=&timeframe=all&event_type=all&sort_by=date 304 - - 15.169 ms","service":"event-planner-api","timestamp":"2026-08-24 11:06:41"}
{"level":"info","message":"GET /api/v1/tags 304 - - 3.445 ms","service":"event-planner-api","timestamp":"2026-08-24 11:06:43"}
{"level":"info","message":"GET /api/v1/events/metrics 304 - - 9.145 ms","service":"event-planner-api","timestamp":"2026-08-24 11:06:43"}
{"level":"info","message":"GET /api/v1/auth/profile 304 - - 3.466 ms","service":"event-planner-api","timestamp":"2026-08-24 11:06:43"}
{"level":"info","message":"GET /api/v1/events?page=1&limit=9&search=&timeframe=all&event_type=all&sort_by=date 304 - - 15.105 ms","service":"event-planner-api","timestamp":"2026-08-24 11:06:43"}
{"level":"info","message":"GET /api/v1/tags 304 - - 4.600 ms","service":"event-planner-api","timestamp":"2026-08-24 11:06:43"}
{"level":"info","message":"GET /api/v1/auth/profile 304 - - 4.720 ms","service":"event-planner-api","timestamp":"2026-08-24 11:06:43"}
{"level":"info","message":"GET /api/v1/events/metrics 304 - - 13.139 ms","service":"event-planner-api","timestamp":"2026-08-24 11:06:43"}
{"level":"info","message":"GET /api/v1/events?page=1&limit=9&search=&timeframe=all&event_type=all&sort_by=date 304 - - 11.858 ms","service":"event-planner-api","timestamp":"2026-08-24 11:06:43"}
{"level":"info","message":"GET /api/v1/tags 304 - - 6.672 ms","service":"event-planner-api","timestamp":"2026-08-24 11:06:43"}
{"level":"info","message":"GET /api/v1/events/metrics 304 - - 13.776 ms","service":"event-planner-api","timestamp":"2026-08-24 11:06:43"}
{"level":"info","message":"GET /api/v1/events?page=1&limit=9&search=&timeframe=all&event_type=all&sort_by=date 304 - - 16.355 ms","service":"event-planner-api","timestamp":"2026-08-24 11:06:43"}
{"level":"info","message":"GET /api/v1/events?timeframe=upcoming&page=1&limit=10&sort_by=date&sort_order=asc 200 6990 - 8.937 ms","service":"event-planner-api","timestamp":"2026-08-24 11:06:45"}
{"level":"info","message":"GET /api/v1/events?timeframe=past&page=1&limit=10&sort_by=date&sort_order=desc 304 - - 9.670 ms","service":"event-planner-api","timestamp":"2026-08-24 11:06:58"}
{"level":"info","message":"GET /api/v1/events?timeframe=past&page=1&limit=10&sort_by=date&sort_order=desc 304 - - 9.048 ms","service":"event-planner-api","timestamp":"2026-08-24 11:07:13"}
{"level":"info","message":"GET /api/v1/events?timeframe=past&page=1&limit=10&sort_by=date&sort_order=desc 304 - - 10.367 ms","service":"event-planner-api","timestamp":"2026-08-24 11:07:16"}
{"level":"info","message":"GET /api/v1/events?timeframe=upcoming&page=1&limit=10&sort_by=date&sort_order=asc 304 - - 8.025 ms","service":"event-planner-api","timestamp":"2026-08-24 11:07:33"}
{"level":"info","message":"GET /api/v1/events?timeframe=upcoming&page=2&limit=10&sort_by=date&sort_order=asc 200 1870 - 9.150 ms","service":"event-planner-api","timestamp":"2026-08-24 11:07:35"}
{"level":"info","message":"GET /api/v1/events?timeframe=upcoming&page=2&limit=10&sort_by=date&sort_order=asc 304 - - 9.413 ms","service":"event-planner-api","timestamp":"2026-08-24 11:07:35"}
{"level":"info","message":"GET /api/v1/tags 304 - - 2.958 ms","service":"event-planner-api","timestamp":"2026-08-24 11:07:37"}
{"level":"info","message":"GET /api/v1/tags 304 - - 2.879 ms","service":"event-planner-api","timestamp":"2026-08-24 11:07:37"}
{"level":"info","message":"POST /api/v1/events 201 890 - 12.403 ms","service":"event-planner-api","timestamp":"2026-08-24 11:07:43"}
{"level":"info","message":"GET /api/v1/tags 304 - - 5.485 ms","service":"event-planner-api","timestamp":"2026-08-24 11:07:44"}
{"level":"info","message":"GET /api/v1/events/metrics 200 144 - 14.565 ms","service":"event-planner-api","timestamp":"2026-08-24 11:07:44"}
{"level":"info","message":"GET /api/v1/auth/profile 304 - - 2.103 ms","service":"event-planner-api","timestamp":"2026-08-24 11:07:44"}
{"level":"info","message":"GET /api/v1/events?page=1&limit=9&search=&timeframe=all&event_type=all&sort_by=date 200 10870 - 19.646 ms","service":"event-planner-api","timestamp":"2026-08-24 11:07:44"}
{"level":"info","message":"GET /api/v1/tags 304 - - 3.476 ms","service":"event-planner-api","timestamp":"2026-08-24 11:07:44"}
{"level":"info","message":"GET /api/v1/events/metrics 304 - - 10.520 ms","service":"event-planner-api","timestamp":"2026-08-24 11:07:44"}
{"level":"info","message":"GET /api/v1/events?page=1&limit=9&search=&timeframe=all&event_type=all&sort_by=date 304 - - 13.003 ms","service":"event-planner-api","timestamp":"2026-08-24 11:07:44"}
{"level":"info","message":"GET /api/v1/auth/profile 304 - - 2.944 ms","service":"event-planner-api","timestamp":"2026-08-24 11:07:44"}
{"level":"info","message":"GET /api/v1/tags 304 - - 8.951 ms","service":"event-planner-api","timestamp":"2026-08-24 11:07:44"}
{"level":"info","message":"GET /api/v1/events/metrics 304 - - 29.862 ms","service":"event-planner-api","timestamp":"2026-08-24 11:07:44"}
{"level":"info","message":"GET /api/v1/events?page=1&limit=9&search=&timeframe=all&event_type=all&sort_by=date 304 - - 32.331 ms","service":"event-planner-api","timestamp":"2026-08-24 11:07:44"}
{"level":"info","message":"GET /api/v1/tags 304 - - 3.851 ms","service":"event-planner-api","timestamp":"2026-08-24 11:07:45"}
{"level":"info","message":"GET /api/v1/tags 304 - - 2.612 ms","service":"event-planner-api","timestamp":"2026-08-24 11:07:45"}
{"level":"info","message":"POST /api/v1/events 201 891 - 13.644 ms","service":"event-planner-api","timestamp":"2026-08-24 11:07:53"}
{"level":"info","message":"GET /api/v1/tags 304 - - 4.608 ms","service":"event-planner-api","timestamp":"2026-08-24 11:07:54"}
{"level":"info","message":"GET /api/v1/events/metrics 200 144 - 13.008 ms","service":"event-planner-api","timestamp":"2026-08-24 11:07:54"}
{"level":"info","message":"GET /api/v1/auth/profile 304 - - 2.256 ms","service":"event-planner-api","timestamp":"2026-08-24 11:07:54"}
{"level":"info","message":"GET /api/v1/events?page=1&limit=9&search=&timeframe=all&event_type=all&sort_by=date 200 10868 - 16.749 ms","service":"event-planner-api","timestamp":"2026-08-24 11:07:54"}
{"level":"info","message":"GET /api/v1/tags 304 - - 3.476 ms","service":"event-planner-api","timestamp":"2026-08-24 11:07:54"}
{"level":"info","message":"GET /api/v1/events/metrics 304 - - 7.293 ms","service":"event-planner-api","timestamp":"2026-08-24 11:07:54"}
{"level":"info","message":"GET /api/v1/auth/profile 304 - - 2.485 ms","service":"event-planner-api","timestamp":"2026-08-24 11:07:54"}
{"level":"info","message":"GET /api/v1/events?page=1&limit=9&search=&timeframe=all&event_type=all&sort_by=date 304 - - 8.885 ms","service":"event-planner-api","timestamp":"2026-08-24 11:07:54"}
{"level":"info","message":"GET /api/v1/tags 304 - - 3.753 ms","service":"event-planner-api","timestamp":"2026-08-24 11:07:54"}
{"level":"info","message":"GET /api/v1/events/metrics 304 - - 9.963 ms","service":"event-planner-api","timestamp":"2026-08-24 11:07:54"}
{"level":"info","message":"GET /api/v1/events?page=1&limit=9&search=&timeframe=all&event_type=all&sort_by=date 304 - - 10.506 ms","service":"event-planner-api","timestamp":"2026-08-24 11:07:54"}
{"level":"info","message":"GET /api/v1/tags 304 - - 2.855 ms","service":"event-planner-api","timestamp":"2026-08-24 11:07:55"}
{"level":"info","message":"GET /api/v1/tags 304 - - 3.260 ms","service":"event-planner-api","timestamp":"2026-08-24 11:07:55"}
{"level":"info","message":"POST /api/v1/events 201 890 - 14.190 ms","service":"event-planner-api","timestamp":"2026-08-24 11:08:02"}
{"level":"info","message":"GET /api/v1/tags 304 - - 3.645 ms","service":"event-planner-api","timestamp":"2026-08-24 11:08:03"}
{"level":"info","message":"GET /api/v1/events/metrics 200 144 - 8.806 ms","service":"event-planner-api","timestamp":"2026-08-24 11:08:03"}
{"level":"info","message":"GET /api/v1/auth/profile 304 - - 3.800 ms","service":"event-planner-api","timestamp":"2026-08-24 11:08:03"}
{"level":"info","message":"GET /api/v1/events?page=1&limit=9&search=&timeframe=all&event_type=all&sort_by=date 200 10868 - 14.117 ms","service":"event-planner-api","timestamp":"2026-08-24 11:08:03"}
{"level":"info","message":"GET /api/v1/tags 304 - - 4.134 ms","service":"event-planner-api","timestamp":"2026-08-24 11:08:03"}
{"level":"info","message":"GET /api/v1/auth/profile 304 - - 3.058 ms","service":"event-planner-api","timestamp":"2026-08-24 11:08:03"}
{"level":"info","message":"GET /api/v1/events/metrics 304 - - 14.674 ms","service":"event-planner-api","timestamp":"2026-08-24 11:08:03"}
{"level":"info","message":"GET /api/v1/events?page=1&limit=9&search=&timeframe=all&event_type=all&sort_by=date 304 - - 13.171 ms","service":"event-planner-api","timestamp":"2026-08-24 11:08:03"}
{"level":"info","message":"GET /api/v1/tags 304 - - 5.437 ms","service":"event-planner-api","timestamp":"2026-08-24 11:08:03"}
{"level":"info","message":"GET /api/v1/events/metrics 304 - - 11.717 ms","service":"event-planner-api","timestamp":"2026-08-24 11:08:03"}
{"level":"info","message":"GET /api/v1/events?page=1&limit=9&search=&timeframe=all&event_type=all&sort_by=date 304 - - 14.024 ms","service":"event-planner-api","timestamp":"2026-08-24 11:08:03"}
{"level":"info","message":"GET /api/v1/tags 304 - - 2.875 ms","service":"event-planner-api","timestamp":"2026-08-24 11:08:04"}
{"level":"info","message":"GET /api/v1/tags 304 - - 3.274 ms","service":"event-planner-api","timestamp":"2026-08-24 11:08:04"}
{"level":"info","message":"POST /api/v1/events 201 890 - 15.932 ms","service":"event-planner-api","timestamp":"2026-08-24 11:08:10"}
{"level":"info","message":"GET /api/v1/tags 304 - - 3.805 ms","service":"event-planner-api","timestamp":"2026-08-24 11:08:10"}
{"level":"info","message":"GET /api/v1/events/metrics 200 144 - 13.748 ms","service":"event-planner-api","timestamp":"2026-08-24 11:08:10"}
{"level":"info","message":"GET /api/v1/auth/profile 304 - - 3.374 ms","service":"event-planner-api","timestamp":"2026-08-24 11:08:10"}
{"level":"info","message":"GET /api/v1/events?page=1&limit=9&search=&timeframe=all&event_type=all&sort_by=date 200 10868 - 17.811 ms","service":"event-planner-api","timestamp":"2026-08-24 11:08:10"}
{"level":"info","message":"GET /api/v1/tags 304 - - 4.685 ms","service":"event-planner-api","timestamp":"2026-08-24 11:08:10"}
{"level":"info","message":"GET /api/v1/events/metrics 304 - - 10.789 ms","service":"event-planner-api","timestamp":"2026-08-24 11:08:10"}
{"level":"info","message":"GET /api/v1/auth/profile 304 - - 3.313 ms","service":"event-planner-api","timestamp":"2026-08-24 11:08:10"}
{"level":"info","message":"GET /api/v1/events?page=1&limit=9&search=&timeframe=all&event_type=all&sort_by=date 304 - - 13.436 ms","service":"event-planner-api","timestamp":"2026-08-24 11:08:10"}
{"level":"info","message":"GET /api/v1/tags 304 - - 5.035 ms","service":"event-planner-api","timestamp":"2026-08-24 11:08:11"}
{"level":"info","message":"GET /api/v1/events/metrics 304 - - 13.114 ms","service":"event-planner-api","timestamp":"2026-08-24 11:08:11"}
{"level":"info","message":"GET /api/v1/events?page=1&limit=9&search=&timeframe=all&event_type=all&sort_by=date 304 - - 14.191 ms","service":"event-planner-api","timestamp":"2026-08-24 11:08:11"}
{"level":"info","message":"GET /api/v1/tags 304 - - 2.839 ms","service":"event-planner-api","timestamp":"2026-08-24 11:08:11"}
{"level":"info","message":"GET /api/v1/tags 304 - - 3.665 ms","service":"event-planner-api","timestamp":"2026-08-24 11:08:11"}
{"level":"info","message":"POST /api/v1/events 201 891 - 15.269 ms","service":"event-planner-api","timestamp":"2026-08-24 11:08:20"}
{"level":"info","message":"GET /api/v1/tags 304 - - 3.301 ms","service":"event-planner-api","timestamp":"2026-08-24 11:08:20"}
{"level":"info","message":"GET /api/v1/events/metrics 200 144 - 12.867 ms","service":"event-planner-api","timestamp":"2026-08-24 11:08:21"}
{"level":"info","message":"GET /api/v1/events?page=1&limit=9&search=&timeframe=all&event_type=all&sort_by=date 200 10868 - 13.320 ms","service":"event-planner-api","timestamp":"2026-08-24 11:08:21"}
{"level":"info","message":"GET /api/v1/auth/profile 304 - - 3.353 ms","service":"event-planner-api","timestamp":"2026-08-24 11:08:21"}
{"level":"info","message":"GET /api/v1/tags 304 - - 3.763 ms","service":"event-planner-api","timestamp":"2026-08-24 11:08:21"}
{"level":"info","message":"GET /api/v1/events/metrics 304 - - 11.295 ms","service":"event-planner-api","timestamp":"2026-08-24 11:08:21"}
{"level":"info","message":"GET /api/v1/auth/profile 304 - - 2.017 ms","service":"event-planner-api","timestamp":"2026-08-24 11:08:21"}
{"level":"info","message":"GET /api/v1/events?page=1&limit=9&search=&timeframe=all&event_type=all&sort_by=date 304 - - 11.903 ms","service":"event-planner-api","timestamp":"2026-08-24 11:08:21"}
{"level":"info","message":"GET /api/v1/tags 304 - - 4.589 ms","service":"event-planner-api","timestamp":"2026-08-24 11:08:21"}
{"level":"info","message":"GET /api/v1/events/metrics 304 - - 9.671 ms","service":"event-planner-api","timestamp":"2026-08-24 11:08:21"}
{"level":"info","message":"GET /api/v1/events?page=1&limit=9&search=&timeframe=all&event_type=all&sort_by=date 304 - - 9.593 ms","service":"event-planner-api","timestamp":"2026-08-24 11:08:21"}
{"level":"info","message":"GET /api/v1/tags 304 - - 3.181 ms","service":"event-planner-api","timestamp":"2026-08-24 11:08:21"}
{"level":"info","message":"GET /api/v1/tags 304 - - 2.831 ms","service":"event-planner-api","timestamp":"2026-08-24 11:08:21"}
{"level":"info","message":"POST /api/v1/events 201 890 - 13.858 ms","service":"event-planner-api","timestamp":"2026-08-24 11:08:30"}
{"level":"info","message":"GET /api/v1/tags 304 - - 3.364 ms","service":"event-planner-api","timestamp":"2026-08-24 11:08:31"}
{"level":"info","message":"GET /api/v1/events/metrics 200 144 - 12.258 ms","service":"event-planner-api","timestamp":"2026-08-24 11:08:31"}
{"level":"info","message":"GET /api/v1/events?page=1&limit=9&search=&timeframe=all&event_type=all&sort_by=date 200 10868 - 13.057 ms","service":"event-planner-api","timestamp":"2026-08-24 11:08:31"}
{"level":"info","message":"GET /api/v1/auth/profile 304 - - 5.706 ms","service":"event-planner-api","timestamp":"2026-08-24 11:08:31"}
{"level":"info","message":"GET /api/v1/tags 304 - - 3.317 ms","service":"event-planner-api","timestamp":"2026-08-24 11:08:31"}
{"level":"info","message":"GET /api/v1/events/metrics 304 - - 9.586 ms","service":"event-planner-api","timestamp":"2026-08-24 11:08:31"}
{"level":"info","message":"GET /api/v1/auth/profile 304 - - 3.055 ms","service":"event-planner-api","timestamp":"2026-08-24 11:08:31"}
{"level":"info","message":"GET /api/v1/events?page=1&limit=9&search=&timeframe=all&event_type=all&sort_by=date 304 - - 11.853 ms","service":"event-planner-api","timestamp":"2026-08-24 11:08:31"}
{"level":"info","message":"GET /api/v1/tags 304 - - 6.609 ms","service":"event-planner-api","timestamp":"2026-08-24 11:08:31"}
{"level":"info","message":"GET /api/v1/events/metrics 304 - - 13.183 ms","service":"event-planner-api","timestamp":"2026-08-24 11:08:31"}
{"level":"info","message":"GET /api/v1/events?page=1&limit=9&search=&timeframe=all&event_type=all&sort_by=date 304 - - 15.481 ms","service":"event-planner-api","timestamp":"2026-08-24 11:08:31"}
{"level":"info","message":"GET /api/v1/tags 304 - - 2.664 ms","service":"event-planner-api","timestamp":"2026-08-24 11:08:32"}
{"level":"info","message":"GET /api/v1/tags 304 - - 3.085 ms","service":"event-planner-api","timestamp":"2026-08-24 11:08:32"}
{"level":"info","message":"POST /api/v1/events 201 890 - 14.851 ms","service":"event-planner-api","timestamp":"2026-08-24 11:08:39"}
{"level":"info","message":"GET /api/v1/tags 304 - - 4.118 ms","service":"event-planner-api","timestamp":"2026-08-24 11:08:40"}
{"level":"info","message":"GET /api/v1/events/metrics 200 144 - 13.351 ms","service":"event-planner-api","timestamp":"2026-08-24 11:08:40"}
{"level":"info","message":"GET /api/v1/events?page=1&limit=9&search=&timeframe=all&event_type=all&sort_by=date 200 10873 - 12.473 ms","service":"event-planner-api","timestamp":"2026-08-24 11:08:40"}
{"level":"info","message":"GET /api/v1/auth/profile 304 - - 3.408 ms","service":"event-planner-api","timestamp":"2026-08-24 11:08:40"}
{"level":"info","message":"GET /api/v1/tags 304 - - 3.419 ms","service":"event-planner-api","timestamp":"2026-08-24 11:08:40"}
{"level":"info","message":"GET /api/v1/events/metrics 304 - - 8.530 ms","service":"event-planner-api","timestamp":"2026-08-24 11:08:40"}
{"level":"info","message":"GET /api/v1/auth/profile 304 - - 3.744 ms","service":"event-planner-api","timestamp":"2026-08-24 11:08:40"}
{"level":"info","message":"GET /api/v1/events?page=1&limit=9&search=&timeframe=all&event_type=all&sort_by=date 304 - - 10.033 ms","service":"event-planner-api","timestamp":"2026-08-24 11:08:40"}
{"level":"info","message":"GET /api/v1/tags 304 - - 9.678 ms","service":"event-planner-api","timestamp":"2026-08-24 11:08:40"}
{"level":"info","message":"GET /api/v1/events/metrics 304 - - 13.732 ms","service":"event-planner-api","timestamp":"2026-08-24 11:08:40"}
{"level":"info","message":"GET /api/v1/events?page=1&limit=9&search=&timeframe=all&event_type=all&sort_by=date 304 - - 15.804 ms","service":"event-planner-api","timestamp":"2026-08-24 11:08:40"}
{"level":"info","message":"GET /api/v1/events?timeframe=upcoming&page=1&limit=10&sort_by=date&sort_order=asc 200 6558 - 8.190 ms","service":"event-planner-api","timestamp":"2026-08-24 11:08:43"}
{"level":"info","message":"GET /api/v1/events?timeframe=upcoming&page=2&limit=10&sort_by=date&sort_order=asc 200 6777 - 8.393 ms","service":"event-planner-api","timestamp":"2026-08-24 11:08:51"}
{"level":"info","message":"GET /api/v1/tags 304 - - 2.726 ms","service":"event-planner-api","timestamp":"2026-08-24 11:09:13"}
{"level":"info","message":"GET /api/v1/tags 304 - - 3.308 ms","service":"event-planner-api","timestamp":"2026-08-24 11:09:13"}
